session_id,n_sent,mean_novelty,median_novelty,pct_high_novelty_(>0.8),longest_final_low_novelty_run,plot_path,examples_path
2021_04_23_MND_S1,387,0.778085742505852,0.9460859522223471,0.7131782945736435,3,/Users/maxchalekson/Projects/NICO-Research/NICO_human-gemini/Attempt_3-Shared-Agenda/Reports/2021_04_23_MND_S1_novelty.png,/Users/maxchalekson/Projects/NICO-Research/NICO_human-gemini/Attempt_3-Shared-Agenda/Reports/2021_04_23_MND_S1_examples.csv
2021_05_21_ABI_S4,622,0.788242356501796,0.9313083700835705,0.7202572347266881,2,/Users/maxchalekson/Projects/NICO-Research/NICO_human-gemini/Attempt_3-Shared-Agenda/Reports/2021_05_21_ABI_S4_novelty.png,/Users/maxchalekson/Projects/NICO-Research/NICO_human-gemini/Attempt_3-Shared-Agenda/Reports/2021_05_21_ABI_S4_examples.csv
2021_04_22_MND_S1,478,0.7872712033930834,0.927915547043085,0.7217573221757322,2,/Users/maxchalekson/Projects/NICO-Research/NICO_human-gemini/Attempt_3-Shared-Agenda/Reports/2021_04_22_MND_S1_novelty.png,/Users/maxchalekson/Projects/NICO-Research/NICO_human-gemini/Attempt_3-Shared-Agenda/Reports/2021_04_22_MND_S1_examples.csv
2021_05_21_ABI_S1,464,0.7261947527283689,0.891526598483324,0.6142241379310345,1,/Users/maxchalekson/Projects/NICO-Research/NICO_human-gemini/Attempt_3-Shared-Agenda/Reports/2021_05_21_ABI_S1_novelty.png,/Users/maxchalekson/Projects/NICO-Research/NICO_human-gemini/Attempt_3-Shared-Agenda/Reports/2021_05_21_ABI_S1_examples.csv
2021_04_23_MND_S11,487,0.7537764850151687,0.8982341289520264,0.6570841889117043,1,/Users/maxchalekson/Projects/NICO-Research/NICO_human-gemini/Attempt_3-Shared-Agenda/Reports/2021_04_23_MND_S11_novelty.png,/Users/maxchalekson/Projects/NICO-Research/NICO_human-gemini/Attempt_3-Shared-Agenda/Reports/2021_04_23_MND_S11_examples.csv
2021_05_20_ABI_S6,496,0.7479202893362878,0.9247981384396554,0.6673387096774194,1,/Users/maxchalekson/Projects/NICO-Research/NICO_human-gemini/Attempt_3-Shared-Agenda/Reports/2021_05_20_ABI_S6_novelty.png,/Users/maxchalekson/Projects/NICO-Research/NICO_human-gemini/Attempt_3-Shared-Agenda/Reports/2021_05_20_ABI_S6_examples.csv
2021_06_10_SLU_S4,621,0.7560407715591253,0.9162640273571014,0.6731078904991948,1,/Users/maxchalekson/Projects/NICO-Research/NICO_human-gemini/Attempt_3-Shared-Agenda/Reports/2021_06_10_SLU_S4_novelty.png,/Users/maxchalekson/Projects/NICO-Research/NICO_human-gemini/Attempt_3-Shared-Agenda/Reports/2021_06_10_SLU_S4_examples.csv
2021_06_11_SLU_S9,566,0.782417208110369,0.9131132401525974,0.676678445229682,1,/Users/maxchalekson/Projects/NICO-Research/NICO_human-gemini/Attempt_3-Shared-Agenda/Reports/2021_06_11_SLU_S9_novelty.png,/Users/maxchalekson/Projects/NICO-Research/NICO_human-gemini/Attempt_3-Shared-Agenda/Reports/2021_06_11_SLU_S9_examples.csv
2021_05_20_ABI_S7,469,0.8026273670502807,0.937407523393631,0.7292110874200426,1,/Users/maxchalekson/Projects/NICO-Research/NICO_human-gemini/Attempt_3-Shared-Agenda/Reports/2021_05_20_ABI_S7_novelty.png,/Users/maxchalekson/Projects/NICO-Research/NICO_human-gemini/Attempt_3-Shared-Agenda/Reports/2021_05_20_ABI_S7_examples.csv
2021_04_22_MND_S3,423,0.8169277802521988,0.9325310736894608,0.7375886524822695,1,/Users/maxchalekson/Projects/NICO-Research/NICO_human-gemini/Attempt_3-Shared-Agenda/Reports/2021_04_22_MND_S3_novelty.png,/Users/maxchalekson/Projects/NICO-Research/NICO_human-gemini/Attempt_3-Shared-Agenda/Reports/2021_04_22_MND_S3_examples.csv
2021_04_22_MND_S6,511,0.8129158687807206,0.9384895153343678,0.7436399217221135,1,/Users/maxchalekson/Projects/NICO-Research/NICO_human-gemini/Attempt_3-Shared-Agenda/Reports/2021_04_22_MND_S6_novelty.png,/Users/maxchalekson/Projects/NICO-Research/NICO_human-gemini/Attempt_3-Shared-Agenda/Reports/2021_04_22_MND_S6_examples.csv
2021_05_20_ABI_S4,526,0.8109793842350975,0.939974769949913,0.747148288973384,1,/Users/maxchalekson/Projects/NICO-Research/NICO_human-gemini/Attempt_3-Shared-Agenda/Reports/2021_05_20_ABI_S4_novelty.png,/Users/maxchalekson/Projects/NICO-Research/NICO_human-gemini/Attempt_3-Shared-Agenda/Reports/2021_05_20_ABI_S4_examples.csv
2021_06_10_SLU_S5,533,0.8185180030095017,0.937991626560688,0.7523452157598499,1,/Users/maxchalekson/Projects/NICO-Research/NICO_human-gemini/Attempt_3-Shared-Agenda/Reports/2021_06_10_SLU_S5_novelty.png,/Users/maxchalekson/Projects/NICO-Research/NICO_human-gemini/Attempt_3-Shared-Agenda/Reports/2021_06_10_SLU_S5_examples.csv
2021_06_10_SLU_S3,485,0.8204846475396987,0.9400013238191604,0.756701030927835,1,/Users/maxchalekson/Projects/NICO-Research/NICO_human-gemini/Attempt_3-Shared-Agenda/Reports/2021_06_10_SLU_S3_novelty.png,/Users/maxchalekson/Projects/NICO-Research/NICO_human-gemini/Attempt_3-Shared-Agenda/Reports/2021_06_10_SLU_S3_examples.csv
2021_05_21_ABI_S16,492,0.6716300637243084,0.8598912134766579,0.5833333333333334,0,/Users/maxchalekson/Projects/NICO-Research/NICO_human-gemini/Attempt_3-Shared-Agenda/Reports/2021_05_21_ABI_S16_novelty.png,/Users/maxchalekson/Projects/NICO-Research/NICO_human-gemini/Attempt_3-Shared-Agenda/Reports/2021_05_21_ABI_S16_examples.csv
2021_09_30_MZT_S2,318,0.7285148629280973,0.8901819176971912,0.5974842767295597,0,/Users/maxchalekson/Projects/NICO-Research/NICO_human-gemini/Attempt_3-Shared-Agenda/Reports/2021_09_30_MZT_S2_novelty.png,/Users/maxchalekson/Projects/NICO-Research/NICO_human-gemini/Attempt_3-Shared-Agenda/Reports/2021_09_30_MZT_S2_examples.csv
2021_09_30_MZT_S4,291,0.7200275792592666,0.9006263166666031,0.6082474226804123,0,/Users/maxchalekson/Projects/NICO-Research/NICO_human-gemini/Attempt_3-Shared-Agenda/Reports/2021_09_30_MZT_S4_novelty.png,/Users/maxchalekson/Projects/NICO-Research/NICO_human-gemini/Attempt_3-Shared-Agenda/Reports/2021_09_30_MZT_S4_examples.csv
2021_05_20_ABI_S8,564,0.6850179880192827,0.888980470597744,0.6117021276595744,0,/Users/maxchalekson/Projects/NICO-Research/NICO_human-gemini/Attempt_3-Shared-Agenda/Reports/2021_05_20_ABI_S8_novelty.png,/Users/maxchalekson/Projects/NICO-Research/NICO_human-gemini/Attempt_3-Shared-Agenda/Reports/2021_05_20_ABI_S8_examples.csv
2021_10_01_MZT_S1,424,0.7250168083896223,0.8762150630354881,0.6179245283018868,0,/Users/maxchalekson/Projects/NICO-Research/NICO_human-gemini/Attempt_3-Shared-Agenda/Reports/2021_10_01_MZT_S1_novelty.png,/Users/maxchalekson/Projects/NICO-Research/NICO_human-gemini/Attempt_3-Shared-Agenda/Reports/2021_10_01_MZT_S1_examples.csv
2021_04_23_MND_S2,503,0.7082251396941375,0.9078966453671456,0.6242544731610338,0,/Users/maxchalekson/Projects/NICO-Research/NICO_human-gemini/Attempt_3-Shared-Agenda/Reports/2021_04_23_MND_S2_novelty.png,/Users/maxchalekson/Projects/NICO-Research/NICO_human-gemini/Attempt_3-Shared-Agenda/Reports/2021_04_23_MND_S2_examples.csv
2021_04_23_MND_S14,487,0.7423491954353583,0.8924910202622414,0.6283367556468172,0,/Users/maxchalekson/Projects/NICO-Research/NICO_human-gemini/Attempt_3-Shared-Agenda/Reports/2021_04_23_MND_S14_novelty.png,/Users/maxchalekson/Projects/NICO-Research/NICO_human-gemini/Attempt_3-Shared-Agenda/Reports/2021_04_23_MND_S14_examples.csv
2021_04_23_MND_S15,487,0.7228823398098635,0.905749075114727,0.6303901437371663,0,/Users/maxchalekson/Projects/NICO-Research/NICO_human-gemini/Attempt_3-Shared-Agenda/Reports/2021_04_23_MND_S15_novelty.png,/Users/maxchalekson/Projects/NICO-Research/NICO_human-gemini/Attempt_3-Shared-Agenda/Reports/2021_04_23_MND_S15_examples.csv
2021_05_21_ABI_S6,560,0.7280549135768004,0.9088198877871037,0.6321428571428571,0,/Users/maxchalekson/Projects/NICO-Research/NICO_human-gemini/Attempt_3-Shared-Agenda/Reports/2021_05_21_ABI_S6_novelty.png,/Users/maxchalekson/Projects/NICO-Research/NICO_human-gemini/Attempt_3-Shared-Agenda/Reports/2021_05_21_ABI_S6_examples.csv
2021_06_11_SLU_S2,553,0.7259752745279086,0.9046206846833228,0.6383363471971067,0,/Users/maxchalekson/Projects/NICO-Research/NICO_human-gemini/Attempt_3-Shared-Agenda/Reports/2021_06_11_SLU_S2_novelty.png,/Users/maxchalekson/Projects/NICO-Research/NICO_human-gemini/Attempt_3-Shared-Agenda/Reports/2021_06_11_SLU_S2_examples.csv
2021_09_30_MZT_S7,1079,0.7412970391328384,0.908129945397377,0.6404077849860983,0,/Users/maxchalekson/Projects/NICO-Research/NICO_human-gemini/Attempt_3-Shared-Agenda/Reports/2021_09_30_MZT_S7_novelty.png,/Users/maxchalekson/Projects/NICO-Research/NICO_human-gemini/Attempt_3-Shared-Agenda/Reports/2021_09_30_MZT_S7_examples.csv
2021_05_21_ABI_S3,522,0.7424814469254374,0.9110184870660304,0.6475095785440613,0,/Users/maxchalekson/Projects/NICO-Research/NICO_human-gemini/Attempt_3-Shared-Agenda/Reports/2021_05_21_ABI_S3_novelty.png,/Users/maxchalekson/Projects/NICO-Research/NICO_human-gemini/Attempt_3-Shared-Agenda/Reports/2021_05_21_ABI_S3_examples.csv
2021_06_11_SLU_S1,612,0.766176413189813,0.9091876670718193,0.6535947712418301,0,/Users/maxchalekson/Projects/NICO-Research/NICO_human-gemini/Attempt_3-Shared-Agenda/Reports/2021_06_11_SLU_S1_novelty.png,/Users/maxchalekson/Projects/NICO-Research/NICO_human-gemini/Attempt_3-Shared-Agenda/Reports/2021_06_11_SLU_S1_examples.csv
2021_06_11_SLU_S12,566,0.7607961178585713,0.9184195399284363,0.6537102473498233,0,/Users/maxchalekson/Projects/NICO-Research/NICO_human-gemini/Attempt_3-Shared-Agenda/Reports/2021_06_11_SLU_S12_novelty.png,/Users/maxchalekson/Projects/NICO-Research/NICO_human-gemini/Attempt_3-Shared-Agenda/Reports/2021_06_11_SLU_S12_examples.csv
2021_04_23_MND_S13,506,0.7577172056843137,0.9215332269668579,0.6541501976284585,0,/Users/maxchalekson/Projects/NICO-Research/NICO_human-gemini/Attempt_3-Shared-Agenda/Reports/2021_04_23_MND_S13_novelty.png,/Users/maxchalekson/Projects/NICO-Research/NICO_human-gemini/Attempt_3-Shared-Agenda/Reports/2021_04_23_MND_S13_examples.csv
2021_04_23_MND_S6,509,0.7435797969975338,0.9243134185671806,0.6542239685658153,0,/Users/maxchalekson/Projects/NICO-Research/NICO_human-gemini/Attempt_3-Shared-Agenda/Reports/2021_04_23_MND_S6_novelty.png,/Users/maxchalekson/Projects/NICO-Research/NICO_human-gemini/Attempt_3-Shared-Agenda/Reports/2021_04_23_MND_S6_examples.csv
2021_05_20_ABI_S2,503,0.7327386643663493,0.905460812151432,0.658051689860835,0,/Users/maxchalekson/Projects/NICO-Research/NICO_human-gemini/Attempt_3-Shared-Agenda/Reports/2021_05_20_ABI_S2_novelty.png,/Users/maxchalekson/Projects/NICO-Research/NICO_human-gemini/Attempt_3-Shared-Agenda/Reports/2021_05_20_ABI_S2_examples.csv
2021_05_21_ABI_S5,602,0.7460524204512555,0.9129529409110546,0.6627906976744186,0,/Users/maxchalekson/Projects/NICO-Research/NICO_human-gemini/Attempt_3-Shared-Agenda/Reports/2021_05_21_ABI_S5_novelty.png,/Users/maxchalekson/Projects/NICO-Research/NICO_human-gemini/Attempt_3-Shared-Agenda/Reports/2021_05_21_ABI_S5_examples.csv
2021_10_01_MZT_S2,466,0.7424285999910712,0.9031900502741338,0.6673819742489271,0,/Users/maxchalekson/Projects/NICO-Research/NICO_human-gemini/Attempt_3-Shared-Agenda/Reports/2021_10_01_MZT_S2_novelty.png,/Users/maxchalekson/Projects/NICO-Research/NICO_human-gemini/Attempt_3-Shared-Agenda/Reports/2021_10_01_MZT_S2_examples.csv
2021_10_01_MZT_S7,410,0.7790954665052306,0.9086118154227734,0.6731707317073171,0,/Users/maxchalekson/Projects/NICO-Research/NICO_human-gemini/Attempt_3-Shared-Agenda/Reports/2021_10_01_MZT_S7_novelty.png,/Users/maxchalekson/Projects/NICO-Research/NICO_human-gemini/Attempt_3-Shared-Agenda/Reports/2021_10_01_MZT_S7_examples.csv
2021_06_11_SLU_S6,506,0.7612410316915802,0.9315877445042132,0.6778656126482213,0,/Users/maxchalekson/Projects/NICO-Research/NICO_human-gemini/Attempt_3-Shared-Agenda/Reports/2021_06_11_SLU_S6_novelty.png,/Users/maxchalekson/Projects/NICO-Research/NICO_human-gemini/Attempt_3-Shared-Agenda/Reports/2021_06_11_SLU_S6_examples.csv
2021_06_11_SLU_S5,507,0.7721846767961134,0.9052957445383072,0.6785009861932939,0,/Users/maxchalekson/Projects/NICO-Research/NICO_human-gemini/Attempt_3-Shared-Agenda/Reports/2021_06_11_SLU_S5_novelty.png,/Users/maxchalekson/Projects/NICO-Research/NICO_human-gemini/Attempt_3-Shared-Agenda/Reports/2021_06_11_SLU_S5_examples.csv
2021_04_23_MND_S7,521,0.7745256790256256,0.921239160001278,0.6813819577735125,0,/Users/maxchalekson/Projects/NICO-Research/NICO_human-gemini/Attempt_3-Shared-Agenda/Reports/2021_04_23_MND_S7_novelty.png,/Users/maxchalekson/Projects/NICO-Research/NICO_human-gemini/Attempt_3-Shared-Agenda/Reports/2021_04_23_MND_S7_examples.csv
2021_05_21_ABI_S14,412,0.7700655887435186,0.9229772388935089,0.6820388349514563,0,/Users/maxchalekson/Projects/NICO-Research/NICO_human-gemini/Attempt_3-Shared-Agenda/Reports/2021_05_21_ABI_S14_novelty.png,/Users/maxchalekson/Projects/NICO-Research/NICO_human-gemini/Attempt_3-Shared-Agenda/Reports/2021_05_21_ABI_S14_examples.csv
2021_10_01_MZT_S9,432,0.7726188750966685,0.9232151471078396,0.6828703703703703,0,/Users/maxchalekson/Projects/NICO-Research/NICO_human-gemini/Attempt_3-Shared-Agenda/Reports/2021_10_01_MZT_S9_novelty.png,/Users/maxchalekson/Projects/NICO-Research/NICO_human-gemini/Attempt_3-Shared-Agenda/Reports/2021_10_01_MZT_S9_examples.csv
2021_09_30_MZT_S5,332,0.7962207283392683,0.9171167761087418,0.6867469879518072,0,/Users/maxchalekson/Projects/NICO-Research/NICO_human-gemini/Attempt_3-Shared-Agenda/Reports/2021_09_30_MZT_S5_novelty.png,/Users/maxchalekson/Projects/NICO-Research/NICO_human-gemini/Attempt_3-Shared-Agenda/Reports/2021_09_30_MZT_S5_examples.csv
2021_05_21_ABI_S13,499,0.7586279804289914,0.926527552306652,0.6893787575150301,0,/Users/maxchalekson/Projects/NICO-Research/NICO_human-gemini/Attempt_3-Shared-Agenda/Reports/2021_05_21_ABI_S13_novelty.png,/Users/maxchalekson/Projects/NICO-Research/NICO_human-gemini/Attempt_3-Shared-Agenda/Reports/2021_05_21_ABI_S13_examples.csv
2021_06_11_SLU_S3,591,0.7732485870987511,0.9161897376179696,0.6903553299492385,0,/Users/maxchalekson/Projects/NICO-Research/NICO_human-gemini/Attempt_3-Shared-Agenda/Reports/2021_06_11_SLU_S3_novelty.png,/Users/maxchalekson/Projects/NICO-Research/NICO_human-gemini/Attempt_3-Shared-Agenda/Reports/2021_06_11_SLU_S3_examples.csv
2021_06_11_SLU_S8,577,0.7828406141596754,0.9211338609457016,0.6915077989601387,0,/Users/maxchalekson/Projects/NICO-Research/NICO_human-gemini/Attempt_3-Shared-Agenda/Reports/2021_06_11_SLU_S8_novelty.png,/Users/maxchalekson/Projects/NICO-Research/NICO_human-gemini/Attempt_3-Shared-Agenda/Reports/2021_06_11_SLU_S8_examples.csv
2021_06_11_SLU_S10,561,0.7729527093960867,0.9224542900919914,0.6916221033868093,0,/Users/maxchalekson/Projects/NICO-Research/NICO_human-gemini/Attempt_3-Shared-Agenda/Reports/2021_06_11_SLU_S10_novelty.png,/Users/maxchalekson/Projects/NICO-Research/NICO_human-gemini/Attempt_3-Shared-Agenda/Reports/2021_06_11_SLU_S10_examples.csv
2021_04_23_MND_S5,456,0.783273010488381,0.9128916151821613,0.6929824561403509,0,/Users/maxchalekson/Projects/NICO-Research/NICO_human-gemini/Attempt_3-Shared-Agenda/Reports/2021_04_23_MND_S5_novelty.png,/Users/maxchalekson/Projects/NICO-Research/NICO_human-gemini/Attempt_3-Shared-Agenda/Reports/2021_04_23_MND_S5_examples.csv
2021_04_22_MND_S8,98,0.8048971186247084,0.9530348312109709,0.6938775510204082,0,/Users/maxchalekson/Projects/NICO-Research/NICO_human-gemini/Attempt_3-Shared-Agenda/Reports/2021_04_22_MND_S8_novelty.png,/Users/maxchalekson/Projects/NICO-Research/NICO_human-gemini/Attempt_3-Shared-Agenda/Reports/2021_04_22_MND_S8_examples.csv
2021_04_23_MND_S10,486,0.7890762542721762,0.9253693334758282,0.6954732510288066,0,/Users/maxchalekson/Projects/NICO-Research/NICO_human-gemini/Attempt_3-Shared-Agenda/Reports/2021_04_23_MND_S10_novelty.png,/Users/maxchalekson/Projects/NICO-Research/NICO_human-gemini/Attempt_3-Shared-Agenda/Reports/2021_04_23_MND_S10_examples.csv
2021_06_11_SLU_S13,464,0.7965621798290974,0.9114652685821056,0.6961206896551724,0,/Users/maxchalekson/Projects/NICO-Research/NICO_human-gemini/Attempt_3-Shared-Agenda/Reports/2021_06_11_SLU_S13_novelty.png,/Users/maxchalekson/Projects/NICO-Research/NICO_human-gemini/Attempt_3-Shared-Agenda/Reports/2021_06_11_SLU_S13_examples.csv
2021_04_23_MND_S3,369,0.7851105020206414,0.932769887149334,0.6964769647696477,0,/Users/maxchalekson/Projects/NICO-Research/NICO_human-gemini/Attempt_3-Shared-Agenda/Reports/2021_04_23_MND_S3_novelty.png,/Users/maxchalekson/Projects/NICO-Research/NICO_human-gemini/Attempt_3-Shared-Agenda/Reports/2021_04_23_MND_S3_examples.csv
2021_05_21_ABI_S10,488,0.7717540121108167,0.9358350224792957,0.6967213114754098,0,/Users/maxchalekson/Projects/NICO-Research/NICO_human-gemini/Attempt_3-Shared-Agenda/Reports/2021_05_21_ABI_S10_novelty.png,/Users/maxchalekson/Projects/NICO-Research/NICO_human-gemini/Attempt_3-Shared-Agenda/Reports/2021_05_21_ABI_S10_examples.csv
2021_04_22_MND_S5,553,0.78347338494806,0.9332639276981354,0.6980108499095841,0,/Users/maxchalekson/Projects/NICO-Research/NICO_human-gemini/Attempt_3-Shared-Agenda/Reports/2021_04_22_MND_S5_novelty.png,/Users/maxchalekson/Projects/NICO-Research/NICO_human-gemini/Attempt_3-Shared-Agenda/Reports/2021_04_22_MND_S5_examples.csv
2021_05_20_ABI_S1,250,0.800861130552832,0.9265518523752689,0.7,0,/Users/maxchalekson/Projects/NICO-Research/NICO_human-gemini/Attempt_3-Shared-Agenda/Reports/2021_05_20_ABI_S1_novelty.png,/Users/maxchalekson/Projects/NICO-Research/NICO_human-gemini/Attempt_3-Shared-Agenda/Reports/2021_05_20_ABI_S1_examples.csv
2021_04_22_MND_S7,371,0.7825042226212475,0.9219573959708214,0.7008086253369272,0,/Users/maxchalekson/Projects/NICO-Research/NICO_human-gemini/Attempt_3-Shared-Agenda/Reports/2021_04_22_MND_S7_novelty.png,/Users/maxchalekson/Projects/NICO-Research/NICO_human-gemini/Attempt_3-Shared-Agenda/Reports/2021_04_22_MND_S7_examples.csv
2021_04_22_MND_S4,522,0.7692472307138383,0.9330561980605125,0.7126436781609196,0,/Users/maxchalekson/Projects/NICO-Research/NICO_human-gemini/Attempt_3-Shared-Agenda/Reports/2021_04_22_MND_S4_novelty.png,/Users/maxchalekson/Projects/NICO-Research/NICO_human-gemini/Attempt_3-Shared-Agenda/Reports/2021_04_22_MND_S4_examples.csv
2021_05_21_ABI_S8,640,0.7957392692534085,0.9408155977725983,0.715625,0,/Users/maxchalekson/Projects/NICO-Research/NICO_human-gemini/Attempt_3-Shared-Agenda/Reports/2021_05_21_ABI_S8_novelty.png,/Users/maxchalekson/Projects/NICO-Research/NICO_human-gemini/Attempt_3-Shared-Agenda/Reports/2021_05_21_ABI_S8_examples.csv
2021_06_10_SLU_S1,503,0.7928699950977353,0.9267835840582848,0.7176938369781312,0,/Users/maxchalekson/Projects/NICO-Research/NICO_human-gemini/Attempt_3-Shared-Agenda/Reports/2021_06_10_SLU_S1_novelty.png,/Users/maxchalekson/Projects/NICO-Research/NICO_human-gemini/Attempt_3-Shared-Agenda/Reports/2021_06_10_SLU_S1_examples.csv
2021_04_23_MND_S4,125,0.8122898142393679,0.9330954179167747,0.72,0,/Users/maxchalekson/Projects/NICO-Research/NICO_human-gemini/Attempt_3-Shared-Agenda/Reports/2021_04_23_MND_S4_novelty.png,/Users/maxchalekson/Projects/NICO-Research/NICO_human-gemini/Attempt_3-Shared-Agenda/Reports/2021_04_23_MND_S4_examples.csv
2021_06_10_SLU_S6,550,0.8095094311967577,0.9300033673644066,0.7218181818181818,0,/Users/maxchalekson/Projects/NICO-Research/NICO_human-gemini/Attempt_3-Shared-Agenda/Reports/2021_06_10_SLU_S6_novelty.png,/Users/maxchalekson/Projects/NICO-Research/NICO_human-gemini/Attempt_3-Shared-Agenda/Reports/2021_06_10_SLU_S6_examples.csv
2021_10_01_MZT_S4,543,0.801052133910659,0.935232140123844,0.7237569060773481,0,/Users/maxchalekson/Projects/NICO-Research/NICO_human-gemini/Attempt_3-Shared-Agenda/Reports/2021_10_01_MZT_S4_novelty.png,/Users/maxchalekson/Projects/NICO-Research/NICO_human-gemini/Attempt_3-Shared-Agenda/Reports/2021_10_01_MZT_S4_examples.csv
2021_05_21_ABI_S11,464,0.7967458511815619,0.9372746460139751,0.7241379310344828,0,/Users/maxchalekson/Projects/NICO-Research/NICO_human-gemini/Attempt_3-Shared-Agenda/Reports/2021_05_21_ABI_S11_novelty.png,/Users/maxchalekson/Projects/NICO-Research/NICO_human-gemini/Attempt_3-Shared-Agenda/Reports/2021_05_21_ABI_S11_examples.csv
2021_06_11_SLU_S11,480,0.7969561641194256,0.9337848015129566,0.7270833333333333,0,/Users/maxchalekson/Projects/NICO-Research/NICO_human-gemini/Attempt_3-Shared-Agenda/Reports/2021_06_11_SLU_S11_novelty.png,/Users/maxchalekson/Projects/NICO-Research/NICO_human-gemini/Attempt_3-Shared-Agenda/Reports/2021_06_11_SLU_S11_examples.csv
2021_05_20_ABI_S5,513,0.7909076802012035,0.9248309805989264,0.7290448343079922,0,/Users/maxchalekson/Projects/NICO-Research/NICO_human-gemini/Attempt_3-Shared-Agenda/Reports/2021_05_20_ABI_S5_novelty.png,/Users/maxchalekson/Projects/NICO-Research/NICO_human-gemini/Attempt_3-Shared-Agenda/Reports/2021_05_20_ABI_S5_examples.csv
2021_05_21_ABI_S9,459,0.8068604898897217,0.9375775381922722,0.7342047930283224,0,/Users/maxchalekson/Projects/NICO-Research/NICO_human-gemini/Attempt_3-Shared-Agenda/Reports/2021_05_21_ABI_S9_novelty.png,/Users/maxchalekson/Projects/NICO-Research/NICO_human-gemini/Attempt_3-Shared-Agenda/Reports/2021_05_21_ABI_S9_examples.csv
2021_06_11_SLU_S7,485,0.8144532100836381,0.9312642589211464,0.7360824742268042,0,/Users/maxchalekson/Projects/NICO-Research/NICO_human-gemini/Attempt_3-Shared-Agenda/Reports/2021_06_11_SLU_S7_novelty.png,/Users/maxchalekson/Projects/NICO-Research/NICO_human-gemini/Attempt_3-Shared-Agenda/Reports/2021_06_11_SLU_S7_examples.csv
2021_06_11_SLU_S4,502,0.8003403415283804,0.9330093488097191,0.7370517928286853,0,/Users/maxchalekson/Projects/NICO-Research/NICO_human-gemini/Attempt_3-Shared-Agenda/Reports/2021_06_11_SLU_S4_novelty.png,/Users/maxchalekson/Projects/NICO-Research/NICO_human-gemini/Attempt_3-Shared-Agenda/Reports/2021_06_11_SLU_S4_examples.csv
2021_05_21_ABI_S15,495,0.7966585544390707,0.9325225353240968,0.7393939393939394,0,/Users/maxchalekson/Projects/NICO-Research/NICO_human-gemini/Attempt_3-Shared-Agenda/Reports/2021_05_21_ABI_S15_novelty.png,/Users/maxchalekson/Projects/NICO-Research/NICO_human-gemini/Attempt_3-Shared-Agenda/Reports/2021_05_21_ABI_S15_examples.csv
2021_10_01_MZT_S8,403,0.8290211657676314,0.9304449930787086,0.739454094292804,0,/Users/maxchalekson/Projects/NICO-Research/NICO_human-gemini/Attempt_3-Shared-Agenda/Reports/2021_10_01_MZT_S8_novelty.png,/Users/maxchalekson/Projects/NICO-Research/NICO_human-gemini/Attempt_3-Shared-Agenda/Reports/2021_10_01_MZT_S8_examples.csv
2021_06_10_SLU_S2,453,0.8148477841988432,0.9434216357767582,0.739514348785872,0,/Users/maxchalekson/Projects/NICO-Research/NICO_human-gemini/Attempt_3-Shared-Agenda/Reports/2021_06_10_SLU_S2_novelty.png,/Users/maxchalekson/Projects/NICO-Research/NICO_human-gemini/Attempt_3-Shared-Agenda/Reports/2021_06_10_SLU_S2_examples.csv
2021_05_21_ABI_S7,484,0.811102364895012,0.9429242555052042,0.743801652892562,0,/Users/maxchalekson/Projects/NICO-Research/NICO_human-gemini/Attempt_3-Shared-Agenda/Reports/2021_05_21_ABI_S7_novelty.png,/Users/maxchalekson/Projects/NICO-Research/NICO_human-gemini/Attempt_3-Shared-Agenda/Reports/2021_05_21_ABI_S7_examples.csv
2021_05_21_ABI_S12,557,0.8025988545996109,0.9340490400791168,0.7450628366247756,0,/Users/maxchalekson/Projects/NICO-Research/NICO_human-gemini/Attempt_3-Shared-Agenda/Reports/2021_05_21_ABI_S12_novelty.png,/Users/maxchalekson/Projects/NICO-Research/NICO_human-gemini/Attempt_3-Shared-Agenda/Reports/2021_05_21_ABI_S12_examples.csv
2021_10_01_MZT_S3,639,0.8171572328907881,0.9355858787894248,0.7480438184663537,0,/Users/maxchalekson/Projects/NICO-Research/NICO_human-gemini/Attempt_3-Shared-Agenda/Reports/2021_10_01_MZT_S3_novelty.png,/Users/maxchalekson/Projects/NICO-Research/NICO_human-gemini/Attempt_3-Shared-Agenda/Reports/2021_10_01_MZT_S3_examples.csv
2021_05_21_ABI_S2,501,0.8248313314392011,0.9466692954301834,0.7504990019960079,0,/Users/maxchalekson/Projects/NICO-Research/NICO_human-gemini/Attempt_3-Shared-Agenda/Reports/2021_05_21_ABI_S2_novelty.png,/Users/maxchalekson/Projects/NICO-Research/NICO_human-gemini/Attempt_3-Shared-Agenda/Reports/2021_05_21_ABI_S2_examples.csv
2021_09_30_MZT_S3,310,0.8105171958320669,0.9383634272962809,0.7516129032258064,0,/Users/maxchalekson/Projects/NICO-Research/NICO_human-gemini/Attempt_3-Shared-Agenda/Reports/2021_09_30_MZT_S3_novelty.png,/Users/maxchalekson/Projects/NICO-Research/NICO_human-gemini/Attempt_3-Shared-Agenda/Reports/2021_09_30_MZT_S3_examples.csv
2021_04_23_MND_S12,486,0.8309755506758806,0.9347085393965244,0.7530864197530864,0,/Users/maxchalekson/Projects/NICO-Research/NICO_human-gemini/Attempt_3-Shared-Agenda/Reports/2021_04_23_MND_S12_novelty.png,/Users/maxchalekson/Projects/NICO-Research/NICO_human-gemini/Attempt_3-Shared-Agenda/Reports/2021_04_23_MND_S12_examples.csv
2021_09_30_MZT_S6,79,0.852307756407823,0.9545570723712444,0.759493670886076,0,/Users/maxchalekson/Projects/NICO-Research/NICO_human-gemini/Attempt_3-Shared-Agenda/Reports/2021_09_30_MZT_S6_novelty.png,/Users/maxchalekson/Projects/NICO-Research/NICO_human-gemini/Attempt_3-Shared-Agenda/Reports/2021_09_30_MZT_S6_examples.csv
2021_06_10_SLU_S7,562,0.8312920817914352,0.9362474679946899,0.7597864768683275,0,/Users/maxchalekson/Projects/NICO-Research/NICO_human-gemini/Attempt_3-Shared-Agenda/Reports/2021_06_10_SLU_S7_novelty.png,/Users/maxchalekson/Projects/NICO-Research/NICO_human-gemini/Attempt_3-Shared-Agenda/Reports/2021_06_10_SLU_S7_examples.csv
2021_04_23_MND_S8,444,0.8151187307196344,0.9447389263659716,0.7612612612612613,0,/Users/maxchalekson/Projects/NICO-Research/NICO_human-gemini/Attempt_3-Shared-Agenda/Reports/2021_04_23_MND_S8_novelty.png,/Users/maxchalekson/Projects/NICO-Research/NICO_human-gemini/Attempt_3-Shared-Agenda/Reports/2021_04_23_MND_S8_examples.csv
2021_04_23_MND_S16,165,0.8123872675241507,0.951996423304081,0.7636363636363637,0,/Users/maxchalekson/Projects/NICO-Research/NICO_human-gemini/Attempt_3-Shared-Agenda/Reports/2021_04_23_MND_S16_novelty.png,/Users/maxchalekson/Projects/NICO-Research/NICO_human-gemini/Attempt_3-Shared-Agenda/Reports/2021_04_23_MND_S16_examples.csv
2021_05_20_ABI_S3,448,0.8247630510398137,0.9513568747788668,0.7678571428571429,0,/Users/maxchalekson/Projects/NICO-Research/NICO_human-gemini/Attempt_3-Shared-Agenda/Reports/2021_05_20_ABI_S3_novelty.png,/Users/maxchalekson/Projects/NICO-Research/NICO_human-gemini/Attempt_3-Shared-Agenda/Reports/2021_05_20_ABI_S3_examples.csv
2021_04_23_MND_S9,121,0.8120207449706072,0.9232907816767691,0.768595041322314,0,/Users/maxchalekson/Projects/NICO-Research/NICO_human-gemini/Attempt_3-Shared-Agenda/Reports/2021_04_23_MND_S9_novelty.png,/Users/maxchalekson/Projects/NICO-Research/NICO_human-gemini/Attempt_3-Shared-Agenda/Reports/2021_04_23_MND_S9_examples.csv
2021_10_01_MZT_S11,374,0.8283863398220009,0.9514608196914196,0.7834224598930482,0,/Users/maxchalekson/Projects/NICO-Research/NICO_human-gemini/Attempt_3-Shared-Agenda/Reports/2021_10_01_MZT_S11_novelty.png,/Users/maxchalekson/Projects/NICO-Research/NICO_human-gemini/Attempt_3-Shared-Agenda/Reports/2021_10_01_MZT_S11_examples.csv
2021_04_22_MND_S2,1,1.0,1.0,1.0,0,/Users/maxchalekson/Projects/NICO-Research/NICO_human-gemini/Attempt_3-Shared-Agenda/Reports/2021_04_22_MND_S2_novelty.png,/Users/maxchalekson/Projects/NICO-Research/NICO_human-gemini/Attempt_3-Shared-Agenda/Reports/2021_04_22_MND_S2_examples.csv
