conference,session,center_time_sec,speaker,sent_time_sec,sentence,annotations,rx_decision,rx_assign,rx_summarize,decision_composite,rel_sec
2021_06_10_SLU_S1,2021_06_10_SLU_S1,720.6235721703011,Niki Parenteau,700.9017059301381,"But what you can do instead is go to areas where ancient rocks are exposed, um recently exposed.","[{'expand on existing idea': 'The speaker builds on the previous discussion about underground deposits by suggesting kerogen as an alternative to oil and mentioning its presence on Mars.'}, {'explain or define term or concept': 'The speaker explains what kerogen is, describing it as a more solid form of carbon and a complex material.'}, {'propose decision': 'The speaker proposes to look for kerogen in areas where ancient rocks are exposed, such as meter craters and impact sites, as an alternative to drilling.'}]",False,False,False,False,-19.72186624016308
2021_06_10_SLU_S1,2021_06_10_SLU_S1,720.6235721703011,Jeffrey Marlow,701.715909090909,"Um, one is this yeah, the idea of like um, ratios of elements, how universal those could be.","[{'summarize discussion': {'explanation': 'Jeffrey is summarizing the key discussion points to report out, as requested by Richard and Niki in the previous utterances.'}}]",False,False,True,False,-18.907663079392137
2021_06_10_SLU_S1,2021_06_10_SLU_S1,720.6235721703011,Jay Forsythe(he/him),701.9847553479224,"But there are different structural isomers of amino acids and in some amino acids, you know, like like ones that have longer carbon chains are like much way more upregulated than others, right?","[{'explain or define term or concept': 'Jay explains how the history of a meteorite, including heating and melting cycles, affects the organic compounds detected, and also explains the structural isomers of amino acids.', 'provide supporting evidence': 'Jay provides supporting evidence by mentioning the Murchison meteorite and how the alpha amino acids are upregulated in that meteorite relative to other structural isomers.', 'expand on existing idea': 'Jay expands on the idea of delivery versus destruction of building blocks by discussing the limitations of sample preparation techniques and analytical instrumentation used on extraterrestrial rovers, highlighting the complexity of organic analysis.', 'express enthusiasm': 'Jay expresses enthusiasm for the Benu sample return mission, highlighting its potential for in-depth analysis of organic content.'}]",False,False,False,False,-18.63881682237877
2021_06_10_SLU_S1,2021_06_10_SLU_S1,720.6235721703011,Niki Parenteau,703.5283540802213,"So you first have to characterize the habitability and and think about it in a more in a broader sense and then, you know, focus a little bit more on on life detection.","{'acknowledge contribution': {'Explanation': 'Niki acknowledges the previous speaker\'s contribution by saying ""No, that\'s good. Thank you.""'}, 'expand on existing idea': {'Explanation': 'Niki builds on the discussion about habitability by suggesting that considering elemental requirements can broaden the characterization of habitability, which then informs target selection for life detection.'}}",False,False,False,False,-17.09521809007981
2021_06_10_SLU_S1,2021_06_10_SLU_S1,720.6235721703011,Jeffrey Marlow,707.8005050505051,Interesting links between analog environments and experimentation.,"[{'summarize discussion': {'explanation': 'Jeffrey is summarizing the key discussion points to report out, as requested by Richard and Niki in the previous utterances.'}}]",False,False,True,False,-12.823067119796065
2021_06_10_SLU_S1,2021_06_10_SLU_S1,720.6235721703011,Niki Parenteau,708.4626320064988,"So you can look at meter um craters, you know, impacts, things where things have um areas where things have been excavated.","[{'expand on existing idea': 'The speaker builds on the previous discussion about underground deposits by suggesting kerogen as an alternative to oil and mentioning its presence on Mars.'}, {'explain or define term or concept': 'The speaker explains what kerogen is, describing it as a more solid form of carbon and a complex material.'}, {'propose decision': 'The speaker proposes to look for kerogen in areas where ancient rocks are exposed, such as meter craters and impact sites, as an alternative to drilling.'}]",False,False,False,False,-12.160940163802366
2021_06_10_SLU_S1,2021_06_10_SLU_S1,720.6235721703011,Niki Parenteau,708.8787878787879,"So I'll let you go ahead and get that set up and while uh Jeff is doing that, why don't we go ahead and go around the room and and do another brief introduction.","{'assign task': 'Niki assigns Jeff the task of setting up the Google Doc for recording notes.', 'encourage particpatioin': 'Niki encourages participation by suggesting that everyone introduce themselves and their specialty areas.'}",True,True,False,True,-11.74478429151327
2021_06_10_SLU_S1,2021_06_10_SLU_S1,720.6235721703011,Niki Parenteau,708.9363762102352,Um,"{'acknowledge contribution': {'Explanation': 'Niki acknowledges the previous speaker\'s contribution by saying ""No, that\'s good. Thank you.""'}, 'expand on existing idea': {'Explanation': 'Niki builds on the discussion about habitability by suggesting that considering elemental requirements can broaden the characterization of habitability, which then informs target selection for life detection.'}}",False,False,False,False,-11.687195960065992
2021_06_10_SLU_S1,2021_06_10_SLU_S1,720.6235721703011,Jeffrey Marlow,711.0353535353535,That's number one.,"[{'summarize discussion': {'explanation': 'Jeffrey is summarizing the key discussion points to report out, as requested by Richard and Niki in the previous utterances.'}}]",False,False,True,False,-9.58821863494768
2021_06_10_SLU_S1,2021_06_10_SLU_S1,720.6235721703011,Smadar Naoz,713.8457943925234,"about temperature, I wonder if we if we're also, I mean, there are other contributions for temperature apart from how close a planet is to a star, right?","[{'present new idea': 'The speaker introduces the idea that tidal effects and the environment of free-floating planets can contribute to temperature, which is an alternative to the common focus on proximity to a star.'}, {'expand on existing idea': 'The speaker expands on the discussion about temperature as a factor for habitability by suggesting tidal effects from exomoons and the environment of free-floating planets as additional factors influencing temperature.'}]",True,False,False,False,-6.777777777777715
2021_06_10_SLU_S1,2021_06_10_SLU_S1,720.6235721703011,Niki Parenteau,714.4008935824533,"Um, so it's it is a possibility to look for that.","[{'expand on existing idea': 'The speaker builds on the previous discussion about underground deposits by suggesting kerogen as an alternative to oil and mentioning its presence on Mars.'}, {'explain or define term or concept': 'The speaker explains what kerogen is, describing it as a more solid form of carbon and a complex material.'}, {'propose decision': 'The speaker proposes to look for kerogen in areas where ancient rocks are exposed, such as meter craters and impact sites, as an alternative to drilling.'}]",False,False,False,False,-6.222678587847895
2021_06_10_SLU_S1,2021_06_10_SLU_S1,720.6235721703011,Jeffrey Marlow,716.4652777777778,"Number two, um, are perhaps uh, over focus on oxygen in the past, um, and maybe looking at different elements or nutrients.","[{'summarize discussion': {'explanation': 'Jeffrey is summarizing the key discussion points to report out, as requested by Richard and Niki in the previous utterances.'}}]",False,False,True,False,-4.158294392523317
2021_06_10_SLU_S1,2021_06_10_SLU_S1,720.6235721703011,Jay Forsythe(he/him),716.5035652815343,"Um, the for example like Murchison one of the reasons why that caught so much attention one one it was like really the first study but also a lot of the like alpha amino acids that we use in our proteins um are pretty upregulated in that one relative to some of the other structural isomers.","[{'explain or define term or concept': 'Jay explains how the history of a meteorite, including heating and melting cycles, affects the organic compounds detected, and also explains the structural isomers of amino acids.', 'provide supporting evidence': 'Jay provides supporting evidence by mentioning the Murchison meteorite and how the alpha amino acids are upregulated in that meteorite relative to other structural isomers.', 'expand on existing idea': 'Jay expands on the idea of delivery versus destruction of building blocks by discussing the limitations of sample preparation techniques and analytical instrumentation used on extraterrestrial rovers, highlighting the complexity of organic analysis.', 'express enthusiasm': 'Jay expresses enthusiasm for the Benu sample return mission, highlighting its potential for in-depth analysis of organic content.'}]",True,False,False,False,-4.120006888766852
2021_06_10_SLU_S1,2021_06_10_SLU_S1,720.6235721703011,Niki Parenteau,718.8787878787879,"And um, as Richard said, we'll kind of keep it brief, but it'd be helpful to know, you know, who you are, your name, where you work and and kind of your specialty areas.","{'assign task': 'Niki assigns Jeff the task of setting up the Google Doc for recording notes.', 'encourage particpatioin': 'Niki encourages participation by suggesting that everyone introduce themselves and their specialty areas.'}",False,True,False,False,-1.7447842915132696
2021_06_10_SLU_S1,2021_06_10_SLU_S1,720.6235721703011,Niki Parenteau,720.5463038180342,"Um, but again, it might be difficult uh to put it in the in the framework that Vicky was talking about assessing false positives.","[{'expand on existing idea': 'The speaker builds on the previous discussion about underground deposits by suggesting kerogen as an alternative to oil and mentioning its presence on Mars.'}, {'explain or define term or concept': 'The speaker explains what kerogen is, describing it as a more solid form of carbon and a complex material.'}, {'propose decision': 'The speaker proposes to look for kerogen in areas where ancient rocks are exposed, such as meter craters and impact sites, as an alternative to drilling.'}]",False,False,False,False,-0.0772683522669694
2021_06_10_SLU_S1,2021_06_10_SLU_S1,720.6235721703011,Smadar Naoz,720.6235721703011,So we can have um tidal effects that will contribute to this.,"[{'present new idea': 'The speaker introduces the idea that tidal effects and the environment of free-floating planets can contribute to temperature, which is an alternative to the common focus on proximity to a star.'}, {'expand on existing idea': 'The speaker expands on the discussion about temperature as a factor for habitability by suggesting tidal effects from exomoons and the environment of free-floating planets as additional factors influencing temperature.'}]",True,False,True,True,0.0
2021_06_10_SLU_S1,2021_06_10_SLU_S1,720.6235721703011,Noah Planavsky,720.6678700361011,You have actual empirical records of it and then you you have of course record in in life itself of of what would be limiting the scope of the of the biosphere.,"{'expand on existing idea': ""Noah expands on Rika's idea about nutrient availability driving complex life by emphasizing the importance of figuring out the size of the biosphere in the past."", 'express enthusiasm': 'Noah expresses enthusiasm about discussing ways to find evidence of extreme phosphorus limitation in molecular records.', 'provide supporting evidence': ""Noah suggests that geochemical records, mass-balanced Earth system models, and records in life itself can provide evidence for what limits the biosphere's scope.""}",False,False,False,False,0.0442978657999901
2021_06_10_SLU_S1,2021_06_10_SLU_S1,720.6235721703011,Solange Duhamel,720.9941860465117,"So I think thinking of both the microbes, their processes but also their environments, everything is tied together which is also a difficulty because uh part of it is can you mimic that in the lab and uh how can how much can you simplify without losing important components that would uh artificially drive your results towards uh the wrong answer.","[{'explain or define term or concept': 'The speaker explains that the redfield ratio may be difficult to predict in early earth conditions because the current oxygenated world differs significantly, especially regarding phosphorus assimilation, from the reduced environments of early earth.'}, {'expand on existing idea': 'The speaker expands on the discussion about universal composition of life by suggesting that to understand the redfield ratio in early Earth, we need to study organisms in reduced environments similar to early Earth, highlighting the difficulty of mimicking these conditions in the lab without losing important components.'}]",False,True,False,False,0.3706138762105411
2021_06_10_SLU_S1,2021_06_10_SLU_S1,720.6235721703011,Jeffrey Marlow,724.2443181818181,"Um, this idea of meteorites as net positive or net negative impacts in general.","[{'summarize discussion': {'explanation': 'Jeffrey is summarizing the key discussion points to report out, as requested by Richard and Niki in the previous utterances.'}}]",False,False,True,False,3.620746011516985
2021_06_10_SLU_S1,2021_06_10_SLU_S1,720.6235721703011,Niki Parenteau,726.5,So anybody else want to jump in on that?,"{'encourage particpatioin': 'Niki is inviting others to participate in the introductions, as she asks if anyone else wants to jump in.'}",False,False,False,False,5.876427829698855
2021_06_10_SLU_S1,2021_06_10_SLU_S1,720.6235721703011,Jay Forsythe(he/him),727.9926235554462,"But there are other there are other meteorites where it's like the complete opposite, right?","[{'explain or define term or concept': 'Jay explains how the history of a meteorite, including heating and melting cycles, affects the organic compounds detected, and also explains the structural isomers of amino acids.', 'provide supporting evidence': 'Jay provides supporting evidence by mentioning the Murchison meteorite and how the alpha amino acids are upregulated in that meteorite relative to other structural isomers.', 'expand on existing idea': 'Jay expands on the idea of delivery versus destruction of building blocks by discussing the limitations of sample preparation techniques and analytical instrumentation used on extraterrestrial rovers, highlighting the complexity of organic analysis.', 'express enthusiasm': 'Jay expresses enthusiasm for the Benu sample return mission, highlighting its potential for in-depth analysis of organic content.'}]",False,False,False,False,7.369051385145099
2021_06_10_SLU_S1,2021_06_10_SLU_S1,720.6235721703011,Smadar Naoz,728.3515057113189,"So that puts into play exomoons, for example, if there is a moon very near uh you know, orbiting a a giant planet that can be very near a giant planet and can be an interesting thing.","[{'present new idea': 'The speaker introduces the idea that tidal effects and the environment of free-floating planets can contribute to temperature, which is an alternative to the common focus on proximity to a star.'}, {'expand on existing idea': 'The speaker expands on the discussion about temperature as a factor for habitability by suggesting tidal effects from exomoons and the environment of free-floating planets as additional factors influencing temperature.'}]",False,False,False,False,7.7279335410177055
2021_06_10_SLU_S1,2021_06_10_SLU_S1,720.6235721703011,Morgan Raven,731.2363636363636,"Along those lines, one random thought that's come up a lot for me this morning and thinking about these sort of deep time limiting nutrients is just how universal even their identity would be.","{'present new idea': ""Morgan introduces a new idea about questioning the universality of limiting nutrients like phosphorus, nitrogen, and iron, and whether their importance is fundamental or a quirk of Earth's specific mineral composition, which hasn't been discussed before."", 'ask clarifying question': 'Morgan ends the utterance by asking if others have considered this idea before, seeking to understand if this perspective has been previously explored by the group.'}",False,False,False,False,10.612791466062504
2021_06_10_SLU_S1,2021_06_10_SLU_S1,720.6235721703011,Stilianos Louca,732.9342560553633,"Well, I can start, I guess.","[{'explain or define term or concept': 'Stilianos explains his background and current research focus, including areas like microbial ecology, evolution, sequencing techniques, and phylogenomics, to provide context for his expertise.'}, {'assign task': 'Stilianos asks Jeff to share the link to the document so that others can contribute, assigning Jeff the task of sharing the document.'}, {'encourage particpatioin': 'Stilianos suggests that others contribute to the document if Jeff misses something, encouraging participation from the group.'}]",False,True,False,False,12.31068388506219
2021_06_10_SLU_S1,2021_06_10_SLU_S1,720.6235721703011,Jeffrey Marlow,734.0643939393939,"Uh, and then maybe I think we've come back to this a couple times of like structure, compartmentalization, um, if it's necessary, if it's diagnostic um, in terms of complexity.","[{'summarize discussion': {'explanation': 'Jeffrey is summarizing the key discussion points to report out, as requested by Richard and Niki in the previous utterances.'}}]",False,False,True,False,13.440821769092736
2021_06_10_SLU_S1,2021_06_10_SLU_S1,720.6235721703011,Smadar Naoz,735.2559709241953,Um and also the environment itself.,"[{'present new idea': 'The speaker introduces the idea that tidal effects and the environment of free-floating planets can contribute to temperature, which is an alternative to the common focus on proximity to a star.'}, {'expand on existing idea': 'The speaker expands on the discussion about temperature as a factor for habitability by suggesting tidal effects from exomoons and the environment of free-floating planets as additional factors influencing temperature.'}]",False,False,False,False,14.632398753894108
2021_06_10_SLU_S1,2021_06_10_SLU_S1,720.6235721703011,Stilianos Louca,736.0484429065743,"Um, I'm Stilianos Louca, uh short you can just call me Stilian.","[{'explain or define term or concept': 'Stilianos explains his background and current research focus, including areas like microbial ecology, evolution, sequencing techniques, and phylogenomics, to provide context for his expertise.'}, {'assign task': 'Stilianos asks Jeff to share the link to the document so that others can contribute, assigning Jeff the task of sharing the document.'}, {'encourage particpatioin': 'Stilianos suggests that others contribute to the document if Jeff misses something, encouraging participation from the group.'}]",False,True,False,False,15.424870736273192
2021_06_10_SLU_S1,2021_06_10_SLU_S1,720.6235721703011,Niki Parenteau,736.3552631578948,question?,"[{'encourage particpatioin': 'Niki encourages someone to speak, indicating she wants to hear their thoughts.'}]",False,False,False,False,15.731690987593652
2021_06_10_SLU_S1,2021_06_10_SLU_S1,720.6235721703011,Jay Forsythe(he/him),737.2318662404721,"And so they the like the history of those in terms of their kind of weathering and and things like like melting cycles, things like that is really plays a huge role in the content, the organic content that we detect.","[{'explain or define term or concept': 'Jay explains how the history of a meteorite, including heating and melting cycles, affects the organic compounds detected, and also explains the structural isomers of amino acids.', 'provide supporting evidence': 'Jay provides supporting evidence by mentioning the Murchison meteorite and how the alpha amino acids are upregulated in that meteorite relative to other structural isomers.', 'expand on existing idea': 'Jay expands on the idea of delivery versus destruction of building blocks by discussing the limitations of sample preparation techniques and analytical instrumentation used on extraterrestrial rovers, highlighting the complexity of organic analysis.', 'express enthusiasm': 'Jay expresses enthusiasm for the Benu sample return mission, highlighting its potential for in-depth analysis of organic content.'}]",True,False,False,False,16.608294070170928
2021_06_10_SLU_S1,2021_06_10_SLU_S1,720.6235721703011,Niki Parenteau,737.3846153846154,So how are we doing?,"{'ask clarifying question': 'Niki is asking the group if they need more time, which is a request for information about their progress on the task she assigned.'}",False,False,False,False,16.761043214314213
2021_06_10_SLU_S1,2021_06_10_SLU_S1,720.6235721703011,Niki Parenteau,737.8552631578947,"Oh sorry, go ahead, go ahead.","[{'encourage particpatioin': 'Niki encourages someone to speak, indicating she wants to hear their thoughts.'}]",False,False,False,False,17.231690987593538
2021_06_10_SLU_S1,2021_06_10_SLU_S1,720.6235721703011,Niki Parenteau,738.3846153846154,Do we need another minute or so?,"{'ask clarifying question': 'Niki is asking the group if they need more time, which is a request for information about their progress on the task she assigned.'}",False,False,False,False,17.761043214314213
2021_06_10_SLU_S1,2021_06_10_SLU_S1,720.6235721703011,Stilianos Louca,739.3356401384083,I'm at the University of Oregon.,"[{'explain or define term or concept': 'Stilianos explains his background and current research focus, including areas like microbial ecology, evolution, sequencing techniques, and phylogenomics, to provide context for his expertise.'}, {'assign task': 'Stilianos asks Jeff to share the link to the document so that others can contribute, assigning Jeff the task of sharing the document.'}, {'encourage particpatioin': 'Stilianos suggests that others contribute to the document if Jeff misses something, encouraging participation from the group.'}]",False,True,False,False,18.712067968107135
2021_06_10_SLU_S1,2021_06_10_SLU_S1,766.2560553633218,Jay Forsythe(he/him),747.4010327022376,I wanted to mention um um uh smarter is it is that right?,"[{'explain or define term or concept': 'Jay explains how the history of a meteorite, including heating and melting cycles, affects the organic compounds detected, and also explains the structural isomers of amino acids.', 'provide supporting evidence': 'Jay provides supporting evidence by mentioning the Murchison meteorite and how the alpha amino acids are upregulated in that meteorite relative to other structural isomers.', 'expand on existing idea': 'Jay expands on the idea of delivery versus destruction of building blocks by discussing the limitations of sample preparation techniques and analytical instrumentation used on extraterrestrial rovers, highlighting the complexity of organic analysis.', 'express enthusiasm': 'Jay expresses enthusiasm for the Benu sample return mission, highlighting its potential for in-depth analysis of organic content.'}]",False,False,False,False,-18.855022661084263
2021_06_10_SLU_S1,2021_06_10_SLU_S1,766.2560553633218,Noah Planavsky,747.8000000000001,I'd take another minute.,"{'express frustration': 'Noah expresses frustration with the pace of the meeting, indicating he needs more time to complete the task.'}",False,False,False,False,-18.456055363321752
2021_06_10_SLU_S1,2021_06_10_SLU_S1,766.2560553633218,Erik Sperling,748.719387755102,"It's just you know, there's other things as well.","[{'expand on existing idea': 'Erik is building on the previous discussion about the overemphasis on oxygen, clarifying that oxygen is still important but other factors should also be considered.'}]",False,False,False,False,-17.536667608219773
2021_06_10_SLU_S1,2021_06_10_SLU_S1,766.2560553633218,Noah Planavsky,748.8,Sorry.,"{'express frustration': 'Noah expresses frustration with the pace of the meeting, indicating he needs more time to complete the task.'}",False,False,False,False,-17.456055363321866
2021_06_10_SLU_S1,2021_06_10_SLU_S1,766.2560553633218,Stilianos Louca,749.1280276816609,"I'm coming long back, coming from physics, um, and and mathematics and then moved to sort of biological modeling, bioinformatics and nowadays my lab we do uh we study microbial ecology and evolution using a lot of sequencing techniques, phylogenomics.","[{'explain or define term or concept': 'Stilianos explains his background and current research focus, including areas like microbial ecology, evolution, sequencing techniques, and phylogenomics, to provide context for his expertise.'}, {'assign task': 'Stilianos asks Jeff to share the link to the document so that others can contribute, assigning Jeff the task of sharing the document.'}, {'encourage particpatioin': 'Stilianos suggests that others contribute to the document if Jeff misses something, encouraging participation from the group.'}]",False,True,False,False,-17.12802768166091
2021_06_10_SLU_S1,2021_06_10_SLU_S1,766.2560553633218,Niki Parenteau,749.5,No worries.,"{'express agreement': ""Niki Parenteau expresses agreement with Noah Planavsky's request for another minute, indicating that it is not a problem.""}",False,False,False,False,-16.75605536332182
2021_06_10_SLU_S1,2021_06_10_SLU_S1,766.2560553633218,Noah Planavsky,750.4545454545454,That's a tricky.,"{'express humor': 'Noah makes a humorous remark about the difficulty of the task, acknowledging the goal of the meeting is to encourage participation and avoid silence.'}",False,False,False,False,-15.801509908776438
2021_06_10_SLU_S1,2021_06_10_SLU_S1,766.2560553633218,Noah Planavsky,751.1079545454545,I know.,"{'express humor': 'Noah makes a humorous remark about the difficulty of the task, acknowledging the goal of the meeting is to encourage participation and avoid silence.'}",False,False,False,False,-15.148100817867316
2021_06_10_SLU_S1,2021_06_10_SLU_S1,766.2560553633218,Jay Forsythe(he/him),751.9006638800098,"You you brought up um, you know, like deliver like net delivery versus um destruction, right?","[{'explain or define term or concept': 'Jay explains how the history of a meteorite, including heating and melting cycles, affects the organic compounds detected, and also explains the structural isomers of amino acids.', 'provide supporting evidence': 'Jay provides supporting evidence by mentioning the Murchison meteorite and how the alpha amino acids are upregulated in that meteorite relative to other structural isomers.', 'expand on existing idea': 'Jay expands on the idea of delivery versus destruction of building blocks by discussing the limitations of sample preparation techniques and analytical instrumentation used on extraterrestrial rovers, highlighting the complexity of organic analysis.', 'express enthusiasm': 'Jay expresses enthusiasm for the Benu sample return mission, highlighting its potential for in-depth analysis of organic content.'}]",False,False,False,False,-14.35539148331202
2021_06_10_SLU_S1,2021_06_10_SLU_S1,766.2560553633218,Erik Sperling,751.984693877551,"And yeah, everyone's known that but we need to, you know, kind of refocus that.","[{'expand on existing idea': 'Erik is building on the previous discussion about the overemphasis on oxygen, clarifying that oxygen is still important but other factors should also be considered.'}]",False,False,False,False,-14.271361485770854
2021_06_10_SLU_S1,2021_06_10_SLU_S1,766.2560553633218,Noah Planavsky,753.1534090909091,Even though the goal of this is to not sit silently by ourselves.,"{'express humor': 'Noah makes a humorous remark about the difficulty of the task, acknowledging the goal of the meeting is to encourage participation and avoid silence.'}",False,False,False,False,-13.1026462724127
2021_06_10_SLU_S1,2021_06_10_SLU_S1,766.2560553633218,Jeffrey Marlow,754.5,Sure.,"{'express agreement': 'Jeffrey agrees to be the recorder for the session, as requested by Niki in the previous turn.'}",False,False,False,False,-11.75605536332182
2021_06_10_SLU_S1,2021_06_10_SLU_S1,766.2560553633218,Smadar Naoz,757.0145379023883,That's a very extreme place.,"[{'present new idea': 'The speaker introduces the idea that tidal effects and the environment of free-floating planets can contribute to temperature, which is an alternative to the common focus on proximity to a star.'}, {'expand on existing idea': 'The speaker expands on the discussion about temperature as a factor for habitability by suggesting tidal effects from exomoons and the environment of free-floating planets as additional factors influencing temperature.'}]",False,False,False,False,-9.24151746093355
2021_06_10_SLU_S1,2021_06_10_SLU_S1,766.2560553633218,Niki Parenteau,757.1883495145631,So thanks Jeff for summarizing that.,"{'acknowledge contribution': {'Explanation': ""The speaker acknowledges Jeff's contribution of summarizing the discussion.""}, 'assign task': {'Explanation': 'The speaker assigns the task of recording key points in the slide deck, including potential projects, to the group.'}, 'expand on existing idea': {'Explanation': ""The speaker expands on the idea of summarizing key points by suggesting including potential projects as a bullet point, referencing Rika and Noah's discussion on nutrient limitation and its application to ocean worlds.""}}",False,True,True,False,-9.067705848758692
2021_06_10_SLU_S1,2021_06_10_SLU_S1,766.2560553633218,Niki Parenteau,758.0,We'll just do that at the beginning and then we'll chat.,"{'encourage particpatioin': 'Niki encourages the group to chat after the initial silent work, inviting participation.'}",False,False,False,False,-8.25605536332182
2021_06_10_SLU_S1,2021_06_10_SLU_S1,766.2560553633218,Morgan Raven,758.0,"I was gonna say it does seem like there might be some sort of broad first principles you could put on a question like this if we just think about like if you're living in an aqueous system, you need something that's hydrophobic and you need something that's hydrophilic and you have an edge and you have an inside and like so there's going to be some bounds on how much, you know, cell membrane that you need and how much volume that you need and at some point maybe just those like super basic functional classes are able to tell us something about we need something that's going to, you know, fold in a hydrophilic way or something like that and I mean those bounds might be way too big to be useful and cell size, who knows, but um.","{'expand on existing idea': 'Morgan expands on the discussion about universal composition of life by suggesting that basic first principles, such as the need for hydrophobic and hydrophilic components in an aqueous system, might provide some bounds on the composition of life, building on the previous discussion about nutrient availability and the Redfield ratio.', 'present new idea': 'Morgan presents the idea that there are broad first principles that could be applied to the question of universal composition of life, such as the need for hydrophobic and hydrophilic components in an aqueous system.', 'provide supporting evidence': 'Morgan supports her idea by providing the reasoning that if life exists in an aqueous system, it needs hydrophobic and hydrophilic components, an edge, and an inside, which places bounds on cell membrane and volume.'}",True,False,False,False,-8.25605536332182
2021_06_10_SLU_S1,2021_06_10_SLU_S1,766.2560553633218,Morgan Raven,758.5700808625337,I don't know.,"{'expand on existing idea': ""Morgan expands on the idea of using kerogen as a potential biosignature, building on Niki's previous statement about kerogen on Mars and the challenge of distinguishing biotic from abiotic kerogen."", 'provide supporting evidence': 'Morgan provides supporting evidence by mentioning that it took a long time to figure out petroleum was biogenic and biomarkers were needed, implying that detailed molecular information is necessary to avoid false positives.', 'offer constructive criticism': 'Morgan offers constructive criticism by pointing out the potential for false positives when analyzing kerogen, suggesting the need for detailed molecular information to differentiate between biogenic and abiogenic sources.'}",False,False,False,False,-7.68597450078812
2021_06_10_SLU_S1,2021_06_10_SLU_S1,766.2560553633218,Smadar Naoz,759.7221311475411,"Maybe to follow up on this question, I I have another question along these lines.","{'present new idea': 'The speaker introduces the idea of connecting planetary habitability and nutrient availability to the type of star a planet orbits, which is a novel concept not previously discussed.', 'expand on existing idea': ""The speaker builds upon the previous discussion about limiting nutrients and their universality by adding the dimension of the host star's influence on planetary processes."", 'ask clarifying question': ""The speaker poses a question about whether the type of star a planet orbits can be connected to the planet's internal processes and habitability.""}",False,True,False,False,-6.5339242157807575
2021_06_10_SLU_S1,2021_06_10_SLU_S1,766.2560553633218,Morgan Raven,760.9514824797843,Um I think there are certainly ways to get false positive on that kind of thing.,"{'expand on existing idea': ""Morgan expands on the idea of using kerogen as a potential biosignature, building on Niki's previous statement about kerogen on Mars and the challenge of distinguishing biotic from abiotic kerogen."", 'provide supporting evidence': 'Morgan provides supporting evidence by mentioning that it took a long time to figure out petroleum was biogenic and biomarkers were needed, implying that detailed molecular information is necessary to avoid false positives.', 'offer constructive criticism': 'Morgan offers constructive criticism by pointing out the potential for false positives when analyzing kerogen, suggesting the need for detailed molecular information to differentiate between biogenic and abiogenic sources.'}",False,False,False,False,-5.304572883537503
2021_06_10_SLU_S1,2021_06_10_SLU_S1,766.2560553633218,Noah Planavsky,761.5,Struggling to throw anything other than a word salad on the old page.,"{'express humor': 'Noah is making a joke about his difficulty in articulating his thoughts, which is humorous in the context of the task.'}",False,False,False,False,-4.7560553633218206
2021_06_10_SLU_S1,2021_06_10_SLU_S1,766.2560553633218,Smadar Naoz,763.4122533748701,"I don't know if people are interested in that at all, but I'm trying to be very if you notice because I'm so out of the field of all of you guys, so I'm trying to push a lot.","[{'present new idea': 'The speaker introduces the idea that tidal effects and the environment of free-floating planets can contribute to temperature, which is an alternative to the common focus on proximity to a star.'}, {'expand on existing idea': 'The speaker expands on the discussion about temperature as a factor for habitability by suggesting tidal effects from exomoons and the environment of free-floating planets as additional factors influencing temperature.'}]",False,False,False,False,-2.8438019884516734
2021_06_10_SLU_S1,2021_06_10_SLU_S1,766.2560553633218,Niki Parenteau,764.0,"Mhm, yeah, thank you.","{'acknowledge contribution': ""Niki acknowledges Morgan's contribution to the discussion about kerogen and its potential as a biosignature, without necessarily agreeing or expanding on the idea.""}",False,False,False,False,-2.256055363321821
2021_06_10_SLU_S1,2021_06_10_SLU_S1,766.2560553633218,Stilianos Louca,766.2560553633218,"Uh we look both at modern ecosystems especially uh weird ones like anoxic zones in the ocean and hot springs, but also try to understand the history of microbial evolution uh using using the kind of data we we have available, which is not much.","[{'explain or define term or concept': 'Stilianos explains his background and current research focus, including areas like microbial ecology, evolution, sequencing techniques, and phylogenomics, to provide context for his expertise.'}, {'assign task': 'Stilianos asks Jeff to share the link to the document so that others can contribute, assigning Jeff the task of sharing the document.'}, {'encourage particpatioin': 'Stilianos suggests that others contribute to the document if Jeff misses something, encouraging participation from the group.'}]",True,True,False,True,0.0
2021_06_10_SLU_S1,2021_06_10_SLU_S1,766.2560553633218,Niki Parenteau,766.4970873786408,"I have put uh I pasted the link for the slide deck that we're supposed to record uh the key points in and you might also include like if you feel like you're converging on a potential project, you might include that like as the last bullet point.","{'acknowledge contribution': {'Explanation': ""The speaker acknowledges Jeff's contribution of summarizing the discussion.""}, 'assign task': {'Explanation': 'The speaker assigns the task of recording key points in the slide deck, including potential projects, to the group.'}, 'expand on existing idea': {'Explanation': ""The speaker expands on the idea of summarizing key points by suggesting including potential projects as a bullet point, referencing Rika and Noah's discussion on nutrient limitation and its application to ocean worlds.""}}",True,True,True,True,0.2410320153189786
2021_06_10_SLU_S1,2021_06_10_SLU_S1,766.2560553633218,Smadar Naoz,769.0647540983606,"So I wonder along whether or not it's universal, um, do we can we connect this to the type of star that the planet will host or that will host a planet and where it is, how big it is, is it a moon?","{'present new idea': 'The speaker introduces the idea of connecting planetary habitability and nutrient availability to the type of star a planet orbits, which is a novel concept not previously discussed.', 'expand on existing idea': ""The speaker builds upon the previous discussion about limiting nutrients and their universality by adding the dimension of the host star's influence on planetary processes."", 'ask clarifying question': ""The speaker poses a question about whether the type of star a planet orbits can be connected to the planet's internal processes and habitability.""}",True,False,False,False,2.8086987350387744
2021_06_10_SLU_S1,2021_06_10_SLU_S1,766.2560553633218,Smadar Naoz,769.4615784008307,I hope it's okay.,"[{'present new idea': 'The speaker introduces the idea that tidal effects and the environment of free-floating planets can contribute to temperature, which is an alternative to the common focus on proximity to a star.'}, {'expand on existing idea': 'The speaker expands on the discussion about temperature as a factor for habitability by suggesting tidal effects from exomoons and the environment of free-floating planets as additional factors influencing temperature.'}]",False,False,False,False,3.2055230375088968
2021_06_10_SLU_S1,2021_06_10_SLU_S1,766.2560553633218,Niki Parenteau,770.6571428571428,"No, I think it's great.","[{'express agreement': ""Niki expresses agreement with Smadar's points about temperature and tidal effects, building on the discussion of habitability factors beyond oxygen and liquid water."", 'acknowledge contribution': ""Niki acknowledges Smadar's exoplanet perspective and its relevance to understanding observational constraints and data limitations in the search for life, recognizing her input to the discussion.""}]",False,False,False,False,4.401087493821024
2021_06_10_SLU_S1,2021_06_10_SLU_S1,766.2560553633218,Niki Parenteau,771.7777777777777,"So I wanted to um, I was just checking the participant list.","{'encourage particpatioin': 'Niki is checking if Simon is back to encourage him to participate in the discussion, as he seemed to have connection issues earlier.'}",False,False,False,False,5.521722414455894
2021_06_10_SLU_S1,2021_06_10_SLU_S1,766.2560553633218,Jay Forsythe(he/him),772.3589869682812,"And an issue with that just experimentally like on on more like like experimental side is, you know, even if, you know, even if we do collect, you know, like a lot of a lot of meteorite on earth and we're, you know, we take it to our lab, the just the sample preparation that we perform to so that we can do organic analysis, you know, sometimes that actually could break down some of the more complex um organics that were present in there and we actually can't see them because just by just in order to extract them, you know, we have to use like really strong acid and things like that.","[{'explain or define term or concept': 'Jay explains how the history of a meteorite, including heating and melting cycles, affects the organic compounds detected, and also explains the structural isomers of amino acids.', 'provide supporting evidence': 'Jay provides supporting evidence by mentioning the Murchison meteorite and how the alpha amino acids are upregulated in that meteorite relative to other structural isomers.', 'expand on existing idea': 'Jay expands on the idea of delivery versus destruction of building blocks by discussing the limitations of sample preparation techniques and analytical instrumentation used on extraterrestrial rovers, highlighting the complexity of organic analysis.', 'express enthusiasm': 'Jay expresses enthusiasm for the Benu sample return mission, highlighting its potential for in-depth analysis of organic content.'}]",True,False,False,False,6.1029316049593945
2021_06_10_SLU_S1,2021_06_10_SLU_S1,766.2560553633218,Stilianos Louca,775.3910034602077,"Um, yeah, that's it.","[{'explain or define term or concept': 'Stilianos explains his background and current research focus, including areas like microbial ecology, evolution, sequencing techniques, and phylogenomics, to provide context for his expertise.'}, {'assign task': 'Stilianos asks Jeff to share the link to the document so that others can contribute, assigning Jeff the task of sharing the document.'}, {'encourage particpatioin': 'Stilianos suggests that others contribute to the document if Jeff misses something, encouraging participation from the group.'}]",False,True,False,False,9.134948096885864
2021_06_10_SLU_S1,2021_06_10_SLU_S1,766.2560553633218,Niki Parenteau,776.7777777777778,"It seems like Simon, are you back with us again?","{'encourage particpatioin': 'Niki is checking if Simon is back to encourage him to participate in the discussion, as he seemed to have connection issues earlier.'}",False,False,False,False,10.521722414456008
2021_06_10_SLU_S1,2021_06_10_SLU_S1,766.2560553633218,Niki Parenteau,777.2,"And again bringing in that exoplanet perspective and and also it it I think as Vicky said earlier, um helping for this group in particular to understand what type of data is going to be available out there.","[{'express agreement': ""Niki expresses agreement with Smadar's points about temperature and tidal effects, building on the discussion of habitability factors beyond oxygen and liquid water."", 'acknowledge contribution': ""Niki acknowledges Smadar's exoplanet perspective and its relevance to understanding observational constraints and data limitations in the search for life, recognizing her input to the discussion.""}]",True,False,False,False,10.943944636678223
2021_06_10_SLU_S1,2021_06_10_SLU_S1,766.2560553633218,Smadar Naoz,777.8360655737705,"Um, I mean, I think that there are lots and does it move, right?","{'present new idea': 'The speaker introduces the idea of connecting planetary habitability and nutrient availability to the type of star a planet orbits, which is a novel concept not previously discussed.', 'expand on existing idea': ""The speaker builds upon the previous discussion about limiting nutrients and their universality by adding the dimension of the host star's influence on planetary processes."", 'ask clarifying question': ""The speaker poses a question about whether the type of star a planet orbits can be connected to the planet's internal processes and habitability.""}",False,False,False,False,11.580010210448677
2021_06_10_SLU_S1,2021_06_10_SLU_S1,766.2560553633218,Simon Darroch,779.6,"I am, I'm back.","{'acknowledge contribution': ""Simon is acknowledging that he is back in the meeting, which is a form of recognizing the group's awareness of his absence.""}",False,False,False,False,13.343944636678202
2021_06_10_SLU_S1,2021_06_10_SLU_S1,766.2560553633218,Simon Darroch,780.6,Thank you.,"{'acknowledge contribution': ""Simon is acknowledging that he is back in the meeting, which is a form of recognizing the group's awareness of his absence.""}",False,False,False,False,14.343944636678202
2021_06_10_SLU_S1,2021_06_10_SLU_S1,766.2560553633218,Niki Parenteau,782.3087378640777,So I heard like Rika and Noah in particular um talk about mining the molecular record and the the the rock record um to get a nutrient limitation and apply that in a modeling sense to like ocean worlds or something along those lines.,"{'acknowledge contribution': {'Explanation': ""The speaker acknowledges Jeff's contribution of summarizing the discussion.""}, 'assign task': {'Explanation': 'The speaker assigns the task of recording key points in the slide deck, including potential projects, to the group.'}, 'expand on existing idea': {'Explanation': ""The speaker expands on the idea of summarizing key points by suggesting including potential projects as a bullet point, referencing Rika and Noah's discussion on nutrient limitation and its application to ocean worlds.""}}",False,True,True,False,16.05268250075585
2021_06_10_SLU_S1,2021_06_10_SLU_S1,766.2560553633218,Smadar Naoz,783.5155737704918,"Because I think that we we now understand that planets don't stay where they were born, they move around.","{'present new idea': 'The speaker introduces the idea of connecting planetary habitability and nutrient availability to the type of star a planet orbits, which is a novel concept not previously discussed.', 'expand on existing idea': ""The speaker builds upon the previous discussion about limiting nutrients and their universality by adding the dimension of the host star's influence on planetary processes."", 'ask clarifying question': ""The speaker poses a question about whether the type of star a planet orbits can be connected to the planet's internal processes and habitability.""}",True,False,False,False,17.259518407169935
2021_06_10_SLU_S1,2021_06_10_SLU_S1,766.2560553633218,Stilianos Louca,784.0415224913495,"I guess I I want to use my last three seconds and ask Jeff if he could just share the link to his document and then we we could all contribute if needed, if if he misses something, we can add notes and so that's just a suggestion.","[{'explain or define term or concept': 'Stilianos explains his background and current research focus, including areas like microbial ecology, evolution, sequencing techniques, and phylogenomics, to provide context for his expertise.'}, {'assign task': 'Stilianos asks Jeff to share the link to the document so that others can contribute, assigning Jeff the task of sharing the document.'}, {'encourage particpatioin': 'Stilianos suggests that others contribute to the document if Jeff misses something, encouraging participation from the group.'}]",True,True,False,True,17.785467128027676
2021_06_10_SLU_S1,2021_06_10_SLU_S1,766.2560553633218,Niki Parenteau,784.8285714285714,"You know, how are we going to be observationally constrained.","[{'express agreement': ""Niki expresses agreement with Smadar's points about temperature and tidal effects, building on the discussion of habitability factors beyond oxygen and liquid water."", 'acknowledge contribution': ""Niki acknowledges Smadar's exoplanet perspective and its relevance to understanding observational constraints and data limitations in the search for life, recognizing her input to the discussion.""}]",True,False,False,False,18.5725160652496
2021_06_10_SLU_S1,2021_06_10_SLU_S1,766.2560553633218,Niki Parenteau,786.0,"Yeah, I just want to check in and see if you had any thoughts about the various topics that we've been uh discussing.","{'encourage particpatioin': 'Niki is directly asking Simon for his input on the topics discussed so far, encouraging him to participate in the conversation.'}",True,False,False,False,19.74394463667818
2021_06_10_SLU_S1,2021_06_10_SLU_S1,766.4970873786408,Jay Forsythe(he/him),747.4010327022376,I wanted to mention um um uh smarter is it is that right?,"[{'explain or define term or concept': 'Jay explains how the history of a meteorite, including heating and melting cycles, affects the organic compounds detected, and also explains the structural isomers of amino acids.', 'provide supporting evidence': 'Jay provides supporting evidence by mentioning the Murchison meteorite and how the alpha amino acids are upregulated in that meteorite relative to other structural isomers.', 'expand on existing idea': 'Jay expands on the idea of delivery versus destruction of building blocks by discussing the limitations of sample preparation techniques and analytical instrumentation used on extraterrestrial rovers, highlighting the complexity of organic analysis.', 'express enthusiasm': 'Jay expresses enthusiasm for the Benu sample return mission, highlighting its potential for in-depth analysis of organic content.'}]",False,False,False,False,-19.09605467640324
2021_06_10_SLU_S1,2021_06_10_SLU_S1,766.4970873786408,Noah Planavsky,747.8000000000001,I'd take another minute.,"{'express frustration': 'Noah expresses frustration with the pace of the meeting, indicating he needs more time to complete the task.'}",False,False,False,False,-18.69708737864073
2021_06_10_SLU_S1,2021_06_10_SLU_S1,766.4970873786408,Erik Sperling,748.719387755102,"It's just you know, there's other things as well.","[{'expand on existing idea': 'Erik is building on the previous discussion about the overemphasis on oxygen, clarifying that oxygen is still important but other factors should also be considered.'}]",False,False,False,False,-17.77769962353875
2021_06_10_SLU_S1,2021_06_10_SLU_S1,766.4970873786408,Noah Planavsky,748.8,Sorry.,"{'express frustration': 'Noah expresses frustration with the pace of the meeting, indicating he needs more time to complete the task.'}",False,False,False,False,-17.697087378640845
2021_06_10_SLU_S1,2021_06_10_SLU_S1,766.4970873786408,Stilianos Louca,749.1280276816609,"I'm coming long back, coming from physics, um, and and mathematics and then moved to sort of biological modeling, bioinformatics and nowadays my lab we do uh we study microbial ecology and evolution using a lot of sequencing techniques, phylogenomics.","[{'explain or define term or concept': 'Stilianos explains his background and current research focus, including areas like microbial ecology, evolution, sequencing techniques, and phylogenomics, to provide context for his expertise.'}, {'assign task': 'Stilianos asks Jeff to share the link to the document so that others can contribute, assigning Jeff the task of sharing the document.'}, {'encourage particpatioin': 'Stilianos suggests that others contribute to the document if Jeff misses something, encouraging participation from the group.'}]",False,True,False,False,-17.36905969697989
2021_06_10_SLU_S1,2021_06_10_SLU_S1,766.4970873786408,Niki Parenteau,749.5,No worries.,"{'express agreement': ""Niki Parenteau expresses agreement with Noah Planavsky's request for another minute, indicating that it is not a problem.""}",False,False,False,False,-16.9970873786408
2021_06_10_SLU_S1,2021_06_10_SLU_S1,766.4970873786408,Noah Planavsky,750.4545454545454,That's a tricky.,"{'express humor': 'Noah makes a humorous remark about the difficulty of the task, acknowledging the goal of the meeting is to encourage participation and avoid silence.'}",False,False,False,False,-16.042541924095417
2021_06_10_SLU_S1,2021_06_10_SLU_S1,766.4970873786408,Noah Planavsky,751.1079545454545,I know.,"{'express humor': 'Noah makes a humorous remark about the difficulty of the task, acknowledging the goal of the meeting is to encourage participation and avoid silence.'}",False,False,False,False,-15.389132833186297
2021_06_10_SLU_S1,2021_06_10_SLU_S1,766.4970873786408,Jay Forsythe(he/him),751.9006638800098,"You you brought up um, you know, like deliver like net delivery versus um destruction, right?","[{'explain or define term or concept': 'Jay explains how the history of a meteorite, including heating and melting cycles, affects the organic compounds detected, and also explains the structural isomers of amino acids.', 'provide supporting evidence': 'Jay provides supporting evidence by mentioning the Murchison meteorite and how the alpha amino acids are upregulated in that meteorite relative to other structural isomers.', 'expand on existing idea': 'Jay expands on the idea of delivery versus destruction of building blocks by discussing the limitations of sample preparation techniques and analytical instrumentation used on extraterrestrial rovers, highlighting the complexity of organic analysis.', 'express enthusiasm': 'Jay expresses enthusiasm for the Benu sample return mission, highlighting its potential for in-depth analysis of organic content.'}]",False,False,False,False,-14.596423498630998
2021_06_10_SLU_S1,2021_06_10_SLU_S1,766.4970873786408,Erik Sperling,751.984693877551,"And yeah, everyone's known that but we need to, you know, kind of refocus that.","[{'expand on existing idea': 'Erik is building on the previous discussion about the overemphasis on oxygen, clarifying that oxygen is still important but other factors should also be considered.'}]",False,False,False,False,-14.512393501089832
2021_06_10_SLU_S1,2021_06_10_SLU_S1,766.4970873786408,Noah Planavsky,753.1534090909091,Even though the goal of this is to not sit silently by ourselves.,"{'express humor': 'Noah makes a humorous remark about the difficulty of the task, acknowledging the goal of the meeting is to encourage participation and avoid silence.'}",False,False,False,False,-13.343678287731676
2021_06_10_SLU_S1,2021_06_10_SLU_S1,766.4970873786408,Jeffrey Marlow,754.5,Sure.,"{'express agreement': 'Jeffrey agrees to be the recorder for the session, as requested by Niki in the previous turn.'}",False,False,False,False,-11.9970873786408
2021_06_10_SLU_S1,2021_06_10_SLU_S1,766.4970873786408,Smadar Naoz,757.0145379023883,That's a very extreme place.,"[{'present new idea': 'The speaker introduces the idea that tidal effects and the environment of free-floating planets can contribute to temperature, which is an alternative to the common focus on proximity to a star.'}, {'expand on existing idea': 'The speaker expands on the discussion about temperature as a factor for habitability by suggesting tidal effects from exomoons and the environment of free-floating planets as additional factors influencing temperature.'}]",False,False,False,False,-9.48254947625253
2021_06_10_SLU_S1,2021_06_10_SLU_S1,766.4970873786408,Niki Parenteau,757.1883495145631,So thanks Jeff for summarizing that.,"{'acknowledge contribution': {'Explanation': ""The speaker acknowledges Jeff's contribution of summarizing the discussion.""}, 'assign task': {'Explanation': 'The speaker assigns the task of recording key points in the slide deck, including potential projects, to the group.'}, 'expand on existing idea': {'Explanation': ""The speaker expands on the idea of summarizing key points by suggesting including potential projects as a bullet point, referencing Rika and Noah's discussion on nutrient limitation and its application to ocean worlds.""}}",False,True,True,False,-9.30873786407767
2021_06_10_SLU_S1,2021_06_10_SLU_S1,766.4970873786408,Niki Parenteau,758.0,We'll just do that at the beginning and then we'll chat.,"{'encourage particpatioin': 'Niki encourages the group to chat after the initial silent work, inviting participation.'}",False,False,False,False,-8.4970873786408
2021_06_10_SLU_S1,2021_06_10_SLU_S1,766.4970873786408,Morgan Raven,758.0,"I was gonna say it does seem like there might be some sort of broad first principles you could put on a question like this if we just think about like if you're living in an aqueous system, you need something that's hydrophobic and you need something that's hydrophilic and you have an edge and you have an inside and like so there's going to be some bounds on how much, you know, cell membrane that you need and how much volume that you need and at some point maybe just those like super basic functional classes are able to tell us something about we need something that's going to, you know, fold in a hydrophilic way or something like that and I mean those bounds might be way too big to be useful and cell size, who knows, but um.","{'expand on existing idea': 'Morgan expands on the discussion about universal composition of life by suggesting that basic first principles, such as the need for hydrophobic and hydrophilic components in an aqueous system, might provide some bounds on the composition of life, building on the previous discussion about nutrient availability and the Redfield ratio.', 'present new idea': 'Morgan presents the idea that there are broad first principles that could be applied to the question of universal composition of life, such as the need for hydrophobic and hydrophilic components in an aqueous system.', 'provide supporting evidence': 'Morgan supports her idea by providing the reasoning that if life exists in an aqueous system, it needs hydrophobic and hydrophilic components, an edge, and an inside, which places bounds on cell membrane and volume.'}",True,False,False,False,-8.4970873786408
2021_06_10_SLU_S1,2021_06_10_SLU_S1,766.4970873786408,Morgan Raven,758.5700808625337,I don't know.,"{'expand on existing idea': ""Morgan expands on the idea of using kerogen as a potential biosignature, building on Niki's previous statement about kerogen on Mars and the challenge of distinguishing biotic from abiotic kerogen."", 'provide supporting evidence': 'Morgan provides supporting evidence by mentioning that it took a long time to figure out petroleum was biogenic and biomarkers were needed, implying that detailed molecular information is necessary to avoid false positives.', 'offer constructive criticism': 'Morgan offers constructive criticism by pointing out the potential for false positives when analyzing kerogen, suggesting the need for detailed molecular information to differentiate between biogenic and abiogenic sources.'}",False,False,False,False,-7.927006516107099
2021_06_10_SLU_S1,2021_06_10_SLU_S1,766.4970873786408,Smadar Naoz,759.7221311475411,"Maybe to follow up on this question, I I have another question along these lines.","{'present new idea': 'The speaker introduces the idea of connecting planetary habitability and nutrient availability to the type of star a planet orbits, which is a novel concept not previously discussed.', 'expand on existing idea': ""The speaker builds upon the previous discussion about limiting nutrients and their universality by adding the dimension of the host star's influence on planetary processes."", 'ask clarifying question': ""The speaker poses a question about whether the type of star a planet orbits can be connected to the planet's internal processes and habitability.""}",False,True,False,False,-6.774956231099736
2021_06_10_SLU_S1,2021_06_10_SLU_S1,766.4970873786408,Morgan Raven,760.9514824797843,Um I think there are certainly ways to get false positive on that kind of thing.,"{'expand on existing idea': ""Morgan expands on the idea of using kerogen as a potential biosignature, building on Niki's previous statement about kerogen on Mars and the challenge of distinguishing biotic from abiotic kerogen."", 'provide supporting evidence': 'Morgan provides supporting evidence by mentioning that it took a long time to figure out petroleum was biogenic and biomarkers were needed, implying that detailed molecular information is necessary to avoid false positives.', 'offer constructive criticism': 'Morgan offers constructive criticism by pointing out the potential for false positives when analyzing kerogen, suggesting the need for detailed molecular information to differentiate between biogenic and abiogenic sources.'}",False,False,False,False,-5.545604898856482
2021_06_10_SLU_S1,2021_06_10_SLU_S1,766.4970873786408,Noah Planavsky,761.5,Struggling to throw anything other than a word salad on the old page.,"{'express humor': 'Noah is making a joke about his difficulty in articulating his thoughts, which is humorous in the context of the task.'}",False,False,False,False,-4.997087378640799
2021_06_10_SLU_S1,2021_06_10_SLU_S1,766.4970873786408,Smadar Naoz,763.4122533748701,"I don't know if people are interested in that at all, but I'm trying to be very if you notice because I'm so out of the field of all of you guys, so I'm trying to push a lot.","[{'present new idea': 'The speaker introduces the idea that tidal effects and the environment of free-floating planets can contribute to temperature, which is an alternative to the common focus on proximity to a star.'}, {'expand on existing idea': 'The speaker expands on the discussion about temperature as a factor for habitability by suggesting tidal effects from exomoons and the environment of free-floating planets as additional factors influencing temperature.'}]",False,False,False,False,-3.084834003770652
2021_06_10_SLU_S1,2021_06_10_SLU_S1,766.4970873786408,Niki Parenteau,764.0,"Mhm, yeah, thank you.","{'acknowledge contribution': ""Niki acknowledges Morgan's contribution to the discussion about kerogen and its potential as a biosignature, without necessarily agreeing or expanding on the idea.""}",False,False,False,False,-2.497087378640799
2021_06_10_SLU_S1,2021_06_10_SLU_S1,766.4970873786408,Stilianos Louca,766.2560553633218,"Uh we look both at modern ecosystems especially uh weird ones like anoxic zones in the ocean and hot springs, but also try to understand the history of microbial evolution uh using using the kind of data we we have available, which is not much.","[{'explain or define term or concept': 'Stilianos explains his background and current research focus, including areas like microbial ecology, evolution, sequencing techniques, and phylogenomics, to provide context for his expertise.'}, {'assign task': 'Stilianos asks Jeff to share the link to the document so that others can contribute, assigning Jeff the task of sharing the document.'}, {'encourage particpatioin': 'Stilianos suggests that others contribute to the document if Jeff misses something, encouraging participation from the group.'}]",True,True,False,True,-0.2410320153189786
2021_06_10_SLU_S1,2021_06_10_SLU_S1,766.4970873786408,Niki Parenteau,766.4970873786408,"I have put uh I pasted the link for the slide deck that we're supposed to record uh the key points in and you might also include like if you feel like you're converging on a potential project, you might include that like as the last bullet point.","{'acknowledge contribution': {'Explanation': ""The speaker acknowledges Jeff's contribution of summarizing the discussion.""}, 'assign task': {'Explanation': 'The speaker assigns the task of recording key points in the slide deck, including potential projects, to the group.'}, 'expand on existing idea': {'Explanation': ""The speaker expands on the idea of summarizing key points by suggesting including potential projects as a bullet point, referencing Rika and Noah's discussion on nutrient limitation and its application to ocean worlds.""}}",True,True,True,True,0.0
2021_06_10_SLU_S1,2021_06_10_SLU_S1,766.4970873786408,Smadar Naoz,769.0647540983606,"So I wonder along whether or not it's universal, um, do we can we connect this to the type of star that the planet will host or that will host a planet and where it is, how big it is, is it a moon?","{'present new idea': 'The speaker introduces the idea of connecting planetary habitability and nutrient availability to the type of star a planet orbits, which is a novel concept not previously discussed.', 'expand on existing idea': ""The speaker builds upon the previous discussion about limiting nutrients and their universality by adding the dimension of the host star's influence on planetary processes."", 'ask clarifying question': ""The speaker poses a question about whether the type of star a planet orbits can be connected to the planet's internal processes and habitability.""}",True,False,False,False,2.567666719719796
2021_06_10_SLU_S1,2021_06_10_SLU_S1,766.4970873786408,Smadar Naoz,769.4615784008307,I hope it's okay.,"[{'present new idea': 'The speaker introduces the idea that tidal effects and the environment of free-floating planets can contribute to temperature, which is an alternative to the common focus on proximity to a star.'}, {'expand on existing idea': 'The speaker expands on the discussion about temperature as a factor for habitability by suggesting tidal effects from exomoons and the environment of free-floating planets as additional factors influencing temperature.'}]",False,False,False,False,2.964491022189918
2021_06_10_SLU_S1,2021_06_10_SLU_S1,766.4970873786408,Niki Parenteau,770.6571428571428,"No, I think it's great.","[{'express agreement': ""Niki expresses agreement with Smadar's points about temperature and tidal effects, building on the discussion of habitability factors beyond oxygen and liquid water."", 'acknowledge contribution': ""Niki acknowledges Smadar's exoplanet perspective and its relevance to understanding observational constraints and data limitations in the search for life, recognizing her input to the discussion.""}]",False,False,False,False,4.160055478502045
2021_06_10_SLU_S1,2021_06_10_SLU_S1,766.4970873786408,Niki Parenteau,771.7777777777777,"So I wanted to um, I was just checking the participant list.","{'encourage particpatioin': 'Niki is checking if Simon is back to encourage him to participate in the discussion, as he seemed to have connection issues earlier.'}",False,False,False,False,5.280690399136915
2021_06_10_SLU_S1,2021_06_10_SLU_S1,766.4970873786408,Jay Forsythe(he/him),772.3589869682812,"And an issue with that just experimentally like on on more like like experimental side is, you know, even if, you know, even if we do collect, you know, like a lot of a lot of meteorite on earth and we're, you know, we take it to our lab, the just the sample preparation that we perform to so that we can do organic analysis, you know, sometimes that actually could break down some of the more complex um organics that were present in there and we actually can't see them because just by just in order to extract them, you know, we have to use like really strong acid and things like that.","[{'explain or define term or concept': 'Jay explains how the history of a meteorite, including heating and melting cycles, affects the organic compounds detected, and also explains the structural isomers of amino acids.', 'provide supporting evidence': 'Jay provides supporting evidence by mentioning the Murchison meteorite and how the alpha amino acids are upregulated in that meteorite relative to other structural isomers.', 'expand on existing idea': 'Jay expands on the idea of delivery versus destruction of building blocks by discussing the limitations of sample preparation techniques and analytical instrumentation used on extraterrestrial rovers, highlighting the complexity of organic analysis.', 'express enthusiasm': 'Jay expresses enthusiasm for the Benu sample return mission, highlighting its potential for in-depth analysis of organic content.'}]",True,False,False,False,5.861899589640416
2021_06_10_SLU_S1,2021_06_10_SLU_S1,766.4970873786408,Stilianos Louca,775.3910034602077,"Um, yeah, that's it.","[{'explain or define term or concept': 'Stilianos explains his background and current research focus, including areas like microbial ecology, evolution, sequencing techniques, and phylogenomics, to provide context for his expertise.'}, {'assign task': 'Stilianos asks Jeff to share the link to the document so that others can contribute, assigning Jeff the task of sharing the document.'}, {'encourage particpatioin': 'Stilianos suggests that others contribute to the document if Jeff misses something, encouraging participation from the group.'}]",False,True,False,False,8.893916081566886
2021_06_10_SLU_S1,2021_06_10_SLU_S1,766.4970873786408,Niki Parenteau,776.7777777777778,"It seems like Simon, are you back with us again?","{'encourage particpatioin': 'Niki is checking if Simon is back to encourage him to participate in the discussion, as he seemed to have connection issues earlier.'}",False,False,False,False,10.280690399137027
2021_06_10_SLU_S1,2021_06_10_SLU_S1,766.4970873786408,Niki Parenteau,777.2,"And again bringing in that exoplanet perspective and and also it it I think as Vicky said earlier, um helping for this group in particular to understand what type of data is going to be available out there.","[{'express agreement': ""Niki expresses agreement with Smadar's points about temperature and tidal effects, building on the discussion of habitability factors beyond oxygen and liquid water."", 'acknowledge contribution': ""Niki acknowledges Smadar's exoplanet perspective and its relevance to understanding observational constraints and data limitations in the search for life, recognizing her input to the discussion.""}]",True,False,False,False,10.702912621359246
2021_06_10_SLU_S1,2021_06_10_SLU_S1,766.4970873786408,Smadar Naoz,777.8360655737705,"Um, I mean, I think that there are lots and does it move, right?","{'present new idea': 'The speaker introduces the idea of connecting planetary habitability and nutrient availability to the type of star a planet orbits, which is a novel concept not previously discussed.', 'expand on existing idea': ""The speaker builds upon the previous discussion about limiting nutrients and their universality by adding the dimension of the host star's influence on planetary processes."", 'ask clarifying question': ""The speaker poses a question about whether the type of star a planet orbits can be connected to the planet's internal processes and habitability.""}",False,False,False,False,11.338978195129698
2021_06_10_SLU_S1,2021_06_10_SLU_S1,766.4970873786408,Simon Darroch,779.6,"I am, I'm back.","{'acknowledge contribution': ""Simon is acknowledging that he is back in the meeting, which is a form of recognizing the group's awareness of his absence.""}",False,False,False,False,13.102912621359224
2021_06_10_SLU_S1,2021_06_10_SLU_S1,766.4970873786408,Simon Darroch,780.6,Thank you.,"{'acknowledge contribution': ""Simon is acknowledging that he is back in the meeting, which is a form of recognizing the group's awareness of his absence.""}",False,False,False,False,14.102912621359224
2021_06_10_SLU_S1,2021_06_10_SLU_S1,766.4970873786408,Niki Parenteau,782.3087378640777,So I heard like Rika and Noah in particular um talk about mining the molecular record and the the the rock record um to get a nutrient limitation and apply that in a modeling sense to like ocean worlds or something along those lines.,"{'acknowledge contribution': {'Explanation': ""The speaker acknowledges Jeff's contribution of summarizing the discussion.""}, 'assign task': {'Explanation': 'The speaker assigns the task of recording key points in the slide deck, including potential projects, to the group.'}, 'expand on existing idea': {'Explanation': ""The speaker expands on the idea of summarizing key points by suggesting including potential projects as a bullet point, referencing Rika and Noah's discussion on nutrient limitation and its application to ocean worlds.""}}",False,True,True,False,15.811650485436871
2021_06_10_SLU_S1,2021_06_10_SLU_S1,766.4970873786408,Smadar Naoz,783.5155737704918,"Because I think that we we now understand that planets don't stay where they were born, they move around.","{'present new idea': 'The speaker introduces the idea of connecting planetary habitability and nutrient availability to the type of star a planet orbits, which is a novel concept not previously discussed.', 'expand on existing idea': ""The speaker builds upon the previous discussion about limiting nutrients and their universality by adding the dimension of the host star's influence on planetary processes."", 'ask clarifying question': ""The speaker poses a question about whether the type of star a planet orbits can be connected to the planet's internal processes and habitability.""}",True,False,False,False,17.018486391850956
2021_06_10_SLU_S1,2021_06_10_SLU_S1,766.4970873786408,Stilianos Louca,784.0415224913495,"I guess I I want to use my last three seconds and ask Jeff if he could just share the link to his document and then we we could all contribute if needed, if if he misses something, we can add notes and so that's just a suggestion.","[{'explain or define term or concept': 'Stilianos explains his background and current research focus, including areas like microbial ecology, evolution, sequencing techniques, and phylogenomics, to provide context for his expertise.'}, {'assign task': 'Stilianos asks Jeff to share the link to the document so that others can contribute, assigning Jeff the task of sharing the document.'}, {'encourage particpatioin': 'Stilianos suggests that others contribute to the document if Jeff misses something, encouraging participation from the group.'}]",True,True,False,True,17.544435112708697
2021_06_10_SLU_S1,2021_06_10_SLU_S1,766.4970873786408,Niki Parenteau,784.8285714285714,"You know, how are we going to be observationally constrained.","[{'express agreement': ""Niki expresses agreement with Smadar's points about temperature and tidal effects, building on the discussion of habitability factors beyond oxygen and liquid water."", 'acknowledge contribution': ""Niki acknowledges Smadar's exoplanet perspective and its relevance to understanding observational constraints and data limitations in the search for life, recognizing her input to the discussion.""}]",True,False,False,False,18.331484049930623
2021_06_10_SLU_S1,2021_06_10_SLU_S1,766.4970873786408,Niki Parenteau,786.0,"Yeah, I just want to check in and see if you had any thoughts about the various topics that we've been uh discussing.","{'encourage particpatioin': 'Niki is directly asking Simon for his input on the topics discussed so far, encouraging him to participate in the conversation.'}",True,False,False,False,19.5029126213592
