session,m_cut,center_time_sec,unique_speakers,decision_hits,burst_size,decision_hits_per10
2021_06_10_SLU_S1,2,617.4985074626866,6,9,22,4.090909090909091
2021_06_10_SLU_S1,2,620.9858974358974,7,9,26,3.4615384615384617
2021_06_10_SLU_S1,2,624.1343283582089,7,11,29,3.793103448275862
2021_06_10_SLU_S1,2,624.2492307692308,7,11,29,3.793103448275862
2021_06_10_SLU_S1,2,626.5753846153846,7,11,32,3.4375
2021_06_10_SLU_S1,2,630.6358208955224,7,14,38,3.6842105263157894
2021_06_10_SLU_S1,2,632.7353846153846,7,14,38,3.6842105263157894
2021_06_10_SLU_S1,2,636.1537807986407,7,16,40,4.0
2021_06_10_SLU_S1,2,636.5,7,16,40,4.0
2021_06_10_SLU_S1,2,642.0024370430544,8,15,39,3.8461538461538463
2021_06_10_SLU_S1,2,642.7723076923077,8,15,38,3.9473684210526314
2021_06_10_SLU_S1,2,714.4008935824533,8,14,29,4.827586206896552
2021_06_10_SLU_S1,2,716.4652777777778,8,13,29,4.482758620689655
2021_06_10_SLU_S1,2,718.8787878787879,8,15,32,4.6875
2021_06_10_SLU_S1,2,720.5463038180342,8,16,33,4.848484848484849
2021_06_10_SLU_S1,2,720.6235721703011,8,16,33,4.848484848484849
2021_06_10_SLU_S1,2,720.9941860465117,8,15,32,4.6875
2021_06_10_SLU_S1,2,732.9342560553633,9,16,40,4.0
2021_06_10_SLU_S1,2,735.2559709241953,9,16,40,4.0
2021_06_10_SLU_S1,2,736.0484429065743,9,16,40,4.0
2021_06_10_SLU_S1,2,737.2318662404721,9,16,40,4.0
2021_06_10_SLU_S1,2,737.3846153846154,9,16,40,4.0
2021_06_10_SLU_S1,2,738.3846153846154,9,18,42,4.285714285714286
2021_06_10_SLU_S1,2,739.3356401384083,9,18,42,4.285714285714286
2021_06_10_SLU_S1,2,741.6185983827493,8,18,41,4.390243902439025
2021_06_10_SLU_S1,2,746.2461059190031,8,18,42,4.285714285714286
2021_06_10_SLU_S1,2,749.1280276816609,8,20,42,4.761904761904762
2021_06_10_SLU_S1,2,754.5,8,20,43,4.651162790697675
2021_06_10_SLU_S1,2,757.1883495145631,8,19,42,4.523809523809524
2021_06_10_SLU_S1,2,758.0,8,34,82,4.146341463414634
2021_06_10_SLU_S1,2,758.5700808625337,8,16,40,4.0
2021_06_10_SLU_S1,2,759.7221311475411,9,15,40,3.75
2021_06_10_SLU_S1,2,760.9514824797843,9,15,41,3.658536585365854
2021_06_10_SLU_S1,2,761.5,9,15,41,3.658536585365854
2021_06_10_SLU_S1,2,766.2560553633218,9,15,40,3.75
2021_06_10_SLU_S1,2,766.4970873786408,9,15,40,3.75
2021_06_10_SLU_S1,2,769.4615784008307,9,14,35,4.0
2021_06_10_SLU_S1,2,775.3910034602077,8,15,34,4.411764705882353
2021_06_10_SLU_S1,3,617.4985074626866,6,9,22,4.090909090909091
2021_06_10_SLU_S1,3,620.9858974358974,7,9,26,3.4615384615384617
2021_06_10_SLU_S1,3,624.1343283582089,7,11,29,3.793103448275862
2021_06_10_SLU_S1,3,624.2492307692308,7,11,29,3.793103448275862
2021_06_10_SLU_S1,3,626.5753846153846,7,11,32,3.4375
2021_06_10_SLU_S1,3,630.6358208955224,7,14,38,3.6842105263157894
2021_06_10_SLU_S1,3,632.7353846153846,7,14,38,3.6842105263157894
2021_06_10_SLU_S1,3,636.1537807986407,7,16,40,4.0
2021_06_10_SLU_S1,3,636.5,7,16,40,4.0
2021_06_10_SLU_S1,3,642.0024370430544,8,15,39,3.8461538461538463
2021_06_10_SLU_S1,3,642.7723076923077,8,15,38,3.9473684210526314
2021_06_10_SLU_S1,3,714.4008935824533,8,14,29,4.827586206896552
2021_06_10_SLU_S1,3,716.4652777777778,8,13,29,4.482758620689655
2021_06_10_SLU_S1,3,718.8787878787879,8,15,32,4.6875
2021_06_10_SLU_S1,3,720.5463038180342,8,16,33,4.848484848484849
2021_06_10_SLU_S1,3,720.6235721703011,8,16,33,4.848484848484849
2021_06_10_SLU_S1,3,720.9941860465117,8,15,32,4.6875
2021_06_10_SLU_S1,3,732.9342560553633,9,16,40,4.0
2021_06_10_SLU_S1,3,735.2559709241953,9,16,40,4.0
2021_06_10_SLU_S1,3,736.0484429065743,9,16,40,4.0
2021_06_10_SLU_S1,3,737.2318662404721,9,16,40,4.0
2021_06_10_SLU_S1,3,737.3846153846154,9,16,40,4.0
2021_06_10_SLU_S1,3,738.3846153846154,9,18,42,4.285714285714286
2021_06_10_SLU_S1,3,739.3356401384083,9,18,42,4.285714285714286
2021_06_10_SLU_S1,3,741.6185983827493,8,18,41,4.390243902439025
2021_06_10_SLU_S1,3,746.2461059190031,8,18,42,4.285714285714286
2021_06_10_SLU_S1,3,749.1280276816609,8,20,42,4.761904761904762
2021_06_10_SLU_S1,3,754.5,8,20,43,4.651162790697675
2021_06_10_SLU_S1,3,757.1883495145631,8,19,42,4.523809523809524
2021_06_10_SLU_S1,3,758.0,8,34,82,4.146341463414634
2021_06_10_SLU_S1,3,758.5700808625337,8,16,40,4.0
2021_06_10_SLU_S1,3,759.7221311475411,9,15,40,3.75
2021_06_10_SLU_S1,3,760.9514824797843,9,15,41,3.658536585365854
2021_06_10_SLU_S1,3,761.5,9,15,41,3.658536585365854
2021_06_10_SLU_S1,3,766.2560553633218,9,15,40,3.75
2021_06_10_SLU_S1,3,766.4970873786408,9,15,40,3.75
2021_06_10_SLU_S1,3,769.4615784008307,9,14,35,4.0
2021_06_10_SLU_S1,3,775.3910034602077,8,15,34,4.411764705882353
2021_06_10_SLU_S1,4,617.4985074626866,6,9,22,4.090909090909091
2021_06_10_SLU_S1,4,620.9858974358974,7,9,26,3.4615384615384617
2021_06_10_SLU_S1,4,624.1343283582089,7,11,29,3.793103448275862
2021_06_10_SLU_S1,4,624.2492307692308,7,11,29,3.793103448275862
2021_06_10_SLU_S1,4,626.5753846153846,7,11,32,3.4375
2021_06_10_SLU_S1,4,630.6358208955224,7,14,38,3.6842105263157894
2021_06_10_SLU_S1,4,632.7353846153846,7,14,38,3.6842105263157894
2021_06_10_SLU_S1,4,636.1537807986407,7,16,40,4.0
2021_06_10_SLU_S1,4,636.5,7,16,40,4.0
2021_06_10_SLU_S1,4,642.0024370430544,8,15,39,3.8461538461538463
2021_06_10_SLU_S1,4,642.7723076923077,8,15,38,3.9473684210526314
2021_06_10_SLU_S1,4,714.4008935824533,8,14,29,4.827586206896552
2021_06_10_SLU_S1,4,716.4652777777778,8,13,29,4.482758620689655
2021_06_10_SLU_S1,4,718.8787878787879,8,15,32,4.6875
2021_06_10_SLU_S1,4,720.5463038180342,8,16,33,4.848484848484849
2021_06_10_SLU_S1,4,720.6235721703011,8,16,33,4.848484848484849
2021_06_10_SLU_S1,4,720.9941860465117,8,15,32,4.6875
2021_06_10_SLU_S1,4,732.9342560553633,9,16,40,4.0
2021_06_10_SLU_S1,4,735.2559709241953,9,16,40,4.0
2021_06_10_SLU_S1,4,736.0484429065743,9,16,40,4.0
2021_06_10_SLU_S1,4,737.2318662404721,9,16,40,4.0
2021_06_10_SLU_S1,4,737.3846153846154,9,16,40,4.0
2021_06_10_SLU_S1,4,738.3846153846154,9,18,42,4.285714285714286
2021_06_10_SLU_S1,4,739.3356401384083,9,18,42,4.285714285714286
2021_06_10_SLU_S1,4,741.6185983827493,8,18,41,4.390243902439025
2021_06_10_SLU_S1,4,746.2461059190031,8,18,42,4.285714285714286
2021_06_10_SLU_S1,4,749.1280276816609,8,20,42,4.761904761904762
2021_06_10_SLU_S1,4,754.5,8,20,43,4.651162790697675
2021_06_10_SLU_S1,4,757.1883495145631,8,19,42,4.523809523809524
2021_06_10_SLU_S1,4,758.0,8,34,82,4.146341463414634
2021_06_10_SLU_S1,4,758.5700808625337,8,16,40,4.0
2021_06_10_SLU_S1,4,759.7221311475411,9,15,40,3.75
2021_06_10_SLU_S1,4,760.9514824797843,9,15,41,3.658536585365854
2021_06_10_SLU_S1,4,761.5,9,15,41,3.658536585365854
2021_06_10_SLU_S1,4,766.2560553633218,9,15,40,3.75
2021_06_10_SLU_S1,4,766.4970873786408,9,15,40,3.75
2021_06_10_SLU_S1,4,769.4615784008307,9,14,35,4.0
2021_06_10_SLU_S1,4,775.3910034602077,8,15,34,4.411764705882353
2021_06_10_SLU_S1,5,617.4985074626866,6,9,22,4.090909090909091
2021_06_10_SLU_S1,5,620.9858974358974,7,9,26,3.4615384615384617
2021_06_10_SLU_S1,5,624.1343283582089,7,11,29,3.793103448275862
2021_06_10_SLU_S1,5,624.2492307692308,7,11,29,3.793103448275862
2021_06_10_SLU_S1,5,626.5753846153846,7,11,32,3.4375
2021_06_10_SLU_S1,5,630.6358208955224,7,14,38,3.6842105263157894
2021_06_10_SLU_S1,5,632.7353846153846,7,14,38,3.6842105263157894
2021_06_10_SLU_S1,5,636.1537807986407,7,16,40,4.0
2021_06_10_SLU_S1,5,636.5,7,16,40,4.0
2021_06_10_SLU_S1,5,642.0024370430544,8,15,39,3.8461538461538463
2021_06_10_SLU_S1,5,642.7723076923077,8,15,38,3.9473684210526314
2021_06_10_SLU_S1,5,714.4008935824533,8,14,29,4.827586206896552
2021_06_10_SLU_S1,5,716.4652777777778,8,13,29,4.482758620689655
2021_06_10_SLU_S1,5,718.8787878787879,8,15,32,4.6875
2021_06_10_SLU_S1,5,720.5463038180342,8,16,33,4.848484848484849
2021_06_10_SLU_S1,5,720.6235721703011,8,16,33,4.848484848484849
2021_06_10_SLU_S1,5,720.9941860465117,8,15,32,4.6875
2021_06_10_SLU_S1,5,732.9342560553633,9,16,40,4.0
2021_06_10_SLU_S1,5,735.2559709241953,9,16,40,4.0
2021_06_10_SLU_S1,5,736.0484429065743,9,16,40,4.0
2021_06_10_SLU_S1,5,737.2318662404721,9,16,40,4.0
2021_06_10_SLU_S1,5,737.3846153846154,9,16,40,4.0
2021_06_10_SLU_S1,5,738.3846153846154,9,18,42,4.285714285714286
2021_06_10_SLU_S1,5,739.3356401384083,9,18,42,4.285714285714286
2021_06_10_SLU_S1,5,741.6185983827493,8,18,41,4.390243902439025
2021_06_10_SLU_S1,5,746.2461059190031,8,18,42,4.285714285714286
2021_06_10_SLU_S1,5,749.1280276816609,8,20,42,4.761904761904762
2021_06_10_SLU_S1,5,754.5,8,20,43,4.651162790697675
2021_06_10_SLU_S1,5,757.1883495145631,8,19,42,4.523809523809524
2021_06_10_SLU_S1,5,758.0,8,34,82,4.146341463414634
2021_06_10_SLU_S1,5,758.5700808625337,8,16,40,4.0
2021_06_10_SLU_S1,5,759.7221311475411,9,15,40,3.75
2021_06_10_SLU_S1,5,760.9514824797843,9,15,41,3.658536585365854
2021_06_10_SLU_S1,5,761.5,9,15,41,3.658536585365854
2021_06_10_SLU_S1,5,766.2560553633218,9,15,40,3.75
2021_06_10_SLU_S1,5,766.4970873786408,9,15,40,3.75
2021_06_10_SLU_S1,5,769.4615784008307,9,14,35,4.0
2021_06_10_SLU_S1,5,775.3910034602077,8,15,34,4.411764705882353
2021_06_10_SLU_S1,6,617.4985074626866,6,9,22,4.090909090909091
2021_06_10_SLU_S1,6,620.9858974358974,7,9,26,3.4615384615384617
2021_06_10_SLU_S1,6,624.1343283582089,7,11,29,3.793103448275862
2021_06_10_SLU_S1,6,624.2492307692308,7,11,29,3.793103448275862
2021_06_10_SLU_S1,6,626.5753846153846,7,11,32,3.4375
2021_06_10_SLU_S1,6,630.6358208955224,7,14,38,3.6842105263157894
2021_06_10_SLU_S1,6,632.7353846153846,7,14,38,3.6842105263157894
2021_06_10_SLU_S1,6,636.1537807986407,7,16,40,4.0
2021_06_10_SLU_S1,6,636.5,7,16,40,4.0
2021_06_10_SLU_S1,6,642.0024370430544,8,15,39,3.8461538461538463
2021_06_10_SLU_S1,6,642.7723076923077,8,15,38,3.9473684210526314
2021_06_10_SLU_S1,6,714.4008935824533,8,14,29,4.827586206896552
2021_06_10_SLU_S1,6,716.4652777777778,8,13,29,4.482758620689655
2021_06_10_SLU_S1,6,718.8787878787879,8,15,32,4.6875
2021_06_10_SLU_S1,6,720.5463038180342,8,16,33,4.848484848484849
2021_06_10_SLU_S1,6,720.6235721703011,8,16,33,4.848484848484849
2021_06_10_SLU_S1,6,720.9941860465117,8,15,32,4.6875
2021_06_10_SLU_S1,6,732.9342560553633,9,16,40,4.0
2021_06_10_SLU_S1,6,735.2559709241953,9,16,40,4.0
2021_06_10_SLU_S1,6,736.0484429065743,9,16,40,4.0
2021_06_10_SLU_S1,6,737.2318662404721,9,16,40,4.0
2021_06_10_SLU_S1,6,737.3846153846154,9,16,40,4.0
2021_06_10_SLU_S1,6,738.3846153846154,9,18,42,4.285714285714286
2021_06_10_SLU_S1,6,739.3356401384083,9,18,42,4.285714285714286
2021_06_10_SLU_S1,6,741.6185983827493,8,18,41,4.390243902439025
2021_06_10_SLU_S1,6,746.2461059190031,8,18,42,4.285714285714286
2021_06_10_SLU_S1,6,749.1280276816609,8,20,42,4.761904761904762
2021_06_10_SLU_S1,6,754.5,8,20,43,4.651162790697675
2021_06_10_SLU_S1,6,757.1883495145631,8,19,42,4.523809523809524
2021_06_10_SLU_S1,6,758.0,8,34,82,4.146341463414634
2021_06_10_SLU_S1,6,758.5700808625337,8,16,40,4.0
2021_06_10_SLU_S1,6,759.7221311475411,9,15,40,3.75
2021_06_10_SLU_S1,6,760.9514824797843,9,15,41,3.658536585365854
2021_06_10_SLU_S1,6,761.5,9,15,41,3.658536585365854
2021_06_10_SLU_S1,6,766.2560553633218,9,15,40,3.75
2021_06_10_SLU_S1,6,766.4970873786408,9,15,40,3.75
2021_06_10_SLU_S1,6,769.4615784008307,9,14,35,4.0
2021_06_10_SLU_S1,6,775.3910034602077,8,15,34,4.411764705882353
2021_06_10_SLU_S1,7,617.4985074626866,6,9,22,4.090909090909091
2021_06_10_SLU_S1,7,620.9858974358974,7,9,26,3.4615384615384617
2021_06_10_SLU_S1,7,624.1343283582089,7,11,29,3.793103448275862
2021_06_10_SLU_S1,7,624.2492307692308,7,11,29,3.793103448275862
2021_06_10_SLU_S1,7,626.5753846153846,7,11,32,3.4375
2021_06_10_SLU_S1,7,630.6358208955224,7,14,38,3.6842105263157894
2021_06_10_SLU_S1,7,632.7353846153846,7,14,38,3.6842105263157894
2021_06_10_SLU_S1,7,636.1537807986407,7,16,40,4.0
2021_06_10_SLU_S1,7,636.5,7,16,40,4.0
2021_06_10_SLU_S1,7,642.0024370430544,8,15,39,3.8461538461538463
2021_06_10_SLU_S1,7,642.7723076923077,8,15,38,3.9473684210526314
2021_06_10_SLU_S1,7,714.4008935824533,8,14,29,4.827586206896552
2021_06_10_SLU_S1,7,716.4652777777778,8,13,29,4.482758620689655
2021_06_10_SLU_S1,7,718.8787878787879,8,15,32,4.6875
2021_06_10_SLU_S1,7,720.5463038180342,8,16,33,4.848484848484849
2021_06_10_SLU_S1,7,720.6235721703011,8,16,33,4.848484848484849
2021_06_10_SLU_S1,7,720.9941860465117,8,15,32,4.6875
2021_06_10_SLU_S1,7,732.9342560553633,9,16,40,4.0
2021_06_10_SLU_S1,7,735.2559709241953,9,16,40,4.0
2021_06_10_SLU_S1,7,736.0484429065743,9,16,40,4.0
2021_06_10_SLU_S1,7,737.2318662404721,9,16,40,4.0
2021_06_10_SLU_S1,7,737.3846153846154,9,16,40,4.0
2021_06_10_SLU_S1,7,738.3846153846154,9,18,42,4.285714285714286
2021_06_10_SLU_S1,7,739.3356401384083,9,18,42,4.285714285714286
2021_06_10_SLU_S1,7,741.6185983827493,8,18,41,4.390243902439025
2021_06_10_SLU_S1,7,746.2461059190031,8,18,42,4.285714285714286
2021_06_10_SLU_S1,7,749.1280276816609,8,20,42,4.761904761904762
2021_06_10_SLU_S1,7,754.5,8,20,43,4.651162790697675
2021_06_10_SLU_S1,7,757.1883495145631,8,19,42,4.523809523809524
2021_06_10_SLU_S1,7,758.0,8,34,82,4.146341463414634
2021_06_10_SLU_S1,7,758.5700808625337,8,16,40,4.0
2021_06_10_SLU_S1,7,759.7221311475411,9,15,40,3.75
2021_06_10_SLU_S1,7,760.9514824797843,9,15,41,3.658536585365854
2021_06_10_SLU_S1,7,761.5,9,15,41,3.658536585365854
2021_06_10_SLU_S1,7,766.2560553633218,9,15,40,3.75
2021_06_10_SLU_S1,7,766.4970873786408,9,15,40,3.75
2021_06_10_SLU_S1,7,769.4615784008307,9,14,35,4.0
2021_06_10_SLU_S1,7,775.3910034602077,8,15,34,4.411764705882353
2021_10_01_MZT_S11,2,666.6360392506691,6,13,35,3.7142857142857144
2021_10_01_MZT_S11,2,669.7072243346007,6,14,36,3.888888888888889
2021_10_01_MZT_S11,2,670.071599045346,6,14,36,3.888888888888889
2021_10_01_MZT_S11,2,675.2931937172775,6,17,35,4.857142857142857
2021_10_01_MZT_S11,2,677.9221360381862,6,16,31,5.161290322580645
2021_10_01_MZT_S11,2,678.3719892952721,6,15,32,4.6875
2021_10_01_MZT_S11,2,679.425855513308,6,15,31,4.838709677419355
2021_10_01_MZT_S11,2,687.3562231759657,7,13,29,4.482758620689655
2021_10_01_MZT_S11,2,689.0781622911694,7,15,32,4.6875
2021_10_01_MZT_S11,2,692.1129261363636,7,16,32,5.0
2021_10_01_MZT_S11,2,692.4138054363377,7,16,32,5.0
2021_10_01_MZT_S11,2,693.4014272970562,7,17,33,5.151515151515151
2021_10_01_MZT_S11,2,695.1933174224343,7,18,35,5.142857142857143
2021_10_01_MZT_S11,2,699.407816229117,7,15,33,4.545454545454546
2021_10_01_MZT_S11,2,903.5200421940928,4,15,26,5.769230769230769
2021_10_01_MZT_S11,2,905.5463902147972,4,14,25,5.6
2021_10_01_MZT_S11,2,906.7906976744188,4,13,24,5.416666666666667
2021_10_01_MZT_S11,2,908.736279401283,4,13,25,5.2
2021_10_01_MZT_S11,2,909.8022727272728,4,13,24,5.416666666666667
2021_10_01_MZT_S11,2,917.7752808988764,5,11,27,4.074074074074074
2021_10_01_MZT_S11,2,917.8090909090909,5,11,27,4.074074074074074
2021_10_01_MZT_S11,2,923.1123595505618,6,11,28,3.9285714285714284
2021_10_01_MZT_S11,2,929.8370786516854,5,10,25,4.0
2021_10_01_MZT_S11,2,930.0,5,10,25,4.0
2021_10_01_MZT_S11,2,940.071770334928,5,11,25,4.4
2021_10_01_MZT_S11,2,943.5277777777778,5,11,24,4.583333333333333
2021_10_01_MZT_S11,2,945.25,5,11,22,5.0
2021_10_01_MZT_S11,2,946.3322368421052,5,14,27,5.185185185185185
2021_10_01_MZT_S11,2,948.8,6,14,27,5.185185185185185
2021_10_01_MZT_S11,2,950.9593301435408,6,12,25,4.8
2021_10_01_MZT_S11,2,955.119170984456,6,13,25,5.2
2021_10_01_MZT_S11,2,957.05,6,13,25,5.2
2021_10_01_MZT_S11,2,960.7772020725388,6,12,27,4.444444444444445
2021_10_01_MZT_S11,2,965.3359013867488,5,10,25,4.0
2021_10_01_MZT_S11,2,965.3875598086124,5,10,25,4.0
2021_10_01_MZT_S11,2,965.6580310880828,5,10,27,3.7037037037037037
2021_10_01_MZT_S11,2,990.5,5,4,25,1.6
2021_10_01_MZT_S11,2,991.1980830670926,5,4,26,1.5384615384615385
2021_10_01_MZT_S11,2,1009.0,6,6,25,2.4
2021_10_01_MZT_S11,2,1016.0,6,6,30,2.0
2021_10_01_MZT_S11,2,1016.7067137809188,6,6,30,2.0
2021_10_01_MZT_S11,2,1028.2102473498232,6,9,30,3.0
2021_10_01_MZT_S11,2,1032.1911764705883,6,9,34,2.6470588235294117
2021_10_01_MZT_S11,2,1034.1433823529412,6,10,35,2.857142857142857
2021_10_01_MZT_S11,2,1037.485294117647,6,9,36,2.5
2021_10_01_MZT_S11,2,1043.375,6,10,36,2.7777777777777777
2021_10_01_MZT_S11,2,1047.7757352941176,6,12,36,3.3333333333333335
2021_10_01_MZT_S11,2,1048.9338235294117,6,11,34,3.235294117647059
2021_10_01_MZT_S11,2,1054.0,6,11,31,3.5483870967741935
2021_10_01_MZT_S11,2,1055.3636363636365,6,10,29,3.4482758620689653
2021_10_01_MZT_S11,2,1059.3636363636365,6,9,27,3.3333333333333335
2021_10_01_MZT_S11,2,1064.989247311828,6,9,27,3.3333333333333335
2021_10_01_MZT_S11,2,1067.489247311828,6,9,26,3.4615384615384617
2021_10_01_MZT_S11,2,1069.9973333333332,5,7,22,3.1818181818181817
2021_10_01_MZT_S11,2,1081.8235294117649,5,5,17,2.9411764705882355
2021_10_01_MZT_S11,2,1149.0570071258908,4,3,5,6.0
2021_10_01_MZT_S11,2,1149.2695652173911,4,3,5,6.0
2021_10_01_MZT_S11,2,1158.5,4,3,4,7.5
2021_10_01_MZT_S11,3,666.6360392506691,6,13,35,3.7142857142857144
2021_10_01_MZT_S11,3,669.7072243346007,6,14,36,3.888888888888889
2021_10_01_MZT_S11,3,670.071599045346,6,14,36,3.888888888888889
2021_10_01_MZT_S11,3,675.2931937172775,6,17,35,4.857142857142857
2021_10_01_MZT_S11,3,677.9221360381862,6,16,31,5.161290322580645
2021_10_01_MZT_S11,3,678.3719892952721,6,15,32,4.6875
2021_10_01_MZT_S11,3,679.425855513308,6,15,31,4.838709677419355
2021_10_01_MZT_S11,3,687.3562231759657,7,13,29,4.482758620689655
2021_10_01_MZT_S11,3,689.0781622911694,7,15,32,4.6875
2021_10_01_MZT_S11,3,692.1129261363636,7,16,32,5.0
2021_10_01_MZT_S11,3,692.4138054363377,7,16,32,5.0
2021_10_01_MZT_S11,3,693.4014272970562,7,17,33,5.151515151515151
2021_10_01_MZT_S11,3,695.1933174224343,7,18,35,5.142857142857143
2021_10_01_MZT_S11,3,699.407816229117,7,15,33,4.545454545454546
2021_10_01_MZT_S11,3,903.5200421940928,4,15,26,5.769230769230769
2021_10_01_MZT_S11,3,905.5463902147972,4,14,25,5.6
2021_10_01_MZT_S11,3,906.7906976744188,4,13,24,5.416666666666667
2021_10_01_MZT_S11,3,908.736279401283,4,13,25,5.2
2021_10_01_MZT_S11,3,909.8022727272728,4,13,24,5.416666666666667
2021_10_01_MZT_S11,3,917.7752808988764,5,11,27,4.074074074074074
2021_10_01_MZT_S11,3,917.8090909090909,5,11,27,4.074074074074074
2021_10_01_MZT_S11,3,923.1123595505618,6,11,28,3.9285714285714284
2021_10_01_MZT_S11,3,929.8370786516854,5,10,25,4.0
2021_10_01_MZT_S11,3,930.0,5,10,25,4.0
2021_10_01_MZT_S11,3,940.071770334928,5,11,25,4.4
2021_10_01_MZT_S11,3,943.5277777777778,5,11,24,4.583333333333333
2021_10_01_MZT_S11,3,945.25,5,11,22,5.0
2021_10_01_MZT_S11,3,946.3322368421052,5,14,27,5.185185185185185
2021_10_01_MZT_S11,3,948.8,6,14,27,5.185185185185185
2021_10_01_MZT_S11,3,950.9593301435408,6,12,25,4.8
2021_10_01_MZT_S11,3,955.119170984456,6,13,25,5.2
2021_10_01_MZT_S11,3,957.05,6,13,25,5.2
2021_10_01_MZT_S11,3,960.7772020725388,6,12,27,4.444444444444445
2021_10_01_MZT_S11,3,965.3359013867488,5,10,25,4.0
2021_10_01_MZT_S11,3,965.3875598086124,5,10,25,4.0
2021_10_01_MZT_S11,3,965.6580310880828,5,10,27,3.7037037037037037
2021_10_01_MZT_S11,3,990.5,5,4,25,1.6
2021_10_01_MZT_S11,3,991.1980830670926,5,4,26,1.5384615384615385
2021_10_01_MZT_S11,3,1009.0,6,6,25,2.4
2021_10_01_MZT_S11,3,1016.0,6,6,30,2.0
2021_10_01_MZT_S11,3,1016.7067137809188,6,6,30,2.0
2021_10_01_MZT_S11,3,1028.2102473498232,6,9,30,3.0
2021_10_01_MZT_S11,3,1032.1911764705883,6,9,34,2.6470588235294117
2021_10_01_MZT_S11,3,1034.1433823529412,6,10,35,2.857142857142857
2021_10_01_MZT_S11,3,1037.485294117647,6,9,36,2.5
2021_10_01_MZT_S11,3,1043.375,6,10,36,2.7777777777777777
2021_10_01_MZT_S11,3,1047.7757352941176,6,12,36,3.3333333333333335
2021_10_01_MZT_S11,3,1048.9338235294117,6,11,34,3.235294117647059
2021_10_01_MZT_S11,3,1054.0,6,11,31,3.5483870967741935
2021_10_01_MZT_S11,3,1055.3636363636365,6,10,29,3.4482758620689653
2021_10_01_MZT_S11,3,1059.3636363636365,6,9,27,3.3333333333333335
2021_10_01_MZT_S11,3,1064.989247311828,6,9,27,3.3333333333333335
2021_10_01_MZT_S11,3,1067.489247311828,6,9,26,3.4615384615384617
2021_10_01_MZT_S11,3,1069.9973333333332,5,7,22,3.1818181818181817
2021_10_01_MZT_S11,3,1081.8235294117649,5,5,17,2.9411764705882355
2021_10_01_MZT_S11,3,1149.0570071258908,4,3,5,6.0
2021_10_01_MZT_S11,3,1149.2695652173911,4,3,5,6.0
2021_10_01_MZT_S11,3,1158.5,4,3,4,7.5
2021_10_01_MZT_S11,4,666.6360392506691,6,13,35,3.7142857142857144
2021_10_01_MZT_S11,4,669.7072243346007,6,14,36,3.888888888888889
2021_10_01_MZT_S11,4,670.071599045346,6,14,36,3.888888888888889
2021_10_01_MZT_S11,4,675.2931937172775,6,17,35,4.857142857142857
2021_10_01_MZT_S11,4,677.9221360381862,6,16,31,5.161290322580645
2021_10_01_MZT_S11,4,678.3719892952721,6,15,32,4.6875
2021_10_01_MZT_S11,4,679.425855513308,6,15,31,4.838709677419355
2021_10_01_MZT_S11,4,687.3562231759657,7,13,29,4.482758620689655
2021_10_01_MZT_S11,4,689.0781622911694,7,15,32,4.6875
2021_10_01_MZT_S11,4,692.1129261363636,7,16,32,5.0
2021_10_01_MZT_S11,4,692.4138054363377,7,16,32,5.0
2021_10_01_MZT_S11,4,693.4014272970562,7,17,33,5.151515151515151
2021_10_01_MZT_S11,4,695.1933174224343,7,18,35,5.142857142857143
2021_10_01_MZT_S11,4,699.407816229117,7,15,33,4.545454545454546
2021_10_01_MZT_S11,4,903.5200421940928,4,15,26,5.769230769230769
2021_10_01_MZT_S11,4,905.5463902147972,4,14,25,5.6
2021_10_01_MZT_S11,4,906.7906976744188,4,13,24,5.416666666666667
2021_10_01_MZT_S11,4,908.736279401283,4,13,25,5.2
2021_10_01_MZT_S11,4,909.8022727272728,4,13,24,5.416666666666667
2021_10_01_MZT_S11,4,917.7752808988764,5,11,27,4.074074074074074
2021_10_01_MZT_S11,4,917.8090909090909,5,11,27,4.074074074074074
2021_10_01_MZT_S11,4,923.1123595505618,6,11,28,3.9285714285714284
2021_10_01_MZT_S11,4,929.8370786516854,5,10,25,4.0
2021_10_01_MZT_S11,4,930.0,5,10,25,4.0
2021_10_01_MZT_S11,4,940.071770334928,5,11,25,4.4
2021_10_01_MZT_S11,4,943.5277777777778,5,11,24,4.583333333333333
2021_10_01_MZT_S11,4,945.25,5,11,22,5.0
2021_10_01_MZT_S11,4,946.3322368421052,5,14,27,5.185185185185185
2021_10_01_MZT_S11,4,948.8,6,14,27,5.185185185185185
2021_10_01_MZT_S11,4,950.9593301435408,6,12,25,4.8
2021_10_01_MZT_S11,4,955.119170984456,6,13,25,5.2
2021_10_01_MZT_S11,4,957.05,6,13,25,5.2
2021_10_01_MZT_S11,4,960.7772020725388,6,12,27,4.444444444444445
2021_10_01_MZT_S11,4,965.3359013867488,5,10,25,4.0
2021_10_01_MZT_S11,4,965.3875598086124,5,10,25,4.0
2021_10_01_MZT_S11,4,965.6580310880828,5,10,27,3.7037037037037037
2021_10_01_MZT_S11,4,990.5,5,4,25,1.6
2021_10_01_MZT_S11,4,991.1980830670926,5,4,26,1.5384615384615385
2021_10_01_MZT_S11,4,1009.0,6,6,25,2.4
2021_10_01_MZT_S11,4,1016.0,6,6,30,2.0
2021_10_01_MZT_S11,4,1016.7067137809188,6,6,30,2.0
2021_10_01_MZT_S11,4,1028.2102473498232,6,9,30,3.0
2021_10_01_MZT_S11,4,1032.1911764705883,6,9,34,2.6470588235294117
2021_10_01_MZT_S11,4,1034.1433823529412,6,10,35,2.857142857142857
2021_10_01_MZT_S11,4,1037.485294117647,6,9,36,2.5
2021_10_01_MZT_S11,4,1043.375,6,10,36,2.7777777777777777
2021_10_01_MZT_S11,4,1047.7757352941176,6,12,36,3.3333333333333335
2021_10_01_MZT_S11,4,1048.9338235294117,6,11,34,3.235294117647059
2021_10_01_MZT_S11,4,1054.0,6,11,31,3.5483870967741935
2021_10_01_MZT_S11,4,1055.3636363636365,6,10,29,3.4482758620689653
2021_10_01_MZT_S11,4,1059.3636363636365,6,9,27,3.3333333333333335
2021_10_01_MZT_S11,4,1064.989247311828,6,9,27,3.3333333333333335
2021_10_01_MZT_S11,4,1067.489247311828,6,9,26,3.4615384615384617
2021_10_01_MZT_S11,4,1069.9973333333332,5,7,22,3.1818181818181817
2021_10_01_MZT_S11,4,1081.8235294117649,5,5,17,2.9411764705882355
2021_10_01_MZT_S11,4,1149.0570071258908,4,3,5,6.0
2021_10_01_MZT_S11,4,1149.2695652173911,4,3,5,6.0
2021_10_01_MZT_S11,4,1158.5,4,3,4,7.5
2021_10_01_MZT_S11,5,666.6360392506691,6,13,35,3.7142857142857144
2021_10_01_MZT_S11,5,669.7072243346007,6,14,36,3.888888888888889
2021_10_01_MZT_S11,5,670.071599045346,6,14,36,3.888888888888889
2021_10_01_MZT_S11,5,675.2931937172775,6,17,35,4.857142857142857
2021_10_01_MZT_S11,5,677.9221360381862,6,16,31,5.161290322580645
2021_10_01_MZT_S11,5,678.3719892952721,6,15,32,4.6875
2021_10_01_MZT_S11,5,679.425855513308,6,15,31,4.838709677419355
2021_10_01_MZT_S11,5,687.3562231759657,7,13,29,4.482758620689655
2021_10_01_MZT_S11,5,689.0781622911694,7,15,32,4.6875
2021_10_01_MZT_S11,5,692.1129261363636,7,16,32,5.0
2021_10_01_MZT_S11,5,692.4138054363377,7,16,32,5.0
2021_10_01_MZT_S11,5,693.4014272970562,7,17,33,5.151515151515151
2021_10_01_MZT_S11,5,695.1933174224343,7,18,35,5.142857142857143
2021_10_01_MZT_S11,5,699.407816229117,7,15,33,4.545454545454546
2021_10_01_MZT_S11,5,903.5200421940928,4,15,26,5.769230769230769
2021_10_01_MZT_S11,5,905.5463902147972,4,14,25,5.6
2021_10_01_MZT_S11,5,906.7906976744188,4,13,24,5.416666666666667
2021_10_01_MZT_S11,5,908.736279401283,4,13,25,5.2
2021_10_01_MZT_S11,5,909.8022727272728,4,13,24,5.416666666666667
2021_10_01_MZT_S11,5,917.7752808988764,5,11,27,4.074074074074074
2021_10_01_MZT_S11,5,917.8090909090909,5,11,27,4.074074074074074
2021_10_01_MZT_S11,5,923.1123595505618,6,11,28,3.9285714285714284
2021_10_01_MZT_S11,5,929.8370786516854,5,10,25,4.0
2021_10_01_MZT_S11,5,930.0,5,10,25,4.0
2021_10_01_MZT_S11,5,940.071770334928,5,11,25,4.4
2021_10_01_MZT_S11,5,943.5277777777778,5,11,24,4.583333333333333
2021_10_01_MZT_S11,5,945.25,5,11,22,5.0
2021_10_01_MZT_S11,5,946.3322368421052,5,14,27,5.185185185185185
2021_10_01_MZT_S11,5,948.8,6,14,27,5.185185185185185
2021_10_01_MZT_S11,5,950.9593301435408,6,12,25,4.8
2021_10_01_MZT_S11,5,955.119170984456,6,13,25,5.2
2021_10_01_MZT_S11,5,957.05,6,13,25,5.2
2021_10_01_MZT_S11,5,960.7772020725388,6,12,27,4.444444444444445
2021_10_01_MZT_S11,5,965.3359013867488,5,10,25,4.0
2021_10_01_MZT_S11,5,965.3875598086124,5,10,25,4.0
2021_10_01_MZT_S11,5,965.6580310880828,5,10,27,3.7037037037037037
2021_10_01_MZT_S11,5,990.5,5,4,25,1.6
2021_10_01_MZT_S11,5,991.1980830670926,5,4,26,1.5384615384615385
2021_10_01_MZT_S11,5,1009.0,6,6,25,2.4
2021_10_01_MZT_S11,5,1016.0,6,6,30,2.0
2021_10_01_MZT_S11,5,1016.7067137809188,6,6,30,2.0
2021_10_01_MZT_S11,5,1028.2102473498232,6,9,30,3.0
2021_10_01_MZT_S11,5,1032.1911764705883,6,9,34,2.6470588235294117
2021_10_01_MZT_S11,5,1034.1433823529412,6,10,35,2.857142857142857
2021_10_01_MZT_S11,5,1037.485294117647,6,9,36,2.5
2021_10_01_MZT_S11,5,1043.375,6,10,36,2.7777777777777777
2021_10_01_MZT_S11,5,1047.7757352941176,6,12,36,3.3333333333333335
2021_10_01_MZT_S11,5,1048.9338235294117,6,11,34,3.235294117647059
2021_10_01_MZT_S11,5,1054.0,6,11,31,3.5483870967741935
2021_10_01_MZT_S11,5,1055.3636363636365,6,10,29,3.4482758620689653
2021_10_01_MZT_S11,5,1059.3636363636365,6,9,27,3.3333333333333335
2021_10_01_MZT_S11,5,1064.989247311828,6,9,27,3.3333333333333335
2021_10_01_MZT_S11,5,1067.489247311828,6,9,26,3.4615384615384617
2021_10_01_MZT_S11,5,1069.9973333333332,5,7,22,3.1818181818181817
2021_10_01_MZT_S11,5,1081.8235294117649,5,5,17,2.9411764705882355
2021_10_01_MZT_S11,6,666.6360392506691,6,13,35,3.7142857142857144
2021_10_01_MZT_S11,6,669.7072243346007,6,14,36,3.888888888888889
2021_10_01_MZT_S11,6,670.071599045346,6,14,36,3.888888888888889
2021_10_01_MZT_S11,6,675.2931937172775,6,17,35,4.857142857142857
2021_10_01_MZT_S11,6,677.9221360381862,6,16,31,5.161290322580645
2021_10_01_MZT_S11,6,678.3719892952721,6,15,32,4.6875
2021_10_01_MZT_S11,6,679.425855513308,6,15,31,4.838709677419355
2021_10_01_MZT_S11,6,687.3562231759657,7,13,29,4.482758620689655
2021_10_01_MZT_S11,6,689.0781622911694,7,15,32,4.6875
2021_10_01_MZT_S11,6,692.1129261363636,7,16,32,5.0
2021_10_01_MZT_S11,6,692.4138054363377,7,16,32,5.0
2021_10_01_MZT_S11,6,693.4014272970562,7,17,33,5.151515151515151
2021_10_01_MZT_S11,6,695.1933174224343,7,18,35,5.142857142857143
2021_10_01_MZT_S11,6,699.407816229117,7,15,33,4.545454545454546
2021_10_01_MZT_S11,6,1016.0,6,6,30,2.0
2021_10_01_MZT_S11,6,1016.7067137809188,6,6,30,2.0
2021_10_01_MZT_S11,6,1028.2102473498232,6,9,30,3.0
2021_10_01_MZT_S11,6,1032.1911764705883,6,9,34,2.6470588235294117
2021_10_01_MZT_S11,6,1034.1433823529412,6,10,35,2.857142857142857
2021_10_01_MZT_S11,6,1037.485294117647,6,9,36,2.5
2021_10_01_MZT_S11,6,1043.375,6,10,36,2.7777777777777777
2021_10_01_MZT_S11,6,1047.7757352941176,6,12,36,3.3333333333333335
2021_10_01_MZT_S11,6,1048.9338235294117,6,11,34,3.235294117647059
2021_10_01_MZT_S11,6,1054.0,6,11,31,3.5483870967741935
2021_10_01_MZT_S11,6,1055.3636363636365,6,10,29,3.4482758620689653
2021_10_01_MZT_S11,6,1059.3636363636365,6,9,27,3.3333333333333335
2021_10_01_MZT_S11,6,1064.989247311828,6,9,27,3.3333333333333335
2021_10_01_MZT_S11,6,1067.489247311828,6,9,26,3.4615384615384617
2021_10_01_MZT_S11,6,1069.9973333333332,5,7,22,3.1818181818181817
2021_10_01_MZT_S11,6,1081.8235294117649,5,5,17,2.9411764705882355
2021_10_01_MZT_S11,7,666.6360392506691,6,13,35,3.7142857142857144
2021_10_01_MZT_S11,7,669.7072243346007,6,14,36,3.888888888888889
2021_10_01_MZT_S11,7,670.071599045346,6,14,36,3.888888888888889
2021_10_01_MZT_S11,7,675.2931937172775,6,17,35,4.857142857142857
2021_10_01_MZT_S11,7,677.9221360381862,6,16,31,5.161290322580645
2021_10_01_MZT_S11,7,678.3719892952721,6,15,32,4.6875
2021_10_01_MZT_S11,7,679.425855513308,6,15,31,4.838709677419355
2021_10_01_MZT_S11,7,687.3562231759657,7,13,29,4.482758620689655
2021_10_01_MZT_S11,7,689.0781622911694,7,15,32,4.6875
2021_10_01_MZT_S11,7,692.1129261363636,7,16,32,5.0
2021_10_01_MZT_S11,7,692.4138054363377,7,16,32,5.0
2021_10_01_MZT_S11,7,693.4014272970562,7,17,33,5.151515151515151
2021_10_01_MZT_S11,7,695.1933174224343,7,18,35,5.142857142857143
2021_10_01_MZT_S11,7,699.407816229117,7,15,33,4.545454545454546
