conference,session,source_row_index,sent_index_in_row,sentence,dialogue_act,global_session,speaker,timestamp,global_start_sec,global_end_sec,clip_number,sent_start_sec_est,sent_end_sec_est,global_start_sec_y,global_end_sec_y,session_core,sent_time_sec,annotations,global_timestamp_sec,_utter_row,_sent_idx
2021_04_23_MND_S9,2021_04_23_MND_S9,,,Hey everybody.,,2021_04_23_MND_S9_MND,Cesar de la Fuente UPenn,,,,,975.0,976.0,,,MND,975.5,"{'acknowledge contribution': 'The utterance is a greeting, which acknowledges the presence of everyone in the meeting.'}",975.0,0,0
2021_04_23_MND_S9,2021_04_23_MND_S9,,,I'll briefly introduce myself.,,2021_04_23_MND_S9_MND,Daren Ginete,,,,,1007.0,1008.7721518987341,,,MND,1007.8860759493671,"{'explain or define term or concept': 'The speaker is introducing themself and their role at the Science Philanthropy Alliance, which explains their presence in the meeting.', 'express enthusiasm': 'The speaker expresses excitement about observing the breakout session, indicating a positive sentiment.'}",1007.0,1,0
2021_04_23_MND_S9,2021_04_23_MND_S9,,,My name is Daren and I'm the infectious disease fellow at Science Philanthropy Alliance.,,2021_04_23_MND_S9_MND,Daren Ginete,,,,,1008.7721518987341,1013.9704641350211,,,MND,1011.3713080168776,"{'explain or define term or concept': 'The speaker is introducing themself and their role at the Science Philanthropy Alliance, which explains their presence in the meeting.', 'express enthusiasm': 'The speaker expresses excitement about observing the breakout session, indicating a positive sentiment.'}",1007.0,2,0
2021_04_23_MND_S9,2021_04_23_MND_S9,,,We support funders who are interested in basic science research and so I'm excited to observe in this breakout session.,,2021_04_23_MND_S9_MND,Daren Ginete,,,,,1013.9704641350211,1021.0,,,MND,1017.4852320675105,"{'explain or define term or concept': 'The speaker is introducing themself and their role at the Science Philanthropy Alliance, which explains their presence in the meeting.', 'express enthusiasm': 'The speaker expresses excitement about observing the breakout session, indicating a positive sentiment.'}",1007.0,3,0
2021_04_23_MND_S9,2021_04_23_MND_S9,,,I'll go next.,,2021_04_23_MND_S9_MND,Faranak Fattahi,,,,,704.9999999999999,705.9674418604651,,,MND,705.4837209302325,"[{'explain or define term or concept': ""The speaker explains their lab's work with IPSCs and embryonic stem cells to generate components of the peripheral nervous system, clarifying their research focus for the group.""}]",1712.0,4,0
2021_04_23_MND_S9,2021_04_23_MND_S9,,,"Um, yeah, my name is Faranak Fattahi.",,2021_04_23_MND_S9_MND,Faranak Fattahi,,,,,705.9674418604651,708.7209302325581,,,MND,707.3441860465116,"[{'explain or define term or concept': ""The speaker explains their lab's work with IPSCs and embryonic stem cells to generate components of the peripheral nervous system, clarifying their research focus for the group.""}]",1712.0,5,0
2021_04_23_MND_S9,2021_04_23_MND_S9,,,I'm at UCSF.,,2021_04_23_MND_S9_MND,Faranak Fattahi,,,,,708.7209302325582,709.6139534883721,,,MND,709.1674418604651,"[{'explain or define term or concept': ""The speaker explains their lab's work with IPSCs and embryonic stem cells to generate components of the peripheral nervous system, clarifying their research focus for the group.""}]",1712.0,6,0
2021_04_23_MND_S9,2021_04_23_MND_S9,,,Uh my background is in stem cell and developmental biology and my lab basically uses IPSCs and embryonic stem cells to generate um various components of the peripheral nervous system including the enteric nerves and enteric glial cells.,,2021_04_23_MND_S9_MND,Faranak Fattahi,,,,,709.6139534883721,727.1767441860466,,,MND,718.3953488372093,"[{'explain or define term or concept': ""The speaker explains their lab's work with IPSCs and embryonic stem cells to generate components of the peripheral nervous system, clarifying their research focus for the group.""}]",1712.0,7,0
2021_04_23_MND_S9,2021_04_23_MND_S9,,,"Um so we develop in vitro models of you know, cell cell interaction and how the nerves communicate with um the rest of the GI tract.",,2021_04_23_MND_S9_MND,Faranak Fattahi,,,,,727.1767441860466,737.0,,,MND,732.0883720930233,"[{'explain or define term or concept': ""The speaker explains their lab's work with IPSCs and embryonic stem cells to generate components of the peripheral nervous system, clarifying their research focus for the group.""}]",1712.0,8,0
2021_04_23_MND_S9,2021_04_23_MND_S9,,,"So the effect on the microbiome interestingly could be very indirect too because if your neuromodulation affects the motility, the movement of the gut, then that could affect the composition of the microbiome.",,2021_04_23_MND_S9_MND,Faranak Fattahi,,,,,852.0,867.1505576208178,,,MND,859.5752788104089,"{'expand on existing idea': ""Farahnak expands on the previous discussion of brain-gut interactions by suggesting that neuromodulation's impact on the microbiome could be indirect, through its effects on gut motility."", 'provide supporting evidence': 'Farahnak provides examples of how brain interventions, such as medications for neurological disorders, can disrupt motility and thus potentially affect the microbiome.', 'ask clarifying question': 'Farahnak poses a question about how the microbiome is affected by changes in gut motility caused by brain interventions.'}",1859.0,9,0
2021_04_23_MND_S9,2021_04_23_MND_S9,,,"Um and so many brain interventions like thinking about medications that are given to patients with neurological disorders, they also disrupt motility patterns, they you know, lead to constipation or diarrhea.",,2021_04_23_MND_S9_MND,Faranak Fattahi,,,,,867.1505576208178,882.2286245353159,,,MND,874.6895910780669,"{'expand on existing idea': ""Farahnak expands on the previous discussion of brain-gut interactions by suggesting that neuromodulation's impact on the microbiome could be indirect, through its effects on gut motility."", 'provide supporting evidence': 'Farahnak provides examples of how brain interventions, such as medications for neurological disorders, can disrupt motility and thus potentially affect the microbiome.', 'ask clarifying question': 'Farahnak poses a question about how the microbiome is affected by changes in gut motility caused by brain interventions.'}",1859.0,10,0
2021_04_23_MND_S9,2021_04_23_MND_S9,,,And so how does that then affect the microbiome?,,2021_04_23_MND_S9_MND,Faranak Fattahi,,,,,882.2286245353159,885.7081784386617,,,MND,883.9684014869888,"{'expand on existing idea': ""Farahnak expands on the previous discussion of brain-gut interactions by suggesting that neuromodulation's impact on the microbiome could be indirect, through its effects on gut motility."", 'provide supporting evidence': 'Farahnak provides examples of how brain interventions, such as medications for neurological disorders, can disrupt motility and thus potentially affect the microbiome.', 'ask clarifying question': 'Farahnak poses a question about how the microbiome is affected by changes in gut motility caused by brain interventions.'}",1859.0,11,0
2021_04_23_MND_S9,2021_04_23_MND_S9,,,Um it could be completely indirect just to overall physiology of the gut.,,2021_04_23_MND_S9_MND,Faranak Fattahi,,,,,885.7081784386617,891.0,,,MND,888.3540892193308,"{'expand on existing idea': ""Farahnak expands on the previous discussion of brain-gut interactions by suggesting that neuromodulation's impact on the microbiome could be indirect, through its effects on gut motility."", 'provide supporting evidence': 'Farahnak provides examples of how brain interventions, such as medications for neurological disorders, can disrupt motility and thus potentially affect the microbiome.', 'ask clarifying question': 'Farahnak poses a question about how the microbiome is affected by changes in gut motility caused by brain interventions.'}",1859.0,12,0
2021_04_23_MND_S9,2021_04_23_MND_S9,,,Hello everyone.,,2021_04_23_MND_S9_MND,Flavio Frohlich,,,,,867.0,867.6521739130435,,,MND,867.3260869565217,"{'explain or define term or concept': ""The speaker explains his research focus on brain networks, brain stimulation, and psychiatric illnesses, providing context for his interest in the group's discussion."", 'express enthusiasm': 'The speaker expresses pleasure in joining the group, indicating excitement about the collaboration.'}",1874.0,13,0
2021_04_23_MND_S9,2021_04_23_MND_S9,,,My name is Flavio.,,2021_04_23_MND_S9_MND,Flavio Frohlich,,,,,867.6521739130434,868.4347826086956,,,MND,868.0434782608695,"{'explain or define term or concept': ""The speaker explains his research focus on brain networks, brain stimulation, and psychiatric illnesses, providing context for his interest in the group's discussion."", 'express enthusiasm': 'The speaker expresses pleasure in joining the group, indicating excitement about the collaboration.'}",1874.0,14,0
2021_04_23_MND_S9,2021_04_23_MND_S9,,,It's a pleasure to be with you.,,2021_04_23_MND_S9_MND,Flavio Frohlich,,,,,868.4347826086956,869.7826086956521,,,MND,869.1086956521739,"{'explain or define term or concept': ""The speaker explains his research focus on brain networks, brain stimulation, and psychiatric illnesses, providing context for his interest in the group's discussion."", 'express enthusiasm': 'The speaker expresses pleasure in joining the group, indicating excitement about the collaboration.'}",1874.0,15,0
2021_04_23_MND_S9,2021_04_23_MND_S9,,,I'm at UNC at Chapel Hill.,,2021_04_23_MND_S9_MND,Flavio Frohlich,,,,,869.7826086956521,870.9130434782609,,,MND,870.3478260869565,"{'explain or define term or concept': ""The speaker explains his research focus on brain networks, brain stimulation, and psychiatric illnesses, providing context for his interest in the group's discussion."", 'express enthusiasm': 'The speaker expresses pleasure in joining the group, indicating excitement about the collaboration.'}",1874.0,16,0
2021_04_23_MND_S9,2021_04_23_MND_S9,,,"I study brain networks in a pre-clinical animal model, the ferret and then in humans from basic science to clinical trials focused on brain stimulation to modulate the activity patterns as treatments for psychiatric illnesses and I have a growing interest in understanding what actually cause all these illnesses uh which has led me to all of you.",,2021_04_23_MND_S9_MND,Flavio Frohlich,,,,,870.9130434782608,886.0,,,MND,878.4565217391304,"{'explain or define term or concept': ""The speaker explains his research focus on brain networks, brain stimulation, and psychiatric illnesses, providing context for his interest in the group's discussion."", 'express enthusiasm': 'The speaker expresses pleasure in joining the group, indicating excitement about the collaboration.'}",1874.0,17,0
2021_04_23_MND_S9,2021_04_23_MND_S9,,,"I guess I just following up on on that, you know, I think I'm pretty interested in in also the you know, the brain to the gut or potentially in in other from peripheral nerves to the gut.",,2021_04_23_MND_S9_MND,Harris Wang,,,,,784.0000000000001,796.9541899441341,,,MND,790.4770949720671,"{'expand on existing idea': ""Harris Wang expands on Shikha Nangia's discussion of gut-brain communication by focusing on the brain-to-gut direction and peripheral nerve involvement."", 'provide supporting evidence': 'Harris Wang mentions recent studies on traumatic brain injury and its effects on the microbiome as evidence of brain-gut communication.', 'ask clarifying question': ""Harris Wang asks for thoughts on the mechanisms of brain-gut communication, specifically regarding vagal nerve involvement and peripheral nerve stimulation's effect on the microbiome."", 'encourage participation': ""Harris Wang concludes by asking for others' thoughts on the topic, encouraging participation from other researchers in the discussion.""}",2658.0,18,0
2021_04_23_MND_S9,2021_04_23_MND_S9,,,"Um and it seems like there's been, you know, some recent studies on like, you know, looking at traumatic brain injury and and its effects on the microbiome and it seems like there's some inflammatory responses, but I'm not this is not my area, so I'm curious whether people have any thoughts as to what what are the mechanisms associated with this is it through the the vagal nerves um in a bidirectional fashion.",,2021_04_23_MND_S9_MND,Harris Wang,,,,,796.954189944134,825.5642458100558,,,MND,811.2592178770949,"{'expand on existing idea': ""Harris Wang expands on Shikha Nangia's discussion of gut-brain communication by focusing on the brain-to-gut direction and peripheral nerve involvement."", 'provide supporting evidence': 'Harris Wang mentions recent studies on traumatic brain injury and its effects on the microbiome as evidence of brain-gut communication.', 'ask clarifying question': ""Harris Wang asks for thoughts on the mechanisms of brain-gut communication, specifically regarding vagal nerve involvement and peripheral nerve stimulation's effect on the microbiome."", 'encourage participation': ""Harris Wang concludes by asking for others' thoughts on the topic, encouraging participation from other researchers in the discussion.""}",2658.0,19,0
2021_04_23_MND_S9,2021_04_23_MND_S9,,,"And also there's been some past studies on looking at, you know, peripheral nerve stimulation for immune modulation and and I don't think anyone's I'm not aware of any studies looking at how that might affect like, you know, the microbiome and so I wonder if people have any thoughts about that.",,2021_04_23_MND_S9_MND,Harris Wang,,,,,825.5642458100558,846.0,,,MND,835.7821229050279,"{'expand on existing idea': ""Harris Wang expands on Shikha Nangia's discussion of gut-brain communication by focusing on the brain-to-gut direction and peripheral nerve involvement."", 'provide supporting evidence': 'Harris Wang mentions recent studies on traumatic brain injury and its effects on the microbiome as evidence of brain-gut communication.', 'ask clarifying question': ""Harris Wang asks for thoughts on the mechanisms of brain-gut communication, specifically regarding vagal nerve involvement and peripheral nerve stimulation's effect on the microbiome."", 'encourage participation': ""Harris Wang concludes by asking for others' thoughts on the topic, encouraging participation from other researchers in the discussion.""}",2658.0,20,0
2021_04_23_MND_S9,2021_04_23_MND_S9,,,I'm Harris Wang.,,2021_04_23_MND_S9_MND,Harris Wang,,,,,919.9999999999999,922.2680412371134,,,MND,921.1340206185566,"{'present new idea': ""Harris Wang introduces the idea of developing new genetic tools to engineer microbiomes and understanding the spatial temporal organization of microbial communities in the gut, which hasn't been explicitly mentioned by others yet."", 'expand on existing idea': ""He expands on the general topic of gut-brain modulation by mentioning his lab's emerging interest in engineering probiotics for this purpose, building upon the overall theme of the meeting.""}",2794.0,21,0
2021_04_23_MND_S9,2021_04_23_MND_S9,,,I'm an uh Columbia University at the Medical Center.,,2021_04_23_MND_S9_MND,Harris Wang,,,,,922.2680412371135,929.639175257732,,,MND,925.9536082474227,"{'present new idea': ""Harris Wang introduces the idea of developing new genetic tools to engineer microbiomes and understanding the spatial temporal organization of microbial communities in the gut, which hasn't been explicitly mentioned by others yet."", 'expand on existing idea': ""He expands on the general topic of gut-brain modulation by mentioning his lab's emerging interest in engineering probiotics for this purpose, building upon the overall theme of the meeting.""}",2794.0,22,0
2021_04_23_MND_S9,2021_04_23_MND_S9,,,"Um, uh my lab is focused on developing new genetic tools for to engineer uh microbiomes and uh understanding the spatial temporal organization of microbial communities um in the gut.",,2021_04_23_MND_S9_MND,Harris Wang,,,,,929.639175257732,955.4381443298969,,,MND,942.5386597938144,"{'present new idea': ""Harris Wang introduces the idea of developing new genetic tools to engineer microbiomes and understanding the spatial temporal organization of microbial communities in the gut, which hasn't been explicitly mentioned by others yet."", 'expand on existing idea': ""He expands on the general topic of gut-brain modulation by mentioning his lab's emerging interest in engineering probiotics for this purpose, building upon the overall theme of the meeting.""}",2794.0,23,0
2021_04_23_MND_S9,2021_04_23_MND_S9,,,"Um, and uh yeah, we're we have some emerging interest in in trying to engineer um some of these probiotics uh for gut brain um modulation.",,2021_04_23_MND_S9_MND,Harris Wang,,,,,955.4381443298969,975.0,,,MND,965.2190721649484,"{'present new idea': ""Harris Wang introduces the idea of developing new genetic tools to engineer microbiomes and understanding the spatial temporal organization of microbial communities in the gut, which hasn't been explicitly mentioned by others yet."", 'expand on existing idea': ""He expands on the general topic of gut-brain modulation by mentioning his lab's emerging interest in engineering probiotics for this purpose, building upon the overall theme of the meeting.""}",2794.0,24,0
2021_04_23_MND_S9,2021_04_23_MND_S9,,,"Did you not see any acute changes, I guess?",,2021_04_23_MND_S9_MND,Lawrence David,,,,,935.9999999999999,938.6326530612245,,,MND,937.3163265306122,"{'ask clarifying question': 'Lawrence David asks Tim Sampson to clarify whether acute changes were observed in microbiome composition after spinal cord injury in mice, given the later significant shifts mentioned by Tim.', 'express humor': 'Lawrence David uses ""I guess"" and ""sorry"", which can be interpreted as self-deprecating humor, possibly to soften the directness of the question or to downplay any perceived challenge to Tim\'s findings.'}",2810.0,25,0
2021_04_23_MND_S9,2021_04_23_MND_S9,,,Sorry.,,2021_04_23_MND_S9_MND,Lawrence David,,,,,938.6326530612246,939.0,,,MND,938.8163265306123,"{'ask clarifying question': 'Lawrence David asks Tim Sampson to clarify whether acute changes were observed in microbiome composition after spinal cord injury in mice, given the later significant shifts mentioned by Tim.', 'express humor': 'Lawrence David uses ""I guess"" and ""sorry"", which can be interpreted as self-deprecating humor, possibly to soften the directness of the question or to downplay any perceived challenge to Tim\'s findings.'}",2810.0,26,0
2021_04_23_MND_S9,2021_04_23_MND_S9,,,I'm Lawrence David.,,2021_04_23_MND_S9_MND,Lawrence David,,,,,895.9999999999999,897.3211920529801,,,MND,896.66059602649,"{'explain or define term or concept': ""The speaker is defining their lab's area of expertise, which involves diet-based modulation of the gut microbiome and its impact on the gut-brain axis."", 'expand on existing idea': ""The speaker expands on their lab's work by mentioning a recent dietary intervention involving a prebiotic trial and its effects on behavior and cognition, building upon the initial introduction of their lab's focus on diet-based modulation of the gut microbiome."", 'present new idea': 'The speaker presents the new idea of a dietary intervention around a prebiotic trial and its impact on behavior and cognition, which is a specific project within their broader research area.'}",3706.0,27,0
2021_04_23_MND_S9,2021_04_23_MND_S9,,,I'm at Duke University and down the street from Flavio.,,2021_04_23_MND_S9_MND,Lawrence David,,,,,897.3211920529802,901.1456953642385,,,MND,899.2334437086093,"{'explain or define term or concept': ""The speaker is defining their lab's area of expertise, which involves diet-based modulation of the gut microbiome and its impact on the gut-brain axis."", 'expand on existing idea': ""The speaker expands on their lab's work by mentioning a recent dietary intervention involving a prebiotic trial and its effects on behavior and cognition, building upon the initial introduction of their lab's focus on diet-based modulation of the gut microbiome."", 'present new idea': 'The speaker presents the new idea of a dietary intervention around a prebiotic trial and its impact on behavior and cognition, which is a specific project within their broader research area.'}",3706.0,28,0
2021_04_23_MND_S9,2021_04_23_MND_S9,,,"Uh, our lab works on diet based uh modulation of the gut microbiome and we have a growing interest in um gut brain and recently did a dietary intervention around a prebiotic trial and seeing its impact on behavior and cognition.",,2021_04_23_MND_S9_MND,Lawrence David,,,,,901.1456953642385,917.0,,,MND,909.0728476821192,"{'explain or define term or concept': ""The speaker is defining their lab's area of expertise, which involves diet-based modulation of the gut microbiome and its impact on the gut-brain axis."", 'expand on existing idea': ""The speaker expands on their lab's work by mentioning a recent dietary intervention involving a prebiotic trial and its effects on behavior and cognition, building upon the initial introduction of their lab's focus on diet-based modulation of the gut microbiome."", 'present new idea': 'The speaker presents the new idea of a dietary intervention around a prebiotic trial and its impact on behavior and cognition, which is a specific project within their broader research area.'}",3706.0,29,0
2021_04_23_MND_S9,2021_04_23_MND_S9,,,"See, see no acute changes in the microbiome?",,2021_04_23_MND_S9_MND,Lawrence David,,,,,940.0,972.0,,,MND,956.0,"{'ask clarifying question': ""Lawrence David asks for clarification on whether there were any immediate changes observed in the microbiome following spinal cord injury in mice, referring back to Tim Sampson's description of delayed microbiome shifts.""}",3750.0,30,0
2021_04_23_MND_S9,2021_04_23_MND_S9,,,Sorry.,,2021_04_23_MND_S9_MND,Lawrence David,,,,,781.0,784.0,,,MND,782.5,{'None': 'No code from the codebook applies to this single-word utterance.'},4531.0,31,0
2021_04_23_MND_S9,2021_04_23_MND_S9,,,I'm Leah Pyter.,,2021_04_23_MND_S9_MND,Leah Pyter OSU,,,,,802.0,803.3110539845759,,,MND,802.655526992288,"[{'explain or define term or concept': 'The speaker is defining their role as a neurobiologist and their research interests related to the gut microbiome and cancer-related behavioral comorbidities.'}, {'express enthusiasm': ""The speaker expresses their enthusiasm by stating they are 'really interested in this topic', indicating excitement and encouragement.""}]",4552.0,32,0
2021_04_23_MND_S9,2021_04_23_MND_S9,,,I'm a associate professor at uh Ohio State University.,,2021_04_23_MND_S9_MND,Leah Pyter OSU,,,,,803.3110539845758,808.0308483290488,,,MND,805.6709511568123,"[{'explain or define term or concept': 'The speaker is defining their role as a neurobiologist and their research interests related to the gut microbiome and cancer-related behavioral comorbidities.'}, {'express enthusiasm': ""The speaker expresses their enthusiasm by stating they are 'really interested in this topic', indicating excitement and encouragement.""}]",4552.0,33,0
2021_04_23_MND_S9,2021_04_23_MND_S9,,,"I'm a neurobiologist and I'm interested in the potential role of the gut microbiome in cancer related behavioral comorbidities um due to tumor biology, stress, uh chemotherapy, things like that.",,2021_04_23_MND_S9_MND,Leah Pyter OSU,,,,,808.0308483290489,824.987146529563,,,MND,816.508997429306,"[{'explain or define term or concept': 'The speaker is defining their role as a neurobiologist and their research interests related to the gut microbiome and cancer-related behavioral comorbidities.'}, {'express enthusiasm': ""The speaker expresses their enthusiasm by stating they are 'really interested in this topic', indicating excitement and encouragement.""}]",4552.0,34,0
2021_04_23_MND_S9,2021_04_23_MND_S9,,,"Mostly do rodent modeling, but we also have studying breast cancer patients.",,2021_04_23_MND_S9_MND,Leah Pyter OSU,,,,,824.987146529563,831.6298200514138,,,MND,828.3084832904884,"[{'explain or define term or concept': 'The speaker is defining their role as a neurobiologist and their research interests related to the gut microbiome and cancer-related behavioral comorbidities.'}, {'express enthusiasm': ""The speaker expresses their enthusiasm by stating they are 'really interested in this topic', indicating excitement and encouragement.""}]",4552.0,35,0
2021_04_23_MND_S9,2021_04_23_MND_S9,,,"Um, yeah, and I'm really interested in this topic.",,2021_04_23_MND_S9_MND,Leah Pyter OSU,,,,,831.6298200514138,836.0,,,MND,833.8149100257069,"[{'explain or define term or concept': 'The speaker is defining their role as a neurobiologist and their research interests related to the gut microbiome and cancer-related behavioral comorbidities.'}, {'express enthusiasm': ""The speaker expresses their enthusiasm by stating they are 'really interested in this topic', indicating excitement and encouragement.""}]",4552.0,36,0
2021_04_23_MND_S9,2021_04_23_MND_S9,,,"Hello, so I'm Michael Burton.",,2021_04_23_MND_S9_MND,Michael Burton,,,,,840.0,842.0443864229765,,,MND,841.0221932114882,"{'explain or define term or concept': 'The speaker defines their role as a neuroscientist who studies the interaction between the nervous system and the brain, specifically communication from the periphery to the brain.', 'express enthusiasm': 'The speaker expresses excitement about the conversation, indicating their interest in the topic.'}",4590.0,37,0
2021_04_23_MND_S9,2021_04_23_MND_S9,,,I'm uh assistant professor uh and I am an I guess uh a neuroscientist where we look at the interaction between the nervous system um and the brain and so communication from the periphery to the brain.,,2021_04_23_MND_S9_MND,Michael Burton,,,,,842.0443864229763,856.1436031331592,,,MND,849.0939947780678,"{'explain or define term or concept': 'The speaker defines their role as a neuroscientist who studies the interaction between the nervous system and the brain, specifically communication from the periphery to the brain.', 'express enthusiasm': 'The speaker expresses excitement about the conversation, indicating their interest in the topic.'}",4590.0,38,0
2021_04_23_MND_S9,2021_04_23_MND_S9,,,So kind of up my alley in the context of how you have um interactions or communication from the gut to the brain.,,2021_04_23_MND_S9_MND,Michael Burton,,,,,856.1436031331592,864.1096605744125,,,MND,860.1266318537859,"{'explain or define term or concept': 'The speaker defines their role as a neuroscientist who studies the interaction between the nervous system and the brain, specifically communication from the periphery to the brain.', 'express enthusiasm': 'The speaker expresses excitement about the conversation, indicating their interest in the topic.'}",4590.0,39,0
2021_04_23_MND_S9,2021_04_23_MND_S9,,,So pretty excited about the conversation.,,2021_04_23_MND_S9_MND,Michael Burton,,,,,864.1096605744126,867.0,,,MND,865.5548302872063,"{'explain or define term or concept': 'The speaker defines their role as a neuroscientist who studies the interaction between the nervous system and the brain, specifically communication from the periphery to the brain.', 'express enthusiasm': 'The speaker expresses excitement about the conversation, indicating their interest in the topic.'}",4590.0,40,0
2021_04_23_MND_S9,2021_04_23_MND_S9,,,I don't see it that way at all.,,2021_04_23_MND_S9_MND,Michael Burton,,,,,648.0,651.0,,,MND,649.5,"{'express agreement': ""Michael disagrees with Robert's statement that Michael and Tim have been stuck with him during the meeting, implying he enjoyed the interaction, thus expressing agreement with a positive view of the interaction.""}",5238.0,41,0
2021_04_23_MND_S9,2021_04_23_MND_S9,,,Are we missing anyone?,,2021_04_23_MND_S9_MND,Robert Bryan Jr,,,,,1004.0,1005.0,,,MND,1004.5,"{'encourage participation': ""Robert Bryan Jr. is checking if anyone else wants to introduce themselves, encouraging participation from those who haven't spoken yet.""}",5594.0,42,0
2021_04_23_MND_S9,2021_04_23_MND_S9,,,Don't be shy.,,2021_04_23_MND_S9_MND,Robert Bryan Jr,,,,,1046.0,1047.451776649746,,,MND,1046.725888324873,"{'encourage participation': 'Robert is trying to get someone to volunteer as a scribe by using humor and a threat of randomly assigning the task, which encourages participation.'}",5636.0,43,0
2021_04_23_MND_S9,2021_04_23_MND_S9,,,"You know, last time, last session, uh, Michael, I closed my eyes and pointed to the screen and that's Michael came up.",,2021_04_23_MND_S9_MND,Robert Bryan Jr,,,,,1047.451776649746,1060.6294416243654,,,MND,1054.0406091370558,"{'encourage participation': 'Robert is trying to get someone to volunteer as a scribe by using humor and a threat of randomly assigning the task, which encourages participation.'}",5636.0,44,0
2021_04_23_MND_S9,2021_04_23_MND_S9,,,So I might do the same thing this time if if uh no one volunteers.,,2021_04_23_MND_S9_MND,Robert Bryan Jr,,,,,1060.6294416243654,1068.0,,,MND,1064.3147208121827,"{'encourage participation': 'Robert is trying to get someone to volunteer as a scribe by using humor and a threat of randomly assigning the task, which encourages participation.'}",5636.0,45,0
2021_04_23_MND_S9,2021_04_23_MND_S9,,,"Great, welcome.",,2021_04_23_MND_S9_MND,Robert Bryan Jr,,,,,1021.0000000000001,1022.8028846153846,,,MND,1021.9014423076924,"[{'acknowledge contribution': ""Robert acknowledges Daren's introduction, welcoming him to the session."", 'explaination': ""Robert acknowledges Daren's introduction, welcoming him to the session.""}, {'encourage participation': 'Robert is encouraging participation by asking if anyone wants to be a scribe for the meeting.', 'explaination': 'Robert is encouraging participation by asking if anyone wants to be a scribe for the meeting.'}]",6657.0,46,0
2021_04_23_MND_S9,2021_04_23_MND_S9,,,Is that it?,,2021_04_23_MND_S9_MND,Robert Bryan Jr,,,,,1022.8028846153845,1024.125,,,MND,1023.4639423076923,"[{'acknowledge contribution': ""Robert acknowledges Daren's introduction, welcoming him to the session."", 'explaination': ""Robert acknowledges Daren's introduction, welcoming him to the session.""}, {'encourage participation': 'Robert is encouraging participation by asking if anyone wants to be a scribe for the meeting.', 'explaination': 'Robert is encouraging participation by asking if anyone wants to be a scribe for the meeting.'}]",6657.0,47,0
2021_04_23_MND_S9,2021_04_23_MND_S9,,,"So everybody uh excuse me, it's late for me, but you're going to see me eating some lunch throughout this.",,2021_04_23_MND_S9_MND,Robert Bryan Jr,,,,,1024.1249999999998,1036.8653846153845,,,MND,1030.4951923076922,"[{'acknowledge contribution': ""Robert acknowledges Daren's introduction, welcoming him to the session."", 'explaination': ""Robert acknowledges Daren's introduction, welcoming him to the session.""}, {'encourage participation': 'Robert is encouraging participation by asking if anyone wants to be a scribe for the meeting.', 'explaination': 'Robert is encouraging participation by asking if anyone wants to be a scribe for the meeting.'}]",6657.0,48,0
2021_04_23_MND_S9,2021_04_23_MND_S9,,,"Um, anyway, next item of business is a scribe.",,2021_04_23_MND_S9_MND,Robert Bryan Jr,,,,,1036.8653846153845,1042.3942307692307,,,MND,1039.6298076923076,"[{'acknowledge contribution': ""Robert acknowledges Daren's introduction, welcoming him to the session."", 'explaination': ""Robert acknowledges Daren's introduction, welcoming him to the session.""}, {'encourage participation': 'Robert is encouraging participation by asking if anyone wants to be a scribe for the meeting.', 'explaination': 'Robert is encouraging participation by asking if anyone wants to be a scribe for the meeting.'}]",6657.0,49,0
2021_04_23_MND_S9,2021_04_23_MND_S9,,,So anyone want to be a scribe?,,2021_04_23_MND_S9_MND,Robert Bryan Jr,,,,,1042.394230769231,1046.0,,,MND,1044.1971153846155,"[{'acknowledge contribution': ""Robert acknowledges Daren's introduction, welcoming him to the session."", 'explaination': ""Robert acknowledges Daren's introduction, welcoming him to the session.""}, {'encourage participation': 'Robert is encouraging participation by asking if anyone wants to be a scribe for the meeting.', 'explaination': 'Robert is encouraging participation by asking if anyone wants to be a scribe for the meeting.'}]",6657.0,50,0
2021_04_23_MND_S9,2021_04_23_MND_S9,,,"Oh, I've been talking away and I've been muted.",,2021_04_23_MND_S9_MND,Robert Bryan Jr,,,,,633.0,637.795918367347,,,MND,635.3979591836735,"[{'ask clarifying question': 'The speaker is checking if Michael and Tim can hear him, which is a request for confirmation and clarification.'}, {'express humor': ""The speaker makes a lighthearted comment about Michael and Tim being 'stuck' with him, suggesting a humorous tone.""}]",7290.0,51,0
2021_04_23_MND_S9,2021_04_23_MND_S9,,,"So, um, Michael and Tim, you've been stuck with me this entire meeting, haven't you?",,2021_04_23_MND_S9_MND,Robert Bryan Jr,,,,,637.7959183673469,646.3673469387755,,,MND,642.0816326530612,"[{'ask clarifying question': 'The speaker is checking if Michael and Tim can hear him, which is a request for confirmation and clarification.'}, {'express humor': ""The speaker makes a lighthearted comment about Michael and Tim being 'stuck' with him, suggesting a humorous tone.""}]",7290.0,52,0
2021_04_23_MND_S9,2021_04_23_MND_S9,,,Can you hear me?,,2021_04_23_MND_S9_MND,Robert Bryan Jr,,,,,646.3673469387754,648.0,,,MND,647.1836734693877,"[{'ask clarifying question': 'The speaker is checking if Michael and Tim can hear him, which is a request for confirmation and clarification.'}, {'express humor': ""The speaker makes a lighthearted comment about Michael and Tim being 'stuck' with him, suggesting a humorous tone.""}]",7290.0,53,0
2021_04_23_MND_S9,2021_04_23_MND_S9,,,"Oh, have you uh have you done this before?",,2021_04_23_MND_S9_MND,Robert Bryan Jr,,,,,1076.0,1078.0,,,MND,1077.0,"{'ask clarifying question': ""Robert asks Tim if he has taken notes before, after Tim volunteered to be the scribe, seeking to understand Tim's experience with the task.""}",7733.0,54,0
2021_04_23_MND_S9,2021_04_23_MND_S9,,,Okay.,,2021_04_23_MND_S9_MND,Robert Bryan Jr,,,,,8438.0,8438.0,,,MND,8438.0,{'None': 'This utterance does not fit into any of the codes provided.'},8438.0,55,0
2021_04_23_MND_S9,2021_04_23_MND_S9,,,Okay.,,2021_04_23_MND_S9_MND,Robert Bryan Jr,,,,,1079.0,1079.909090909091,,,MND,1079.4545454545455,"{'express agreement': ""Robert Bryan Jr. expresses agreement with Tim's willingness to be the scribe.""}",8812.0,56,0
2021_04_23_MND_S9,2021_04_23_MND_S9,,,Great.,,2021_04_23_MND_S9_MND,Robert Bryan Jr,,,,,1079.909090909091,1081.0,,,MND,1080.4545454545455,"{'express agreement': ""Robert Bryan Jr. expresses agreement with Tim's willingness to be the scribe.""}",8812.0,57,0
2021_04_23_MND_S9,2021_04_23_MND_S9,,,So communications between the gut and the brain.,,2021_04_23_MND_S9_MND,Robert Bryan Jr,,,,,1084.0,1088.8157894736842,,,MND,1086.407894736842,"[{'explain or define term or concept': 'The phrase ""communications between the gut and the brain"" introduces the central topic of the breakout group, setting the stage for the subsequent discussion.', 'present new idea': 'The utterance introduces several questions for discussion, including the diversity of messages, directionality of communication, methods to perturb neuronal function, and ways to monitor or manipulate communication signals, which are all new ideas for the group to consider.'}]",8817.0,58,0
2021_04_23_MND_S9,2021_04_23_MND_S9,,,"And on this breakout group, we have uh a number of questions we can discuss.",,2021_04_23_MND_S9_MND,Robert Bryan Jr,,,,,1088.8157894736842,1096.4407894736842,,,MND,1092.6282894736842,"[{'explain or define term or concept': 'The phrase ""communications between the gut and the brain"" introduces the central topic of the breakout group, setting the stage for the subsequent discussion.', 'present new idea': 'The utterance introduces several questions for discussion, including the diversity of messages, directionality of communication, methods to perturb neuronal function, and ways to monitor or manipulate communication signals, which are all new ideas for the group to consider.'}]",8817.0,59,0
2021_04_23_MND_S9,2021_04_23_MND_S9,,,"Um, let me just go ahead and read them.",,2021_04_23_MND_S9_MND,Robert Bryan Jr,,,,,1096.4407894736844,1100.3536184210527,,,MND,1098.3972039473686,"[{'explain or define term or concept': 'The phrase ""communications between the gut and the brain"" introduces the central topic of the breakout group, setting the stage for the subsequent discussion.', 'present new idea': 'The utterance introduces several questions for discussion, including the diversity of messages, directionality of communication, methods to perturb neuronal function, and ways to monitor or manipulate communication signals, which are all new ideas for the group to consider.'}]",8817.0,60,0
2021_04_23_MND_S9,2021_04_23_MND_S9,,,I don't know if you have that in in front of you or not.,,2021_04_23_MND_S9_MND,Robert Bryan Jr,,,,,1100.3536184210525,1105.9720394736842,,,MND,1103.1628289473683,"[{'explain or define term or concept': 'The phrase ""communications between the gut and the brain"" introduces the central topic of the breakout group, setting the stage for the subsequent discussion.', 'present new idea': 'The utterance introduces several questions for discussion, including the diversity of messages, directionality of communication, methods to perturb neuronal function, and ways to monitor or manipulate communication signals, which are all new ideas for the group to consider.'}]",8817.0,61,0
2021_04_23_MND_S9,2021_04_23_MND_S9,,,But what is the diversity of message that pass back and forth between the gut microbiome and the brain?,,2021_04_23_MND_S9_MND,Robert Bryan Jr,,,,,1105.9720394736842,1116.3059210526317,,,MND,1111.138980263158,"[{'explain or define term or concept': 'The phrase ""communications between the gut and the brain"" introduces the central topic of the breakout group, setting the stage for the subsequent discussion.', 'present new idea': 'The utterance introduces several questions for discussion, including the diversity of messages, directionality of communication, methods to perturb neuronal function, and ways to monitor or manipulate communication signals, which are all new ideas for the group to consider.'}]",8817.0,62,0
2021_04_23_MND_S9,2021_04_23_MND_S9,,,"Uh, okay, um, let's see here.",,2021_04_23_MND_S9_MND,Robert Bryan Jr,,,,,1116.3059210526317,1119.2154605263158,,,MND,1117.7606907894738,"[{'explain or define term or concept': 'The phrase ""communications between the gut and the brain"" introduces the central topic of the breakout group, setting the stage for the subsequent discussion.', 'present new idea': 'The utterance introduces several questions for discussion, including the diversity of messages, directionality of communication, methods to perturb neuronal function, and ways to monitor or manipulate communication signals, which are all new ideas for the group to consider.'}]",8817.0,63,0
2021_04_23_MND_S9,2021_04_23_MND_S9,,,Are these unidirectional or bidirectional channels of communication?,,2021_04_23_MND_S9_MND,Robert Bryan Jr,,,,,1119.2154605263158,1126.0378289473683,,,MND,1122.626644736842,"[{'explain or define term or concept': 'The phrase ""communications between the gut and the brain"" introduces the central topic of the breakout group, setting the stage for the subsequent discussion.', 'present new idea': 'The utterance introduces several questions for discussion, including the diversity of messages, directionality of communication, methods to perturb neuronal function, and ways to monitor or manipulate communication signals, which are all new ideas for the group to consider.'}]",8817.0,64,0
2021_04_23_MND_S9,2021_04_23_MND_S9,,,Are there ways to perturb neuronal function to watch the microbial response?,,2021_04_23_MND_S9_MND,Robert Bryan Jr,,,,,1126.0378289473683,1133.6628289473683,,,MND,1129.8503289473683,"[{'explain or define term or concept': 'The phrase ""communications between the gut and the brain"" introduces the central topic of the breakout group, setting the stage for the subsequent discussion.', 'present new idea': 'The utterance introduces several questions for discussion, including the diversity of messages, directionality of communication, methods to perturb neuronal function, and ways to monitor or manipulate communication signals, which are all new ideas for the group to consider.'}]",8817.0,65,0
2021_04_23_MND_S9,2021_04_23_MND_S9,,,"And finally, how can these communication signals be monitored, hijacked or interrupted to drive desired outcomes?",,2021_04_23_MND_S9_MND,Robert Bryan Jr,,,,,1133.6628289473683,1145.0,,,MND,1139.3314144736842,"[{'explain or define term or concept': 'The phrase ""communications between the gut and the brain"" introduces the central topic of the breakout group, setting the stage for the subsequent discussion.', 'present new idea': 'The utterance introduces several questions for discussion, including the diversity of messages, directionality of communication, methods to perturb neuronal function, and ways to monitor or manipulate communication signals, which are all new ideas for the group to consider.'}]",8817.0,66,0
2021_04_23_MND_S9,2021_04_23_MND_S9,,,"Um, so let's start uh with introducing ourselves.",,2021_04_23_MND_S9_MND,Robert Bryan Jr,,,,,655.0,659.9098196392786,,,MND,657.4549098196393,"{'explain or define term or concept': 'The speaker defines his role as a professor at Baylor College of Medicine and his research interest in the gut-brain axis, providing context for his expertise.', 'present new idea': ""The speaker introduces his research on the gut microbiome's role in hypertension, sleep apnea-induced hypertension, cerebral small vessel disease, and vascular dementia, which are new topics in the conversation.""}",9472.0,67,0
2021_04_23_MND_S9,2021_04_23_MND_S9,,,"Um, again, I'll start.",,2021_04_23_MND_S9_MND,Robert Bryan Jr,,,,,659.9098196392785,662.1142284569138,,,MND,661.0120240480961,"{'explain or define term or concept': 'The speaker defines his role as a professor at Baylor College of Medicine and his research interest in the gut-brain axis, providing context for his expertise.', 'present new idea': ""The speaker introduces his research on the gut microbiome's role in hypertension, sleep apnea-induced hypertension, cerebral small vessel disease, and vascular dementia, which are new topics in the conversation.""}",9472.0,68,0
2021_04_23_MND_S9,2021_04_23_MND_S9,,,"I'm Bob Bryan, professor uh at Baylor College of Medicine.",,2021_04_23_MND_S9_MND,Robert Bryan Jr,,,,,662.1142284569139,667.9258517034068,,,MND,665.0200400801604,"{'explain or define term or concept': 'The speaker defines his role as a professor at Baylor College of Medicine and his research interest in the gut-brain axis, providing context for his expertise.', 'present new idea': ""The speaker introduces his research on the gut microbiome's role in hypertension, sleep apnea-induced hypertension, cerebral small vessel disease, and vascular dementia, which are new topics in the conversation.""}",9472.0,69,0
2021_04_23_MND_S9,2021_04_23_MND_S9,,,"And my interest is is in the gut brain axis and uh if you were here yesterday, you saw I was doing some stroke studies.",,2021_04_23_MND_S9_MND,Robert Bryan Jr,,,,,667.9258517034068,679.8496993987976,,,MND,673.8877755511022,"{'explain or define term or concept': 'The speaker defines his role as a professor at Baylor College of Medicine and his research interest in the gut-brain axis, providing context for his expertise.', 'present new idea': ""The speaker introduces his research on the gut microbiome's role in hypertension, sleep apnea-induced hypertension, cerebral small vessel disease, and vascular dementia, which are new topics in the conversation.""}",9472.0,70,0
2021_04_23_MND_S9,2021_04_23_MND_S9,,,"But in addition to that, I've been doing studies with hypertension, uh, obstructive sleep apnea induced hypertension, cerebral small vessel disease or or vascular dementia.",,2021_04_23_MND_S9_MND,Robert Bryan Jr,,,,,679.8496993987975,697.0841683366733,,,MND,688.4669338677354,"{'explain or define term or concept': 'The speaker defines his role as a professor at Baylor College of Medicine and his research interest in the gut-brain axis, providing context for his expertise.', 'present new idea': ""The speaker introduces his research on the gut microbiome's role in hypertension, sleep apnea-induced hypertension, cerebral small vessel disease, and vascular dementia, which are new topics in the conversation.""}",9472.0,71,0
2021_04_23_MND_S9,2021_04_23_MND_S9,,,And we're finding uh the gut microbiome to have important roles in all of this.,,2021_04_23_MND_S9_MND,Robert Bryan Jr,,,,,697.0841683366734,705.0,,,MND,701.0420841683367,"{'explain or define term or concept': 'The speaker defines his role as a professor at Baylor College of Medicine and his research interest in the gut-brain axis, providing context for his expertise.', 'present new idea': ""The speaker introduces his research on the gut microbiome's role in hypertension, sleep apnea-induced hypertension, cerebral small vessel disease, and vascular dementia, which are new topics in the conversation.""}",9472.0,72,0
2021_04_23_MND_S9,2021_04_23_MND_S9,,,What sort of techniques do you use to measure this breakdown passage?,,2021_04_23_MND_S9_MND,Robert Bryan Jr,,,,,631.0,637.0,,,MND,634.0,{'ask clarifying question': 'Robert is asking for more details about the techniques used to measure the breakdown passage discussed by Shikha.'},10103.0,73,0
2021_04_23_MND_S9,2021_04_23_MND_S9,,,Would you do it?,,2021_04_23_MND_S9_MND,Robert Bryan Jr,,,,,10541.0,10541.0,,,MND,10541.0,"{'assign task': 'Robert Bryan Jr. is asking Tim Sampson to be the scribe, continuing from the previous turns where he was trying to assign the task of scribe.'}",10541.0,74,0
2021_04_23_MND_S9,2021_04_23_MND_S9,,,"You know, Tim, I'm going to pick on you.",,2021_04_23_MND_S9_MND,Robert Bryan Jr,,,,,1068.0,1069.0,,,MND,1068.5,"{'assign task': 'Robert is assigning the task of being the scribe to Tim, as he is picking on him to volunteer.'}",11609.0,75,0
2021_04_23_MND_S9,2021_04_23_MND_S9,,,I can go next.,,2021_04_23_MND_S9_MND,Shikha Nangia,,,,,738.9999999999999,739.8866666666667,,,MND,739.4433333333333,"[{'explain or define term or concept': 'The speaker is introducing herself and her research background, which involves explaining her expertise in computational biophysics, biochemistry, and the study of cell interactions at the molecular level.'}, {'express agreement': ""The speaker states that this is the right session for her because it connects two aspects of her research, indicating agreement with the session's focus.""}, {'express enthusiasm': ""The speaker expresses enthusiasm by stating that she'd like to contribute as much as she can to this work, which she considers very important.""}]",12348.0,76,0
2021_04_23_MND_S9,2021_04_23_MND_S9,,,My name is Shikha Nangia.,,2021_04_23_MND_S9_MND,Shikha Nangia,,,,,739.8866666666668,741.47,,,MND,740.6783333333334,"[{'explain or define term or concept': 'The speaker is introducing herself and her research background, which involves explaining her expertise in computational biophysics, biochemistry, and the study of cell interactions at the molecular level.'}, {'express agreement': ""The speaker states that this is the right session for her because it connects two aspects of her research, indicating agreement with the session's focus.""}, {'express enthusiasm': ""The speaker expresses enthusiasm by stating that she'd like to contribute as much as she can to this work, which she considers very important.""}]",12348.0,77,0
2021_04_23_MND_S9,2021_04_23_MND_S9,,,I'm an associate professor in biomedical and chemical engineering at Syracuse University in New York.,,2021_04_23_MND_S9_MND,Shikha Nangia,,,,,741.4699999999999,747.8666666666667,,,MND,744.6683333333333,"[{'explain or define term or concept': 'The speaker is introducing herself and her research background, which involves explaining her expertise in computational biophysics, biochemistry, and the study of cell interactions at the molecular level.'}, {'express agreement': ""The speaker states that this is the right session for her because it connects two aspects of her research, indicating agreement with the session's focus.""}, {'express enthusiasm': ""The speaker expresses enthusiasm by stating that she'd like to contribute as much as she can to this work, which she considers very important.""}]",12348.0,78,0
2021_04_23_MND_S9,2021_04_23_MND_S9,,,"Uh, I'm a computational biophysicist, biochemist, uh trained as a chemist.",,2021_04_23_MND_S9_MND,Shikha Nangia,,,,,747.8666666666666,752.5533333333333,,,MND,750.2099999999999,"[{'explain or define term or concept': 'The speaker is introducing herself and her research background, which involves explaining her expertise in computational biophysics, biochemistry, and the study of cell interactions at the molecular level.'}, {'express agreement': ""The speaker states that this is the right session for her because it connects two aspects of her research, indicating agreement with the session's focus.""}, {'express enthusiasm': ""The speaker expresses enthusiasm by stating that she'd like to contribute as much as she can to this work, which she considers very important.""}]",12348.0,79,0
2021_04_23_MND_S9,2021_04_23_MND_S9,,,"Uh, we look at the interaction of uh neighboring cells at the molecular level, looking at tight junction architecture and uh proteins that are embedded on the cell surface.",,2021_04_23_MND_S9_MND,Shikha Nangia,,,,,752.5533333333333,763.4466666666667,,,MND,758.0,"[{'explain or define term or concept': 'The speaker is introducing herself and her research background, which involves explaining her expertise in computational biophysics, biochemistry, and the study of cell interactions at the molecular level.'}, {'express agreement': ""The speaker states that this is the right session for her because it connects two aspects of her research, indicating agreement with the session's focus.""}, {'express enthusiasm': ""The speaker expresses enthusiasm by stating that she'd like to contribute as much as she can to this work, which she considers very important.""}]",12348.0,80,0
2021_04_23_MND_S9,2021_04_23_MND_S9,,,"Um, and also I study bacterial cell membranes and bacterial porins, so how the metabolites go in and out of bacterial cells.",,2021_04_23_MND_S9_MND,Shikha Nangia,,,,,763.4466666666667,771.3,,,MND,767.3733333333333,"[{'explain or define term or concept': 'The speaker is introducing herself and her research background, which involves explaining her expertise in computational biophysics, biochemistry, and the study of cell interactions at the molecular level.'}, {'express agreement': ""The speaker states that this is the right session for her because it connects two aspects of her research, indicating agreement with the session's focus.""}, {'express enthusiasm': ""The speaker expresses enthusiasm by stating that she'd like to contribute as much as she can to this work, which she considers very important.""}]",12348.0,81,0
2021_04_23_MND_S9,2021_04_23_MND_S9,,,So I have uh interest both in the blood brain barrier uh architecture and getting drugs into the brain as well as the bacterial cells.,,2021_04_23_MND_S9_MND,Shikha Nangia,,,,,771.3,779.7866666666666,,,MND,775.5433333333333,"[{'explain or define term or concept': 'The speaker is introducing herself and her research background, which involves explaining her expertise in computational biophysics, biochemistry, and the study of cell interactions at the molecular level.'}, {'express agreement': ""The speaker states that this is the right session for her because it connects two aspects of her research, indicating agreement with the session's focus.""}, {'express enthusiasm': ""The speaker expresses enthusiasm by stating that she'd like to contribute as much as she can to this work, which she considers very important.""}]",12348.0,82,0
2021_04_23_MND_S9,2021_04_23_MND_S9,,,"Um, so the this is the right uh session for me because we're talking about connecting these two aspects of my research and I'd like to contribute at the molecular level as much as I can to this work, which is very, very important.",,2021_04_23_MND_S9_MND,Shikha Nangia,,,,,779.7866666666667,794.3533333333334,,,MND,787.07,"[{'explain or define term or concept': 'The speaker is introducing herself and her research background, which involves explaining her expertise in computational biophysics, biochemistry, and the study of cell interactions at the molecular level.'}, {'express agreement': ""The speaker states that this is the right session for her because it connects two aspects of her research, indicating agreement with the session's focus.""}, {'express enthusiasm': ""The speaker expresses enthusiasm by stating that she'd like to contribute as much as she can to this work, which she considers very important.""}]",12348.0,83,0
2021_04_23_MND_S9,2021_04_23_MND_S9,,,I'll stop there.,,2021_04_23_MND_S9_MND,Shikha Nangia,,,,,794.3533333333334,795.3666666666667,,,MND,794.86,"[{'explain or define term or concept': 'The speaker is introducing herself and her research background, which involves explaining her expertise in computational biophysics, biochemistry, and the study of cell interactions at the molecular level.'}, {'express agreement': ""The speaker states that this is the right session for her because it connects two aspects of her research, indicating agreement with the session's focus.""}, {'express enthusiasm': ""The speaker expresses enthusiasm by stating that she'd like to contribute as much as she can to this work, which she considers very important.""}]",12348.0,84,0
2021_04_23_MND_S9,2021_04_23_MND_S9,,,Thank you.,,2021_04_23_MND_S9_MND,Shikha Nangia,,,,,795.3666666666666,796.0,,,MND,795.6833333333333,"[{'explain or define term or concept': 'The speaker is introducing herself and her research background, which involves explaining her expertise in computational biophysics, biochemistry, and the study of cell interactions at the molecular level.'}, {'express agreement': ""The speaker states that this is the right session for her because it connects two aspects of her research, indicating agreement with the session's focus.""}, {'express enthusiasm': ""The speaker expresses enthusiasm by stating that she'd like to contribute as much as she can to this work, which she considers very important.""}]",12348.0,85,0
2021_04_23_MND_S9,2021_04_23_MND_S9,,,Many disease models depend on which metabolite we are interested in.,,2021_04_23_MND_S9_MND,Shikha Nangia,,,,,610.9999999999999,615.9501915708812,,,MND,613.4750957854405,"{'present new idea': 'Shikha introduces the idea that the gateway for gut-brain communication is the cells and the importance of knowing if the communication is intercellular or intracellular.', 'provide supporting evidence': 'Shikha supports her idea by mentioning that disease models depend on the metabolite of interest and relating it to gut-brain communication.'}",12959.0,86,0
2021_04_23_MND_S9,2021_04_23_MND_S9,,,"And so if we are talking about communication between the gut and the brain, I feel that the gateway is the cells and whether it's intercellular or intracellular would be very important to know.",,2021_04_23_MND_S9_MND,Shikha Nangia,,,,,615.9501915708813,630.0,,,MND,622.9750957854407,"{'present new idea': 'Shikha introduces the idea that the gateway for gut-brain communication is the cells and the importance of knowing if the communication is intercellular or intracellular.', 'provide supporting evidence': 'Shikha supports her idea by mentioning that disease models depend on the metabolite of interest and relating it to gut-brain communication.'}",12959.0,87,0
2021_04_23_MND_S9,2021_04_23_MND_S9,,,"So, we have so we study the molecular interactions at the tight junction level, which is caused by the proteins called claudins.",,2021_04_23_MND_S9_MND,Shikha Nangia,,,,,637.9999999999999,646.7954729183508,,,MND,642.3977364591753,"{'explain or define term or concept': 'Shikha defines the tight junction level, claudins, blood-brain barrier, and their role in molecular transport, clarifying the mechanisms of metabolite passage between gut and brain.', 'provide supporting evidence': 'Shikha provides evidence from her research on claudin interactions, pore sizes, and chemical specificity to explain the selective transport across the blood-brain barrier and gut epithelial layer.', 'expand on existing idea': 'Shikha elaborates on the previously mentioned importance of cellular gateways by detailing the molecular interactions at tight junctions and their role in selective transport of metabolites.'}",12986.0,88,0
2021_04_23_MND_S9,2021_04_23_MND_S9,,,"And the blood brain barrier is made up of claudin 5, which is belongs to the family of claudins, but that is unique to the brain.",,2021_04_23_MND_S9_MND,Shikha Nangia,,,,,646.7954729183508,655.6596604688763,,,MND,651.2275666936135,"{'explain or define term or concept': 'Shikha defines the tight junction level, claudins, blood-brain barrier, and their role in molecular transport, clarifying the mechanisms of metabolite passage between gut and brain.', 'provide supporting evidence': 'Shikha provides evidence from her research on claudin interactions, pore sizes, and chemical specificity to explain the selective transport across the blood-brain barrier and gut epithelial layer.', 'expand on existing idea': 'Shikha elaborates on the previously mentioned importance of cellular gateways by detailing the molecular interactions at tight junctions and their role in selective transport of metabolites.'}",12986.0,89,0
2021_04_23_MND_S9,2021_04_23_MND_S9,,,"So if you are looking for transport across that, we have studied the extracellular interactions between those claudin molecules and found out the pore sizes and the chemical specificity of the pore to figure out whether a cation, for example, is going to go easy or the anion.",,2021_04_23_MND_S9_MND,Shikha Nangia,,,,,655.6596604688763,674.6248989490704,,,MND,665.1422797089733,"{'explain or define term or concept': 'Shikha defines the tight junction level, claudins, blood-brain barrier, and their role in molecular transport, clarifying the mechanisms of metabolite passage between gut and brain.', 'provide supporting evidence': 'Shikha provides evidence from her research on claudin interactions, pore sizes, and chemical specificity to explain the selective transport across the blood-brain barrier and gut epithelial layer.', 'expand on existing idea': 'Shikha elaborates on the previously mentioned importance of cellular gateways by detailing the molecular interactions at tight junctions and their role in selective transport of metabolites.'}",12986.0,90,0
2021_04_23_MND_S9,2021_04_23_MND_S9,,,Even at the it's very iron selective and size selective.,,2021_04_23_MND_S9_MND,Shikha Nangia,,,,,674.6248989490704,678.4729183508488,,,MND,676.5489086499596,"{'explain or define term or concept': 'Shikha defines the tight junction level, claudins, blood-brain barrier, and their role in molecular transport, clarifying the mechanisms of metabolite passage between gut and brain.', 'provide supporting evidence': 'Shikha provides evidence from her research on claudin interactions, pore sizes, and chemical specificity to explain the selective transport across the blood-brain barrier and gut epithelial layer.', 'expand on existing idea': 'Shikha elaborates on the previously mentioned importance of cellular gateways by detailing the molecular interactions at tight junctions and their role in selective transport of metabolites.'}",12986.0,91,0
2021_04_23_MND_S9,2021_04_23_MND_S9,,,So those are the interactions we are looking at.,,2021_04_23_MND_S9_MND,Shikha Nangia,,,,,678.4729183508487,681.7712206952303,,,MND,680.1220695230395,"{'explain or define term or concept': 'Shikha defines the tight junction level, claudins, blood-brain barrier, and their role in molecular transport, clarifying the mechanisms of metabolite passage between gut and brain.', 'provide supporting evidence': 'Shikha provides evidence from her research on claudin interactions, pore sizes, and chemical specificity to explain the selective transport across the blood-brain barrier and gut epithelial layer.', 'expand on existing idea': 'Shikha elaborates on the previously mentioned importance of cellular gateways by detailing the molecular interactions at tight junctions and their role in selective transport of metabolites.'}",12986.0,92,0
2021_04_23_MND_S9,2021_04_23_MND_S9,,,"But if you go to the gut and try to study the same tight junction interaction, that is made up of claudin 23 and claudin 11 and 3, which is very different from the brain.",,2021_04_23_MND_S9_MND,Shikha Nangia,,,,,681.7712206952303,693.4527081649151,,,MND,687.6119644300727,"{'explain or define term or concept': 'Shikha defines the tight junction level, claudins, blood-brain barrier, and their role in molecular transport, clarifying the mechanisms of metabolite passage between gut and brain.', 'provide supporting evidence': 'Shikha provides evidence from her research on claudin interactions, pore sizes, and chemical specificity to explain the selective transport across the blood-brain barrier and gut epithelial layer.', 'expand on existing idea': 'Shikha elaborates on the previously mentioned importance of cellular gateways by detailing the molecular interactions at tight junctions and their role in selective transport of metabolites.'}",12986.0,93,0
2021_04_23_MND_S9,2021_04_23_MND_S9,,,So what can go through the gut epithelial layer is different than what can go in the brain.,,2021_04_23_MND_S9_MND,Shikha Nangia,,,,,693.4527081649152,699.7057396928052,,,MND,696.5792239288602,"{'explain or define term or concept': 'Shikha defines the tight junction level, claudins, blood-brain barrier, and their role in molecular transport, clarifying the mechanisms of metabolite passage between gut and brain.', 'provide supporting evidence': 'Shikha provides evidence from her research on claudin interactions, pore sizes, and chemical specificity to explain the selective transport across the blood-brain barrier and gut epithelial layer.', 'expand on existing idea': 'Shikha elaborates on the previously mentioned importance of cellular gateways by detailing the molecular interactions at tight junctions and their role in selective transport of metabolites.'}",12986.0,94,0
2021_04_23_MND_S9,2021_04_23_MND_S9,,,"So if the metabolites are going through, they have to be able to navigate that difference in the tight junctions.",,2021_04_23_MND_S9_MND,Shikha Nangia,,,,,699.7057396928052,707.4704931285368,,,MND,703.588116410671,"{'explain or define term or concept': 'Shikha defines the tight junction level, claudins, blood-brain barrier, and their role in molecular transport, clarifying the mechanisms of metabolite passage between gut and brain.', 'provide supporting evidence': 'Shikha provides evidence from her research on claudin interactions, pore sizes, and chemical specificity to explain the selective transport across the blood-brain barrier and gut epithelial layer.', 'expand on existing idea': 'Shikha elaborates on the previously mentioned importance of cellular gateways by detailing the molecular interactions at tight junctions and their role in selective transport of metabolites.'}",12986.0,95,0
2021_04_23_MND_S9,2021_04_23_MND_S9,,,And that is just the paracellular aspect of it.,,2021_04_23_MND_S9_MND,Shikha Nangia,,,,,707.4704931285368,710.7000808407437,,,MND,709.0852869846402,"{'explain or define term or concept': 'Shikha defines the tight junction level, claudins, blood-brain barrier, and their role in molecular transport, clarifying the mechanisms of metabolite passage between gut and brain.', 'provide supporting evidence': 'Shikha provides evidence from her research on claudin interactions, pore sizes, and chemical specificity to explain the selective transport across the blood-brain barrier and gut epithelial layer.', 'expand on existing idea': 'Shikha elaborates on the previously mentioned importance of cellular gateways by detailing the molecular interactions at tight junctions and their role in selective transport of metabolites.'}",12986.0,96,0
2021_04_23_MND_S9,2021_04_23_MND_S9,,,The receptors and other things is a completely different story and which metabolite prefer going through the receptor needs to be known in my mind to to understand this this axis.,,2021_04_23_MND_S9_MND,Shikha Nangia,,,,,710.7000808407438,723.0,,,MND,716.8500404203719,"{'explain or define term or concept': 'Shikha defines the tight junction level, claudins, blood-brain barrier, and their role in molecular transport, clarifying the mechanisms of metabolite passage between gut and brain.', 'provide supporting evidence': 'Shikha provides evidence from her research on claudin interactions, pore sizes, and chemical specificity to explain the selective transport across the blood-brain barrier and gut epithelial layer.', 'expand on existing idea': 'Shikha elaborates on the previously mentioned importance of cellular gateways by detailing the molecular interactions at tight junctions and their role in selective transport of metabolites.'}",12986.0,97,0
2021_04_23_MND_S9,2021_04_23_MND_S9,,,"Yes, that can be done.",,2021_04_23_MND_S9_MND,Shikha Nangia,,,,,739.0,740.4170692431562,,,MND,739.7085346215781,"{'expand on existing idea': ""Shikha Nangia elaborates on Tim Sampson's question about predicting metabolite passage by highlighting the vastness of the metabolite library and the importance of identifying key metabolites and their receptors."", 'ask clarifying question': ""Shikha Nangia clarifies the direction of the conversation by asking whether the team is interested in how communication happens, through which pathway, and whether it's blood-driven or not, given the mention of nerve interactions.""}",13087.0,98,0
2021_04_23_MND_S9,2021_04_23_MND_S9,,,But the question is that the metabolite library is vast and which one are the key ones that we are interested in.,,2021_04_23_MND_S9_MND,Shikha Nangia,,,,,740.4170692431562,747.695652173913,,,MND,744.0563607085346,"{'expand on existing idea': ""Shikha Nangia elaborates on Tim Sampson's question about predicting metabolite passage by highlighting the vastness of the metabolite library and the importance of identifying key metabolites and their receptors."", 'ask clarifying question': ""Shikha Nangia clarifies the direction of the conversation by asking whether the team is interested in how communication happens, through which pathway, and whether it's blood-driven or not, given the mention of nerve interactions.""}",13087.0,99,0
2021_04_23_MND_S9,2021_04_23_MND_S9,,,"Uh and which ones have a receptor, known receptor and which ones don't.",,2021_04_23_MND_S9_MND,Shikha Nangia,,,,,747.6956521739131,752.2689210950081,,,MND,749.9822866344606,"{'expand on existing idea': ""Shikha Nangia elaborates on Tim Sampson's question about predicting metabolite passage by highlighting the vastness of the metabolite library and the importance of identifying key metabolites and their receptors."", 'ask clarifying question': ""Shikha Nangia clarifies the direction of the conversation by asking whether the team is interested in how communication happens, through which pathway, and whether it's blood-driven or not, given the mention of nerve interactions.""}",13087.0,100,0
2021_04_23_MND_S9,2021_04_23_MND_S9,,,So those questions are unanswered and that's what I was trying to steer the conversation towards is are we interested in looking at how this communication happens and through which pathway.,,2021_04_23_MND_S9_MND,Shikha Nangia,,,,,752.2689210950081,764.4428341384863,,,MND,758.3558776167472,"{'expand on existing idea': ""Shikha Nangia elaborates on Tim Sampson's question about predicting metabolite passage by highlighting the vastness of the metabolite library and the importance of identifying key metabolites and their receptors."", 'ask clarifying question': ""Shikha Nangia clarifies the direction of the conversation by asking whether the team is interested in how communication happens, through which pathway, and whether it's blood-driven or not, given the mention of nerve interactions.""}",13087.0,101,0
2021_04_23_MND_S9,2021_04_23_MND_S9,,,Uh and if it's through the blood or not.,,2021_04_23_MND_S9_MND,Shikha Nangia,,,,,764.4428341384863,767.0193236714975,,,MND,765.7310789049919,"{'expand on existing idea': ""Shikha Nangia elaborates on Tim Sampson's question about predicting metabolite passage by highlighting the vastness of the metabolite library and the importance of identifying key metabolites and their receptors."", 'ask clarifying question': ""Shikha Nangia clarifies the direction of the conversation by asking whether the team is interested in how communication happens, through which pathway, and whether it's blood-driven or not, given the mention of nerve interactions.""}",13087.0,102,0
2021_04_23_MND_S9,2021_04_23_MND_S9,,,Because I was also hearing the nerve nerve interactions which I'm not aware of much of it.,,2021_04_23_MND_S9_MND,Shikha Nangia,,,,,767.0193236714977,772.8164251207729,,,MND,769.9178743961353,"{'expand on existing idea': ""Shikha Nangia elaborates on Tim Sampson's question about predicting metabolite passage by highlighting the vastness of the metabolite library and the importance of identifying key metabolites and their receptors."", 'ask clarifying question': ""Shikha Nangia clarifies the direction of the conversation by asking whether the team is interested in how communication happens, through which pathway, and whether it's blood-driven or not, given the mention of nerve interactions.""}",13087.0,103,0
2021_04_23_MND_S9,2021_04_23_MND_S9,,,"So that that's also that distinction there, like which is the blood driven one and which is not.",,2021_04_23_MND_S9_MND,Shikha Nangia,,,,,772.8164251207729,779.0,,,MND,775.9082125603865,"{'expand on existing idea': ""Shikha Nangia elaborates on Tim Sampson's question about predicting metabolite passage by highlighting the vastness of the metabolite library and the importance of identifying key metabolites and their receptors."", 'ask clarifying question': ""Shikha Nangia clarifies the direction of the conversation by asking whether the team is interested in how communication happens, through which pathway, and whether it's blood-driven or not, given the mention of nerve interactions.""}",13087.0,104,0
2021_04_23_MND_S9,2021_04_23_MND_S9,,,Hasn't been a problem.,,2021_04_23_MND_S9_MND,Timothy Sampson,,,,,652.0,653.0,,,MND,652.5,"{'express agreement': ""Tim explicitly agrees with Michael's statement that Robert talking hasn't been a problem, indicating agreement with the sentiment that Robert's contributions have been valuable.""}",13739.0,105,0
2021_04_23_MND_S9,2021_04_23_MND_S9,,,I I do not mind.,,2021_04_23_MND_S9_MND,Timothy Sampson,,,,,1070.0,1071.025641025641,,,MND,1070.5128205128206,"{'assign task': 'Robert asked Tim to be the scribe for the meeting, and Tim agrees to take on the task.', 'express agreement': 'Tim explicitly agrees to be the scribe, confirming his willingness to take on the task.'}",14157.0,106,0
2021_04_23_MND_S9,2021_04_23_MND_S9,,,I'm happy to.,,2021_04_23_MND_S9_MND,Timothy Sampson,,,,,1071.0256410256409,1071.8589743589744,,,MND,1071.4423076923076,"{'assign task': 'Robert asked Tim to be the scribe for the meeting, and Tim agrees to take on the task.', 'express agreement': 'Tim explicitly agrees to be the scribe, confirming his willingness to take on the task.'}",14157.0,107,0
2021_04_23_MND_S9,2021_04_23_MND_S9,,,Just need to get the folder open again.,,2021_04_23_MND_S9_MND,Timothy Sampson,,,,,1071.8589743589744,1074.3589743589744,,,MND,1073.1089743589744,"{'assign task': 'Robert asked Tim to be the scribe for the meeting, and Tim agrees to take on the task.', 'express agreement': 'Tim explicitly agrees to be the scribe, confirming his willingness to take on the task.'}",14157.0,108,0
2021_04_23_MND_S9,2021_04_23_MND_S9,,,It closed.,,2021_04_23_MND_S9_MND,Timothy Sampson,,,,,1074.3589743589741,1075.0,,,MND,1074.679487179487,"{'assign task': 'Robert asked Tim to be the scribe for the meeting, and Tim agrees to take on the task.', 'express agreement': 'Tim explicitly agrees to be the scribe, confirming his willingness to take on the task.'}",14157.0,109,0
2021_04_23_MND_S9,2021_04_23_MND_S9,,,I'm happy to.,,2021_04_23_MND_S9_MND,Timothy Sampson,,,,,14168.0,14168.0,,,MND,14168.0,"{'express agreement': 'Tim explicitly agrees to be the scribe, which was requested by Robert in the prior turn.'}",14168.0,110,0
2021_04_23_MND_S9,2021_04_23_MND_S9,,,No.,,2021_04_23_MND_S9_MND,Timothy Sampson,,,,,15246.0,15246.0,,,MND,15246.0,"{'reject idea': 'Tim Sampson rejects the idea that he has done the scribe role before, as Robert Bryan Jr. asked if he had done this before.'}",15246.0,111,0
2021_04_23_MND_S9,2021_04_23_MND_S9,,,"So maybe I'm misunderstanding, but it sounds is it possible then to predict what type of metabolites are crossing a particular junction based on which tight junction proteins are disregulated at that moment in time?",,2021_04_23_MND_S9_MND,Timothy Sampson,,,,,725.0,738.0,,,MND,731.5,"{'ask clarifying question': ""Tim is asking for clarification on whether metabolite type prediction is possible based on tight junction protein regulation, demonstrating a need to confirm his understanding of Shikha's explanation.""}",15971.0,112,0
2021_04_23_MND_S9,2021_04_23_MND_S9,,,"So my name is Tim Sampson and I'm an assistant professor at Emory and my lab uses uh mouse models to study microbiome interactions in neurodegenerative disorders, uh mostly Parkinson's and some Alzheimer's disease and as everybody has heard, I think I'm also doing a little bit on traumatic uh spinal cord injury and how the microbiome can affect uh neurogenesis in the gut uh after injury to promote recovery.",,2021_04_23_MND_S9_MND,Timothy Sampson,,,,,976.0,1004.0,,,MND,990.0,"{'explain or define term or concept': 'The speaker is introducing himself and his research interests, which involves defining the scope of his work with mouse models to study microbiome interactions in neurodegenerative disorders.', 'expand on existing idea': ""The speaker expands on his research interests by providing specific examples of neurodegenerative disorders he studies, such as Parkinson's and Alzheimer's disease, building upon the initial introduction of his research focus.""}",16222.0,113,0
2021_04_23_MND_S9,2021_04_23_MND_S9,,,"Yeah, that's something that we're seeing in our spinal cord injury models.",,2021_04_23_MND_S9_MND,Timothy Sampson,,,,,892.0,896.3469945355191,,,MND,894.1734972677596,"{'provide supporting evidence': ""Tim provides evidence from his team's spinal cord injury mice models, showing that gut motility slows down within 2-4 days post-injury, but microbiome composition changes significantly only after two weeks."", 'expand on existing idea': ""Tim expands on Farahnak's point about the indirect effects of neuromodulation on the microbiome by providing specific examples from his spinal cord injury models."", 'present new idea': 'Tim introduces the new idea that while a top-down effect shifts the microbiome, the new microbiome composition might, in turn, affect the host.'}",17114.0,114,0
2021_04_23_MND_S9,2021_04_23_MND_S9,,,"And so after at least in mice models when they when they're injured, it's they lose some enteric neurons.",,2021_04_23_MND_S9_MND,Timothy Sampson,,,,,896.3469945355191,902.5150273224044,,,MND,899.4310109289618,"{'provide supporting evidence': ""Tim provides evidence from his team's spinal cord injury mice models, showing that gut motility slows down within 2-4 days post-injury, but microbiome composition changes significantly only after two weeks."", 'expand on existing idea': ""Tim expands on Farahnak's point about the indirect effects of neuromodulation on the microbiome by providing specific examples from his spinal cord injury models."", 'present new idea': 'Tim introduces the new idea that while a top-down effect shifts the microbiome, the new microbiome composition might, in turn, affect the host.'}",17114.0,115,0
2021_04_23_MND_S9,2021_04_23_MND_S9,,,And so there's this drastic slowing that happens of of gut motility.,,2021_04_23_MND_S9_MND,Timothy Sampson,,,,,902.5150273224043,906.50956284153,,,MND,904.5122950819672,"{'provide supporting evidence': ""Tim provides evidence from his team's spinal cord injury mice models, showing that gut motility slows down within 2-4 days post-injury, but microbiome composition changes significantly only after two weeks."", 'expand on existing idea': ""Tim expands on Farahnak's point about the indirect effects of neuromodulation on the microbiome by providing specific examples from his spinal cord injury models."", 'present new idea': 'Tim introduces the new idea that while a top-down effect shifts the microbiome, the new microbiome composition might, in turn, affect the host.'}",17114.0,116,0
2021_04_23_MND_S9,2021_04_23_MND_S9,,,But what is interesting is the microbiome then doesn't change until so that slowing happens really early with two to four days and then microbiome composition doesn't shift until two weeks later significantly.,,2021_04_23_MND_S9_MND,Timothy Sampson,,,,,906.5095628415302,918.7868852459017,,,MND,912.6482240437159,"{'provide supporting evidence': ""Tim provides evidence from his team's spinal cord injury mice models, showing that gut motility slows down within 2-4 days post-injury, but microbiome composition changes significantly only after two weeks."", 'expand on existing idea': ""Tim expands on Farahnak's point about the indirect effects of neuromodulation on the microbiome by providing specific examples from his spinal cord injury models."", 'present new idea': 'Tim introduces the new idea that while a top-down effect shifts the microbiome, the new microbiome composition might, in turn, affect the host.'}",17114.0,117,0
2021_04_23_MND_S9,2021_04_23_MND_S9,,,Um and then really solidified like four four weeks later.,,2021_04_23_MND_S9_MND,Timothy Sampson,,,,,918.7868852459017,922.1352459016393,,,MND,920.4610655737705,"{'provide supporting evidence': ""Tim provides evidence from his team's spinal cord injury mice models, showing that gut motility slows down within 2-4 days post-injury, but microbiome composition changes significantly only after two weeks."", 'expand on existing idea': ""Tim expands on Farahnak's point about the indirect effects of neuromodulation on the microbiome by providing specific examples from his spinal cord injury models."", 'present new idea': 'Tim introduces the new idea that while a top-down effect shifts the microbiome, the new microbiome composition might, in turn, affect the host.'}",17114.0,118,0
2021_04_23_MND_S9,2021_04_23_MND_S9,,,But so so there's definitely that top down effect that's happening to shift the microbiome.,,2021_04_23_MND_S9_MND,Timothy Sampson,,,,,922.1352459016393,927.4808743169399,,,MND,924.8080601092896,"{'provide supporting evidence': ""Tim provides evidence from his team's spinal cord injury mice models, showing that gut motility slows down within 2-4 days post-injury, but microbiome composition changes significantly only after two weeks."", 'expand on existing idea': ""Tim expands on Farahnak's point about the indirect effects of neuromodulation on the microbiome by providing specific examples from his spinal cord injury models."", 'present new idea': 'Tim introduces the new idea that while a top-down effect shifts the microbiome, the new microbiome composition might, in turn, affect the host.'}",17114.0,119,0
2021_04_23_MND_S9,2021_04_23_MND_S9,,,But it doesn't necessarily mean then that that new microbiome's composition doesn't then affect the affect the host in some way.,,2021_04_23_MND_S9_MND,Timothy Sampson,,,,,927.4808743169399,935.0,,,MND,931.24043715847,"{'provide supporting evidence': ""Tim provides evidence from his team's spinal cord injury mice models, showing that gut motility slows down within 2-4 days post-injury, but microbiome composition changes significantly only after two weeks."", 'expand on existing idea': ""Tim expands on Farahnak's point about the indirect effects of neuromodulation on the microbiome by providing specific examples from his spinal cord injury models."", 'present new idea': 'Tim introduces the new idea that while a top-down effect shifts the microbiome, the new microbiome composition might, in turn, affect the host.'}",17114.0,120,0
