term,coef_A,se_A,p_A,ci_low_A,ci_high_A,R2_A,Adj_R2_A,N_A,coef_B,se_B,p_B,ci_low_B,ci_high_B,R2_B,Adj_R2_B,N_B,delta_coef,abs_pct_change_coef,delta_R2,delta_Adj_R2
C(conference)[T.CMC],0.4942266596932693,0.2717455558588127,0.06895551687478395,-0.038384842748821146,1.0268381621353597,0.1573227776731555,0.044965814696242945,273.0,0.505381321272364,0.289681938225444,0.08105319083412713,-0.062384844621263036,1.0731474871659912,0.15763127104443797,0.03729288119364349,273,0.011154661579094727,0.022569930942247466,0.00030849337128247,-0.007672933502599455
C(conference)[T.MND],-0.029701487667040588,0.2031374434291998,0.8837526501256688,-0.4278435606998148,0.36844058536573365,0.1573227776731555,0.044965814696242945,273.0,-0.03376867814821925,0.20581200701231492,0.8696718225979657,-0.4371527994782616,0.36961544318182304,0.15763127104443797,0.03729288119364349,273,-0.004067190481178665,0.136935581367932,0.00030849337128247,-0.007672933502599455
C(conference)[T.MZT],0.3122382172675682,0.2516555937005636,0.21470319881393396,-0.18099768289358142,0.8054741174287178,0.1573227776731555,0.044965814696242945,273.0,0.3098024632948223,0.25323962871538336,0.22119490061156277,-0.18653808844562436,0.806143015035269,0.15763127104443797,0.03729288119364349,273,-0.002435753972745869,0.007800947603600309,0.00030849337128247,-0.007672933502599455
C(conference)[T.NES],0.031080951081103078,0.1983378150560907,0.8754756623667679,-0.3576540232012007,0.4198159253634069,0.1573227776731555,0.044965814696242945,273.0,0.030395629630565912,0.1999845714281947,0.8791949229615136,-0.3615669278323736,0.4223581870935054,0.15763127104443797,0.03729288119364349,273,-0.0006853214505371658,0.02204956498109978,0.00030849337128247,-0.007672933502599455
C(conference)[T.SLU],0.19790433205062277,0.2082135503697375,0.3418647119352183,-0.21018672776727917,0.6059953918685247,0.1573227776731555,0.044965814696242945,273.0,0.18831426940522447,0.20772089145333714,0.36463234543415124,-0.21881119667987023,0.5954397354903191,0.15763127104443797,0.03729288119364349,273,-0.0095900626453983,0.04845807338338212,0.00030849337128247,-0.007672933502599455
C(year)[T.2021],-0.05886190381712189,0.2724026650640844,0.8289221386575452,-0.5927613166354545,0.4750375090012108,0.1573227776731555,0.044965814696242945,273.0,-0.0651449665982945,0.27242871610767244,0.8110073764201882,-0.5990954385238194,0.4688055053272304,0.15763127104443797,0.03729288119364349,273,-0.006283062781172605,0.10674243226473712,0.00030849337128247,-0.007672933502599455
C(year)[T.2022],-0.08735260092965089,0.3590975157307017,0.807807140188122,-0.7911707986996318,0.61646559684033,0.1573227776731555,0.044965814696242945,273.0,-0.09998906954103776,0.362379587410324,0.7826067699660677,-0.8102400095977571,0.6102618705156817,0.15763127104443797,0.03729288119364349,273,-0.01263646861138687,0.1446604734936697,0.00030849337128247,-0.007672933502599455
Intercept,1.7142783024300137,1.5196774272287719,0.259297086032665,-1.2642347230568682,4.692791327916895,0.1573227776731555,0.044965814696242945,273.0,1.7740633801343153,1.5537100776260753,0.2535272044544504,-1.271152414429724,4.819279174698354,0.15763127104443797,0.03729288119364349,273,0.05978507770430164,0.03487477944482844,0.00030849337128247,-0.007672933502599455
ann_coordination_and_decision_practices_count,-0.016447427483646068,0.028639373737885505,0.5657687037339834,-0.07257956854968392,0.03968471358239179,0.1573227776731555,0.044965814696242945,273.0,-0.017198404986466288,0.029911495779995276,0.5653072393794212,-0.07582385943897885,0.041427049466046265,0.15763127104443797,0.03729288119364349,273,-0.0007509775028202194,0.04565926820877781,0.00030849337128247,-0.007672933502599455
ann_coordination_and_decision_practices_mean_score,-0.2528662109714671,0.32662974042989334,0.438831597433205,-0.8930487384937245,0.38731631655079024,0.1573227776731555,0.044965814696242945,273.0,-0.24849264808070443,0.32193518874244836,0.44019044476178015,-0.879474023372008,0.38248872721059907,0.15763127104443797,0.03729288119364349,273,0.004373562890762683,0.017295956126206942,0.00030849337128247,-0.007672933502599455
ann_coordination_and_decision_practices_sum_score,0.006734511535665396,0.020500287403331426,0.742527481393082,-0.03344531344758435,0.046914336518915134,0.1573227776731555,0.044965814696242945,273.0,0.006352136437691943,0.02028963229773028,0.7542251871595816,-0.033414812125420065,0.04611908500080396,0.15763127104443797,0.03729288119364349,273,-0.00038237509797345304,0.0567784457637985,0.00030849337128247,-0.007672933502599455
ann_evaluation_practices_count,0.05843044639707441,0.05448152441944202,0.2835036594109126,-0.04835137928787142,0.16521227208202025,0.1573227776731555,0.044965814696242945,273.0,0.057117194057306,0.056274047410291135,0.31011399391334504,-0.053177912131164115,0.16741230024577614,0.15763127104443797,0.03729288119364349,273,-0.0013132523397684087,0.02247548017764524,0.00030849337128247,-0.007672933502599455
ann_evaluation_practices_mean_score,0.4795760091646006,0.24648575605779346,0.051696309909907576,-0.0035271954108000436,0.9626792137400012,0.1573227776731555,0.044965814696242945,273.0,0.47949330349601293,0.24814213228506243,0.053318381738754604,-0.006856338829683228,0.965842945821709,0.15763127104443797,0.03729288119364349,273,-8.270566858764594e-05,0.00017245580889610268,0.00030849337128247,-0.007672933502599455
ann_evaluation_practices_sum_score,-0.047575972494898214,0.035593223277012705,0.181334243662572,-0.11733740821153583,0.022185463221739407,0.1573227776731555,0.044965814696242945,273.0,-0.047026535438841985,0.03617919365080609,0.1936617599284145,-0.11793645198412211,0.023883381106438145,0.15763127104443797,0.03729288119364349,273,0.0005494370560562289,0.011548624804572256,0.00030849337128247,-0.007672933502599455
ann_idea_management_count,0.03235214274910713,0.05899216314404042,0.5834074958286488,-0.08327037238332324,0.14797465788153752,0.1573227776731555,0.044965814696242945,273.0,0.02845596017611384,0.060207056914426904,0.636473633237929,-0.08954770299131612,0.14645962334354382,0.15763127104443797,0.03729288119364349,273,-0.0038961825729932897,0.12043043340926216,0.00030849337128247,-0.007672933502599455
ann_idea_management_mean_score,-0.5872221762803701,0.4122333700357312,0.1543047739463319,-1.3951847347759763,0.22074038221523606,0.1573227776731555,0.044965814696242945,273.0,-0.5928654791795334,0.41370773433561636,0.15184243647147813,-1.4037177386030062,0.21798678024393936,0.15763127104443797,0.03729288119364349,273,-0.0056433028991632606,0.009610166521485145,0.00030849337128247,-0.007672933502599455
ann_idea_management_sum_score,-0.020760366531025955,0.03401645184266871,0.5416606442533025,-0.08743138702449779,0.045910653962445876,0.1573227776731555,0.044965814696242945,273.0,-0.018468030961403814,0.03495997589421292,0.597317419459878,-0.08698832461444961,0.05005226269164198,0.15763127104443797,0.03729288119364349,273,0.0022923355696221406,0.11041883900249501,0.00030849337128247,-0.007672933502599455
ann_information_seeking_count,0.015214781153987743,0.05847309647706003,0.7947084298343101,-0.09939038200558584,0.1298199443135613,0.1573227776731555,0.044965814696242945,273.0,0.012999731737081292,0.060376376701904245,0.8295244189290497,-0.10533579211567423,0.13133525558983683,0.15763127104443797,0.03729288119364349,273,-0.0022150494169064505,0.14558536166166897,0.00030849337128247,-0.007672933502599455
ann_information_seeking_mean_score,0.14907977952735327,0.3984654543800649,0.7083040543309072,-0.6318981601409619,0.9300577191956685,0.1573227776731555,0.044965814696242945,273.0,0.14836205750359452,0.40516587173063845,0.7142336773233857,-0.6457484588532321,0.9424725738604212,0.15763127104443797,0.03729288119364349,273,-0.0007177220237587489,0.0048143485725175815,0.00030849337128247,-0.007672933502599455
ann_information_seeking_sum_score,-0.00844969713460626,0.03178732149990419,0.790378049411302,-0.0707517024394142,0.053852308170201674,0.1573227776731555,0.044965814696242945,273.0,-0.00804871207007497,0.033270902537494915,0.8088464535853465,-0.0732584827767073,0.05716105863655735,0.15763127104443797,0.03729288119364349,273,0.00040098506453128957,0.04745555469544942,0.00030849337128247,-0.007672933502599455
ann_integration_practices_count,0.11501426064306722,0.08137213023075404,0.15752770266872396,-0.04447218395451366,0.27450070524064807,0.1573227776731555,0.044965814696242945,273.0,0.11214710318539682,0.08541115662878286,0.18917405372150808,-0.0552556876849271,0.2795498940557207,0.15763127104443797,0.03729288119364349,273,-0.0028671574576703968,0.024928712679971675,0.00030849337128247,-0.007672933502599455
ann_integration_practices_mean_score,0.44029403544187745,0.23065500009642423,0.05627683583047067,-0.011781457601196754,0.8923695284849517,0.1573227776731555,0.044965814696242945,273.0,0.44127867387952335,0.23316114458821643,0.0584122872203995,-0.015708772107516977,0.8982661198665637,0.15763127104443797,0.03729288119364349,273,0.0009846384376459016,0.002236320182392937,0.00030849337128247,-0.007672933502599455
ann_integration_practices_sum_score,-0.071321253339493,0.05128589808266597,0.16432851527839365,-0.1718397664963101,0.0291972598173241,0.1573227776731555,0.044965814696242945,273.0,-0.06956812198991362,0.05502270079506426,0.2061033206577545,-0.17741063388036296,0.03827438990053572,0.15763127104443797,0.03729288119364349,273,0.0017531313495793843,0.024580770352343427,0.00030849337128247,-0.007672933502599455
ann_knowledge_sharing_count,-0.04992655333830425,0.0637170448363468,0.43329441291323745,-0.1748096664188678,0.07495655974225929,0.1573227776731555,0.044965814696242945,273.0,-0.05481497163236454,0.06711860540443856,0.41410664835208055,-0.18636502091761956,0.07673507765289048,0.15763127104443797,0.03729288119364349,273,-0.0048884182940602885,0.09791219235456086,0.00030849337128247,-0.007672933502599455
ann_knowledge_sharing_mean_score,-0.6785551183697971,0.7961063365636054,0.39402412628009076,-2.2388948658985868,0.8817846291589924,0.1573227776731555,0.044965814696242945,273.0,-0.699754472343633,0.805324456660223,0.3848963603544987,-2.278161403266958,0.8786524585796919,0.15763127104443797,0.03729288119364349,273,-0.021199353973835877,0.031241904157714585,0.00030849337128247,-0.007672933502599455
ann_knowledge_sharing_sum_score,0.034628214573865314,0.037462560311735664,0.3553083285483716,-0.03879705440579621,0.10805348355352684,0.1573227776731555,0.044965814696242945,273.0,0.036619391735716315,0.03875744589806419,0.34474311572613214,-0.03934380635724915,0.11258258982868177,0.15763127104443797,0.03729288119364349,273,0.0019911771618510016,0.05750158321341197,0.00030849337128247,-0.007672933502599455
ann_none_count,-0.005958284232186688,0.011182195642017228,0.5941466260490115,-0.027874984958621202,0.015958416494247826,0.1573227776731555,0.044965814696242945,273.0,-0.008054570231107717,0.01652859130556869,0.6260377018112383,-0.040450013905204224,0.024340873442988787,0.15763127104443797,0.03729288119364349,273,-0.002096285998921029,0.35182712291516394,0.00030849337128247,-0.007672933502599455
ann_participation_dynamics_count,0.012411537560170667,0.021154363596344268,0.5573965568907001,-0.029050253204529315,0.05387332832487065,0.1573227776731555,0.044965814696242945,273.0,0.010950091664871844,0.02404443808828021,0.6488138801042971,-0.036176141016660474,0.05807632434640417,0.15763127104443797,0.03729288119364349,273,-0.0014614458952988234,0.11774898059275804,0.00030849337128247,-0.007672933502599455
ann_participation_dynamics_mean_score,-0.23385171983105968,0.1724019429453627,0.1749613746489228,-0.5717533188686998,0.10404987920658049,0.1573227776731555,0.044965814696242945,273.0,-0.23525860392619982,0.17288610447145944,0.17358569129264279,-0.5741091421176895,0.10359193426528987,0.15763127104443797,0.03729288119364349,273,-0.001406884095140143,0.006016137474449669,0.00030849337128247,-0.007672933502599455
ann_participation_dynamics_sum_score,-0.006027504860417346,0.017622147780925003,0.7323197038987977,-0.040566279841272784,0.028511270120438095,0.1573227776731555,0.044965814696242945,273.0,-0.005468544879839592,0.0186356742151432,0.7691820556469433,-0.041993795169142006,0.031056705409462818,0.15763127104443797,0.03729288119364349,273,0.0005589599805777539,0.09273488674367512,0.00030849337128247,-0.007672933502599455
ann_relational_climate_count,-0.003753119967196251,0.011090957940107364,0.7350658639043817,-0.02549099808385523,0.01798475814946273,0.1573227776731555,0.044965814696242945,273.0,-0.0062129963962004875,0.013331669045046051,0.6411919507656254,-0.03234258757829824,0.019916594785897267,0.15763127104443797,0.03729288119364349,273,-0.0024598764290042364,0.6554217425780489,0.00030849337128247,-0.007672933502599455
ann_relational_climate_mean_score,-0.24362862124661172,0.38690388097859024,0.5288989209112898,-1.0019462934434202,0.5146890509501969,0.1573227776731555,0.044965814696242945,273.0,-0.24786350527363038,0.38626230886635876,0.5210697013334304,-1.00492371923698,0.5091967086897191,0.15763127104443797,0.03729288119364349,273,-0.004234884027018659,0.017382539068478007,0.00030849337128247,-0.007672933502599455
ann_relational_climate_sum_score,-0.004999730492804161,0.010183704156633682,0.6234589686450764,-0.02495942386901702,0.014959962883408699,0.1573227776731555,0.044965814696242945,273.0,-0.003817167985167163,0.010631230871354645,0.719555958268215,-0.024653997604352645,0.01701966163401832,0.15763127104443797,0.03729288119364349,273,0.0011825625076369983,0.23652525057880536,0.00030849337128247,-0.007672933502599455
p_speaking_duration_sec,,,,,,,,,-3.0091627912472065e-05,0.00018733461374771722,0.8723845354065198,-0.0003972607239157199,0.00033707746809077575,0.15763127104443797,0.03729288119364349,273,,,0.00030849337128247,-0.007672933502599455
p_turns,,,,,,,,,0.0021937183659492287,0.010060506450067041,0.8273882231391437,-0.017524511942415083,0.021911948674313543,0.15763127104443797,0.03729288119364349,273,,,0.00030849337128247,-0.007672933502599455
