term,coef,std_err,p_value,ci_low,ci_high,N,R2,Adj_R2
Intercept,5.404388006332759,2.4982399864104914,0.03051979167176886,0.5079276082303616,10.300848404435158,273,0.24936386728686988,0.14213013404213704
C(conference)[T.CMC],0.7235217670273468,0.3614387064978055,0.045308102232138034,0.015114919672904792,1.4319286143817889,273,0.24936386728686988,0.14213013404213704
C(conference)[T.MND],0.0462945573012208,0.35472853769297974,0.8961653162375373,-0.6489606008655785,0.7415497154680201,273,0.24936386728686988,0.14213013404213704
C(conference)[T.MZT],0.06424827749281015,0.3575681257150662,0.8574028367997422,-0.63657237092821,0.7650689259138302,273,0.24936386728686988,0.14213013404213704
C(conference)[T.NES],-0.0931804744990822,0.3077937859025685,0.7620905281482764,-0.6964452095333487,0.5100842605351843,273,0.24936386728686988,0.14213013404213704
C(conference)[T.SLU],0.23972248115378714,0.30057086279760215,0.42512744754893916,-0.34938558473164305,0.8288305470392173,273,0.24936386728686988,0.14213013404213704
C(year)[T.2021],-0.29955647924673423,0.6452141525318787,0.642451089846741,-1.5641529805247496,0.9650400220312811,273,0.24936386728686988,0.14213013404213704
C(year)[T.2022],-0.43180524307514073,0.7509499504511044,0.5652831721475996,-1.9036401001514434,1.040029614001162,273,0.24936386728686988,0.14213013404213704
ann_coordination_and_decision_practices_count,-0.0294603473585211,0.04104266025773194,0.47288172786967575,-0.10990248329338911,0.050981788576346915,273,0.24936386728686988,0.14213013404213704
ann_coordination_and_decision_practices_mean_score,0.04252984625646711,0.37315601865962383,0.9092589093136647,-0.6888425109307519,0.7739022034436862,273,0.24936386728686988,0.14213013404213704
ann_coordination_and_decision_practices_sum_score,0.014414454402964324,0.028273543089618963,0.6101766640618154,-0.04100067176803017,0.06982958057395881,273,0.24936386728686988,0.14213013404213704
ann_evaluation_practices_count,0.08730886511522788,0.07382269705764608,0.23693471660283694,-0.057380962359369445,0.2319986925898252,273,0.24936386728686988,0.14213013404213704
ann_evaluation_practices_mean_score,0.34881114339540154,0.39637573486639927,0.37885863069464487,-0.4280710212883384,1.1256933080791414,273,0.24936386728686988,0.14213013404213704
ann_evaluation_practices_sum_score,-0.06009320685456161,0.0512064945170474,0.2405766863820884,-0.16045609188252227,0.04026967817339905,273,0.24936386728686988,0.14213013404213704
ann_idea_management_count,-0.07780301540234613,0.11310604143492357,0.491530403313433,-0.29948678304869136,0.14388075224399913,273,0.24936386728686988,0.14213013404213704
ann_idea_management_mean_score,-1.9565617307315009,0.9225420876781409,0.03393549106574769,-3.76471099680305,-0.14841246465995184,273,0.24936386728686988,0.14213013404213704
ann_idea_management_sum_score,0.030796978813207657,0.06610226167271559,0.6412877839619656,-0.09876107336195729,0.16035503098837262,273,0.24936386728686988,0.14213013404213704
ann_information_seeking_count,0.10041817405878513,0.08335727151346561,0.22832993513781563,-0.06295907595713408,0.26379542407470435,273,0.24936386728686988,0.14213013404213704
ann_information_seeking_mean_score,0.5569866690837316,0.6941772062520275,0.4223392078994813,-0.8035756540588751,1.9175489922263385,273,0.24936386728686988,0.14213013404213704
ann_information_seeking_sum_score,-0.06422317827663265,0.0474763824724965,0.17613886403421775,-0.15727517803897448,0.028828821485709172,273,0.24936386728686988,0.14213013404213704
ann_integration_practices_count,0.04825598761161135,0.13114288735688256,0.7128993600508626,-0.2087793484364717,0.3052913236596944,273,0.24936386728686988,0.14213013404213704
ann_integration_practices_mean_score,0.3644134042679155,0.3393070274005275,0.28282577666466524,-0.30061614913846363,1.0294429576742947,273,0.24936386728686988,0.14213013404213704
ann_integration_practices_sum_score,-0.028206824535165327,0.08859215151512119,0.7501893846183894,-0.20184425081771842,0.14543060174738778,273,0.24936386728686988,0.14213013404213704
ann_knowledge_sharing_count,-0.08971762817098657,0.11327048268849689,0.4283225538370281,-0.31172369475190814,0.13228843840993504,273,0.24936386728686988,0.14213013404213704
ann_knowledge_sharing_mean_score,-1.0720780750145784,1.449682992237409,0.4595877371532917,-3.913404528800159,1.7692483787710023,273,0.24936386728686988,0.14213013404213704
ann_knowledge_sharing_sum_score,0.06191051603359926,0.06467589916447987,0.33844489656327614,-0.06485191699652545,0.18867294906372398,273,0.24936386728686988,0.14213013404213704
ann_none_count,0.0277936258107296,0.02984396906280266,0.35169948631773273,-0.030699478708091203,0.0862867303295504,273,0.24936386728686988,0.14213013404213704
ann_participation_dynamics_count,-0.0285519518501451,0.04201831384650325,0.4968134560212162,-0.11090633368039214,0.05380242998010194,273,0.24936386728686988,0.14213013404213704
ann_participation_dynamics_mean_score,-0.7918090886426289,0.3306556734152413,0.016635622440474455,-1.43988229982034,-0.14373587746491767,273,0.24936386728686988,0.14213013404213704
ann_participation_dynamics_sum_score,0.020826675582471928,0.0347855043069098,0.5493615650986208,-0.047351660043134215,0.08900501120807808,273,0.24936386728686988,0.14213013404213704
ann_relational_climate_count,-0.009011523078633333,0.025343826027070433,0.7221620564169658,-0.05868450932214023,0.040661463164873554,273,0.24936386728686988,0.14213013404213704
ann_relational_climate_mean_score,-0.16374628170714312,0.5153810364951897,0.7506981944267546,-1.1738745515526383,0.8463819881383521,273,0.24936386728686988,0.14213013404213704
ann_relational_climate_sum_score,-0.007813963566308323,0.017041118803368883,0.6465675264250634,-0.041213942677179635,0.025586015544562992,273,0.24936386728686988,0.14213013404213704
p_speaking_duration_sec,0.00023395374250276979,0.00034055166410557904,0.4920924445461662,-0.00043351525401934705,0.0009014227390248867,273,0.24936386728686988,0.14213013404213704
p_turns,0.001024948120982955,0.018184342366559476,0.9550515790004089,-0.03461570800001947,0.03666560424198539,273,0.24936386728686988,0.14213013404213704
