global_session,speaker,is_explanation_per_min,predicted,residual
2021_04_22_MND_S1_MND,Aida Ebrahimi,0.0,0.0368062306288457,-0.0368062306288457
2021_04_22_MND_S1_MND,Amina Schartup,0.0,0.032231316667757276,-0.032231316667757276
2021_04_22_MND_S1_MND,Andrew Feig,0.5,0.030829408760272965,0.46917059123972704
2021_04_22_MND_S1_MND,Arida Ebrahimi,0.0,0.021016053407882786,-0.021016053407882786
2021_04_22_MND_S1_MND,Ashley Ross,0.6666666666666666,0.4866664884799341,0.18000017818673253
2021_04_22_MND_S1_MND,Barbara Bendlin,0.0,-0.022367407132097793,0.022367407132097793
2021_04_22_MND_S1_MND,Chris Whidbey,0.0,0.12718467490986027,-0.12718467490986027
2021_04_22_MND_S1_MND,Chris Whitlatch,0.0,0.032231316667757276,-0.032231316667757276
2021_04_22_MND_S1_MND,Chris Windey,0.0,0.07405084054481491,-0.07405084054481491
2021_04_22_MND_S1_MND,Erin Longbrake,0.1111111111111111,0.06272463780904008,0.04838647330207102
2021_04_22_MND_S1_MND,Flavio Frohlich,0.0,0.22026709731326244,-0.22026709731326244
2021_04_22_MND_S1_MND,Mei Shen,0.125,0.10204442744185022,0.022955572558149784
2021_04_22_MND_S1_MND,Richard Wiener,0.0,0.1900823410132392,-0.1900823410132392
2021_04_22_MND_S1_MND,Shikha Nangia,0.1666666666666666,0.1935407377319292,-0.0268740710652626
2021_04_22_MND_S1_MND,Yanjiao Zhou,0.25,0.24952560190280137,0.000474398097198625
2021_04_22_MND_S2_MND,Joel Zylberberg,0.0,0.032231316667757276,-0.032231316667757276
2021_04_22_MND_S3_MND,Camille Nebeker,0.0,0.1812462459233495,-0.1812462459233495
2021_04_22_MND_S3_MND,Elaine Hsiao,0.1666666666666666,0.14549958704628765,0.021167079620378948
2021_04_22_MND_S3_MND,Faranak Fattahi,0.0588235294117647,0.10346134864904544,-0.04463781923728074
2021_04_22_MND_S3_MND,Judith Eisen,0.0,0.05740044773584721,-0.05740044773584721
2021_04_22_MND_S3_MND,Kai Zhang,0.0,0.03383833026337239,-0.03383833026337239
2021_04_22_MND_S3_MND,Lisa Osborne,0.3,0.05146473195099172,0.24853526804900827
2021_04_22_MND_S3_MND,Sarkis Mazmanian,0.0,0.08368613841253589,-0.08368613841253589
2021_04_22_MND_S3_MND,Will Ludington,0.0588235294117647,0.06725237687362953,-0.008428847461864834
2021_04_22_MND_S3_MND,Xin Qi,0.0,0.14268256351757974,-0.14268256351757974
2021_04_22_MND_S3_MND,Ying,0.0,0.20071200275745957,-0.20071200275745957
2021_04_22_MND_S4_MND,Aida Ebrahimi,0.03125,0.04888939534322101,-0.01763939534322101
2021_04_22_MND_S4_MND,Alda Ebrahimi,0.0,0.030829408760272965,-0.030829408760272965
2021_04_22_MND_S4_MND,Amina Schartup,0.4285714285714285,0.19707659750028567,0.23149483107114283
2021_04_22_MND_S4_MND,Andrew Feig,0.1666666666666666,0.07830608788132445,0.08836057878534215
2021_04_22_MND_S4_MND,Ashley Ross,0.1428571428571428,0.1977447301111717,-0.0548875872540289
2021_04_22_MND_S4_MND,Barbara Bendlin,0.0,0.016195698431395848,-0.016195698431395848
2021_04_22_MND_S4_MND,Chris Whidbey,0.0,0.06656079207448351,-0.06656079207448351
2021_04_22_MND_S4_MND,Erin Longbrake,0.1666666666666666,0.06989464043641859,0.09677202623024801
2021_04_22_MND_S4_MND,Flavio Frohlich,0.0714285714285714,0.059507351657023,0.011921219771548398
2021_04_22_MND_S4_MND,Mei Shen,0.0,0.21772720374137952,-0.21772720374137952
2021_04_22_MND_S4_MND,Michael Burton,0.0,0.1900823410132392,-0.1900823410132392
2021_04_22_MND_S4_MND,Richard Wiener,0.0,0.02662368503782003,-0.02662368503782003
2021_04_22_MND_S4_MND,Shikha Nangia,0.1538461538461538,0.2214813924341484,-0.06763523858799461
2021_04_22_MND_S4_MND,Unknown speaker,0.0,0.05640559390854194,-0.05640559390854194
2021_04_22_MND_S4_MND,Yanjiao Zhou,0.0909090909090909,0.07612239477581097,0.01478669613327993
2021_04_22_MND_S4_MND,botB1,0.0,0.10765205907178746,-0.10765205907178746
2021_04_22_MND_S5_MND,All,0.0,0.030829408760272965,-0.030829408760272965
2021_04_22_MND_S5_MND,All Bryan Bayles,0.0,0.030829408760272965,-0.030829408760272965
2021_04_22_MND_S5_MND,Carl Bryan Agee,0.0,0.08331531840158499,-0.08331531840158499
2021_04_22_MND_S5_MND,Carl Bryan Bates,0.0,0.15402603084019303,-0.15402603084019303
2021_04_22_MND_S5_MND,David Bryman,,,
2021_04_22_MND_S5_MND,Gillian Zuberberg,0.3333333333333333,0.3217609671615705,0.011572366171762827
2021_04_22_MND_S5_MND,Gillian Zybertberg,0.0,0.13559612235476615,-0.13559612235476615
2021_04_22_MND_S5_MND,Harris Wang,0.0,0.030829408760272965,-0.030829408760272965
2021_04_22_MND_S5_MND,JP Yu,0.0,0.029427500852788654,-0.029427500852788654
2021_04_22_MND_S5_MND,Jae Hwan Song,0.5,0.030829408760272965,0.46917059123972704
2021_04_22_MND_S5_MND,Jae Sung Kim,0.0,0.028025592945304344,-0.028025592945304344
2021_04_22_MND_S5_MND,Jali Zilberberg,0.0,0.1313903986323132,-0.1313903986323132
2021_04_22_MND_S5_MND,Jeff Balser,0.0,0.02662368503782003,-0.02662368503782003
2021_04_22_MND_S5_MND,Jeff Bryan Kottkamp,0.0,0.07235775322204756,-0.07235775322204756
2021_04_22_MND_S5_MND,Jeff Dongga,0.0,0.029427500852788654,-0.029427500852788654
2021_04_22_MND_S5_MND,Jeff Levenson,,,
2021_04_22_MND_S5_MND,Jia Li Zhu,0.0,0.032231316667757276,-0.032231316667757276
2021_04_22_MND_S5_MND,Jial Rongge Xue,0.4,0.09032485793900653,0.3096751420609935
2021_04_22_MND_S5_MND,Jiali Ping,0.0,0.028025592945304344,-0.028025592945304344
2021_04_22_MND_S5_MND,Jill Marburger,0.0,0.14268256351757974,-0.14268256351757974
2021_04_22_MND_S5_MND,Jill Panzer Codding,1.0,0.032231316667757276,0.9677686833322428
2021_04_22_MND_S5_MND,Jill Panzer Godager,0.0,0.032231316667757276,-0.032231316667757276
2021_04_22_MND_S5_MND,Jill Sarah MacEachern,1.0,0.3719965046621305,0.6280034953378695
2021_04_22_MND_S5_MND,Jill Sean McEachern,0.0,0.032231316667757276,-0.032231316667757276
2021_04_22_MND_S5_MND,Joel Bango Kote,0.0,0.032231316667757276,-0.032231316667757276
2021_04_22_MND_S5_MND,Joel Bornstein,0.0,0.019360104446924976,-0.019360104446924976
2021_04_22_MND_S5_MND,Joel Bryan Bornstein,,,
2021_04_22_MND_S5_MND,Joel P Fhu,0.0,0.029427500852788654,-0.029427500852788654
2021_04_22_MND_S5_MND,Joel Pfu,0.0,0.032231316667757276,-0.032231316667757276
2021_04_22_MND_S5_MND,Joel Weizman,0.25,0.11296688994389764,0.13703311005610236
2021_04_22_MND_S5_MND,John,0.4,0.02662368503782003,0.37337631496218
2021_04_22_MND_S5_MND,Kai Iwi,,,
2021_04_22_MND_S5_MND,Kallol Mondal,1.0,0.032231316667757276,0.9677686833322428
2021_04_22_MND_S5_MND,LaureAnne O'Bryan,0.0,0.5089486068155629,-0.5089486068155629
2021_04_22_MND_S5_MND,Laurel Beckett,0.0,0.032231316667757276,-0.032231316667757276
2021_04_22_MND_S5_MND,Lauren O'Connell,0.0,0.032231316667757276,-0.032231316667757276
2021_04_22_MND_S5_MND,Leanne Debra Opheim Stoltze,,,
2021_04_22_MND_S5_MND,Leanne Joan Dube,0.0,0.02662368503782003,-0.02662368503782003
2021_04_22_MND_S5_MND,Lee Berg,0.0,0.029427500852788654,-0.029427500852788654
2021_04_22_MND_S5_MND,Liang Song,inf,,
2021_04_22_MND_S5_MND,Michael Burton,1.0,0.3507371811736898,0.6492628188263102
2021_04_22_MND_S5_MND,Michael D Cullinan,0.0,0.032231316667757276,-0.032231316667757276
2021_04_22_MND_S5_MND,Paul Hsu,,,
2021_04_22_MND_S5_MND,Sarah MacEachern,0.0,0.6459007089689952,-0.6459007089689952
2021_04_22_MND_S5_MND,Sarah McEachran,0.0,0.21170663214855584,-0.21170663214855584
2021_04_22_MND_S5_MND,Stephanie Culina,0.0,0.3507371811736898,-0.3507371811736898
2021_04_22_MND_S5_MND,Stephanie Grainger McOgga,0.0,0.05640559390854194,-0.05640559390854194
2021_04_22_MND_S5_MND,Stephanie M Goggin,,,
2021_04_22_MND_S5_MND,Stephanie Rosener,,,
2021_04_22_MND_S5_MND,Unknown speaker,0.0,0.02662368503782003,-0.02662368503782003
2021_04_22_MND_S5_MND,Wang Ying,,,
2021_04_22_MND_S5_MND,Wenjing Wang,0.0,0.19707659750028567,-0.19707659750028567
2021_04_22_MND_S5_MND,William Zuberbierg,0.25,0.10765205907178746,0.14234794092821254
2021_04_22_MND_S5_MND,William Zuckerberg,0.0,0.021016053407882786,-0.021016053407882786
2021_04_22_MND_S5_MND,William Zuercher,0.5,0.20071200275745957,0.2992879972425404
2021_04_22_MND_S5_MND,Wingjin Zhang,0.0,0.030829408760272965,-0.030829408760272965
2021_04_22_MND_S5_MND,Zongqi Xia,,,
2021_04_22_MND_S6_MND,Alexandra Bedford,inf,,
2021_04_22_MND_S6_MND,Ali Keshavarzan,,,
2021_04_22_MND_S6_MND,Ali Keshavarzian,0.0952380952380952,0.06463823136319141,0.030599863874903793
2021_04_22_MND_S6_MND,Andrew Feig,,,
2021_04_22_MND_S6_MND,Cesar de la Fuente,0.0,0.12989045914837274,-0.12989045914837274
2021_04_22_MND_S6_MND,David Durgan,0.0,0.08192370424486087,-0.08192370424486087
2021_04_22_MND_S6_MND,Linnea Freeman,0.1111111111111111,0.2576565571258422,-0.14654544601473107
2021_04_22_MND_S6_MND,Lisa Ryno,0.3333333333333333,0.4866664884799341,-0.15333315514660079
2021_04_22_MND_S6_MND,Marie,0.5,0.24952560190280137,0.2504743980971986
2021_04_22_MND_S6_MND,Mark Mimee,0.2222222222222222,0.19160177023306624,0.030620451989155972
2021_04_22_MND_S6_MND,Nandita Garud,0.0,0.0572873739918711,-0.0572873739918711
2021_04_22_MND_S6_MND,Pamela Chang,0.3333333333333333,0.13559612235476615,0.19773721097856717
2021_04_22_MND_S6_MND,Robin Voigt,0.0,0.17793160983401426,-0.17793160983401426
2021_04_22_MND_S6_MND,Rosa Krajmalnik,0.0434782608695652,0.14825434600034876,-0.10477608513078356
2021_04_22_MND_S6_MND,Unidentified speaker,0.0,0.030829408760272965,-0.030829408760272965
2021_04_22_MND_S6_MND,Unknown speaker,0.0,0.030829408760272965,-0.030829408760272965
2021_04_22_MND_S7_MND,Abhishek Shrivastava,0.0,0.0550720545637679,-0.0550720545637679
2021_04_22_MND_S7_MND,Andrew Feig,0.0,0.032231316667757276,-0.032231316667757276
2021_04_22_MND_S7_MND,Elizabeth Bess,0.0,0.029427500852788654,-0.029427500852788654
2021_04_22_MND_S7_MND,Emily Balskus,0.0625,0.03243802230514094,0.030061977694859063
2021_04_22_MND_S7_MND,Harris Wang,0.1818181818181818,0.19410381641517266,-0.012285634596990863
2021_04_22_MND_S7_MND,Lawrence David,0.0,0.11670194969772413,-0.11670194969772413
2021_04_22_MND_S7_MND,Maayan Levy,0.04,0.024065996048608405,0.015934003951391596
2021_04_22_MND_S7_MND,Sandra Laney,0.0,0.030829408760272965,-0.030829408760272965
2021_04_22_MND_S7_MND,Stavroula Hatzios,0.0,0.15101574504378118,-0.15101574504378118
2021_04_22_MND_S7_MND,Tanya Nguyen,0.0,0.09568682606994273,-0.09568682606994273
2021_04_22_MND_S7_MND,Timothy Sampson,0.0,0.08362571312690405,-0.08362571312690405
2021_04_22_MND_S7_MND,Yang,0.3333333333333333,0.12742616007142735,0.20590717326190597
2021_04_22_MND_S8_MND,Carolina Tropini,0.0,0.029427500852788654,-0.029427500852788654
2021_04_22_MND_S8_MND,George Weinstock,0.0,0.028025592945304344,-0.028025592945304344
2021_04_22_MND_S8_MND,Heather Bean,0.0,0.07830608788132445,-0.07830608788132445
2021_04_22_MND_S8_MND,Irene Yang,0.0,0.030829408760272965,-0.030829408760272965
2021_04_22_MND_S8_MND,Kaixiong Ye,0.0,0.05640559390854194,-0.05640559390854194
2021_04_22_MND_S8_MND,Noah Palm,0.0,0.02522177713033572,-0.02522177713033572
2021_04_22_MND_S8_MND,Thomas Mansell,1.0,0.3507371811736898,0.6492628188263102
2021_04_23_MND_S10_MND,Elizabeth Bess,0.0,0.2612973596948165,-0.2612973596948165
2021_04_23_MND_S10_MND,Emily Balakus,,,
2021_04_23_MND_S10_MND,Emily Baleikus,0.0,0.09032485793900653,-0.09032485793900653
2021_04_23_MND_S10_MND,Emily Balskus,0.0,0.06223119437860866,-0.06223119437860866
2021_04_23_MND_S10_MND,Jae,0.0,0.3507371811736898,-0.3507371811736898
2021_04_23_MND_S10_MND,Jae Seungh,0.2,0.02662368503782003,0.17337631496217998
2021_04_23_MND_S10_MND,Jaeyun Sung,0.25,0.1872785251982706,0.0627214748017294
2021_04_23_MND_S10_MND,Linnea Freeman,0.5,0.1900823410132392,0.3099176589867608
2021_04_23_MND_S10_MND,Lisa Osborne,0.0,0.23954038907421307,-0.23954038907421307
2021_04_23_MND_S10_MND,Mark Mimee,0.0909090909090909,0.1318961062342094,-0.04098701532511849
2021_04_23_MND_S10_MND,Pamela Chang,0.1428571428571428,0.1559490711481303,-0.013091928290987515
2021_04_23_MND_S10_MND,Rosa Krajmalnik,0.0,0.06486094223348675,-0.06486094223348675
2021_04_23_MND_S10_MND,Sarah MacEachern,,,
2021_04_23_MND_S10_MND,Thomas Mansell,0.1875,0.12762625760775675,0.059873742392243245
2021_04_23_MND_S10_MND,Unidentified Speaker,0.0,0.030829408760272965,-0.030829408760272965
2021_04_23_MND_S10_MND,Will Ludington,0.0,0.07610925587581499,-0.07610925587581499
2021_04_23_MND_S11_MND,Ashley Ross,0.5,0.34933527326620545,0.15066472673379455
2021_04_23_MND_S11_MND,Camille Nebeker,0.0,0.028025592945304344,-0.028025592945304344
2021_04_23_MND_S11_MND,Elaine Hsiao,0.3333333333333333,0.19510437112752232,0.138228962205811
2021_04_23_MND_S11_MND,Kai Zhang,0.0769230769230769,0.08216534889773242,-0.005242271974655516
2021_04_23_MND_S11_MND,Marie,0.0,0.10204442744185022,-0.10204442744185022
2021_04_23_MND_S11_MND,Melanie Gareau,0.25,0.028025592945304344,0.22197440705469565
2021_04_23_MND_S11_MND,Melanie Gareau UC Davis,0.05,0.005595066425555363,0.04440493357444464
2021_04_23_MND_S11_MND,Sarkis Mazmanian,0.1162790697674418,0.05434192938726366,0.06193714038017814
2021_04_23_MND_S11_MND,Tanya Nguyen,0.125,0.24977088744708248,-0.12477088744708248
2021_04_23_MND_S12_MND,Andrew Feig,0.0,0.029427500852788654,-0.029427500852788654
2021_04_23_MND_S12_MND,Courtney Robinson,1.0,0.5089486068155629,0.49105139318443713
2021_04_23_MND_S12_MND,David Durgan,0.25,0.1872785251982706,0.0627214748017294
2021_04_23_MND_S12_MND,Erin Longbrake,0.0,0.059507351657023,-0.059507351657023
2021_04_23_MND_S12_MND,JP Yu,0.0,0.10413402568065616,-0.10413402568065616
2021_04_23_MND_S12_MND,Judith Eisen,0.0689655172413793,0.09026840503874704,-0.021302887797367748
2021_04_23_MND_S12_MND,Maayan Levy,0.0909090909090909,0.13146388477949578,-0.04055479387040488
2021_04_23_MND_S12_MND,Mei Shen,0.2,0.15600619642631527,0.04399380357368474
2021_04_23_MND_S12_MND,Noah Palm,0.0588235294117647,0.08474334650234534,-0.025919817090580645
2021_04_23_MND_S12_MND,Robin Voigt,0.0,0.07830608788132445,-0.07830608788132445
2021_04_23_MND_S12_MND,Sandra Laney,0.0,0.13559612235476615,-0.13559612235476615
2021_04_23_MND_S13_MND,Alexandra Basford,0.0,0.3507371811736898,-0.3507371811736898
2021_04_23_MND_S13_MND,Elizabeth Bess,0.0344827586206896,0.08084158201845379,-0.04635882339776419
2021_04_23_MND_S13_MND,Emily Balskus,0.0,0.022417961315367097,-0.022417961315367097
2021_04_23_MND_S13_MND,Jaeyun Sung,0.0476190476190476,0.07939349075609861,-0.03177444313705101
2021_04_23_MND_S13_MND,Linnea Freeman,0.3333333333333333,0.13559612235476615,0.19773721097856717
2021_04_23_MND_S13_MND,Lisa Osborne,0.0434782608695652,0.07062974803047903,-0.027151487160913826
2021_04_23_MND_S13_MND,Mark Mimee,0.0555555555555555,0.061543564281904474,-0.005988008726348977
2021_04_23_MND_S13_MND,Pamela Chang,0.0,0.09032485793900653,-0.09032485793900653
2021_04_23_MND_S13_MND,Richard Wiener,0.0,0.3507371811736898,-0.3507371811736898
2021_04_23_MND_S13_MND,Rosa Krajmalnik,0.05,-0.006099786513093532,0.05609978651309354
2021_04_23_MND_S13_MND,Sarah MacEachern,0.0,0.15402603084019303,-0.15402603084019303
2021_04_23_MND_S13_MND,Silvia Ronco,0.0,0.10765205907178746,-0.10765205907178746
2021_04_23_MND_S13_MND,Thomas Mansell,0.0,0.036909738638325175,-0.036909738638325175
2021_04_23_MND_S13_MND,Will Ludington,0.0,0.06497037396819094,-0.06497037396819094
2021_04_23_MND_S14_MND,Ashley Harris,inf,,
2021_04_23_MND_S14_MND,Ashley Marie Gorey,0.0,0.029427500852788654,-0.029427500852788654
2021_04_23_MND_S14_MND,Camille Carole Habousha,0.25,0.028025592945304344,0.22197440705469565
2021_04_23_MND_S14_MND,Carol F Huseboe,0.0,0.032231316667757276,-0.032231316667757276
2021_04_23_MND_S14_MND,Elizabeth Bess,0.0,0.032231316667757276,-0.032231316667757276
2021_04_23_MND_S14_MND,Helene Gerasimo,0.0,0.02522177713033572,-0.02522177713033572
2021_04_23_MND_S14_MND,Jarrad Horowitz,0.0,0.039908872893786494,-0.039908872893786494
2021_04_23_MND_S14_MND,Jeff Bleich,0.0,0.09032485793900653,-0.09032485793900653
2021_04_23_MND_S14_MND,Jeff Brian Harman,0.0,0.08225777055030388,-0.08225777055030388
2021_04_23_MND_S14_MND,Jeff Brian Marcum,0.0625,0.090649802081273,-0.028149802081273004
2021_04_23_MND_S14_MND,Jeff Brian Norman,0.0,0.05101593111873417,-0.05101593111873417
2021_04_23_MND_S14_MND,Jeff Brian Thurman,0.0,0.09653607456575494,-0.09653607456575494
2021_04_23_MND_S14_MND,Jeff Errington,,,
2021_04_23_MND_S14_MND,Jeff Miller,0.0,0.03383833026337239,-0.03383833026337239
2021_04_23_MND_S14_MND,Jell Barone,0.0,0.1900823410132392,-0.1900823410132392
2021_04_23_MND_S14_MND,Juli Barre,0.1666666666666666,0.07830608788132445,0.08836057878534215
2021_04_23_MND_S14_MND,Kai Zhang,0.1428571428571428,0.1050081894435848,0.037848953413558
2021_04_23_MND_S14_MND,Maria Garami,0.0,0.032231316667757276,-0.032231316667757276
2021_04_23_MND_S14_MND,Marie Claire,,,
2021_04_23_MND_S14_MND,Marie-Claire Arrieta,,,
2021_04_23_MND_S14_MND,Melanie Garami,0.0,0.018212237592914165,-0.018212237592914165
2021_04_23_MND_S14_MND,Melanie Garces,0.0,0.030829408760272965,-0.030829408760272965
2021_04_23_MND_S14_MND,Richard Morimoto,0.0,0.032231316667757276,-0.032231316667757276
2021_04_23_MND_S14_MND,Tanya Nguyen,0.0,0.13146388477949578,-0.13146388477949578
2021_04_23_MND_S14_MND,Xin Zhang,0.0,0.028025592945304344,-0.028025592945304344
2021_04_23_MND_S14_MND,Xu Zhang,0.1428571428571428,0.023819869222851408,0.11903727363429138
2021_04_23_MND_S14_MND,Xun Wang,0.2,0.09032485793900653,0.10967514206099348
2021_04_23_MND_S14_MND,Xun Zhang,0.0,0.07343786101782537,-0.07343786101782537
2021_04_23_MND_S15_MND,Abhishek Shrivastava,0.1666666666666666,0.08184930846273124,0.08481735820393536
2021_04_23_MND_S15_MND,Abhishek Shrivastava ASU,inf,,
2021_04_23_MND_S15_MND,Aida Ebrahimi,0.15,0.09994036992235089,0.0500596300776491
2021_04_23_MND_S15_MND,Aisla Ibrahimi,0.0,0.3507371811736898,-0.3507371811736898
2021_04_23_MND_S15_MND,Ali Keshavarzian,0.0588235294117647,0.02853642923659256,0.030287100175172138
2021_04_23_MND_S15_MND,Ali Keshavarziian,inf,,
2021_04_23_MND_S15_MND,Andrew Ferg,1.0,0.3507371811736898,0.6492628188263102
2021_04_23_MND_S15_MND,Carolina Tropini,0.0,0.06223119437860866,-0.06223119437860866
2021_04_23_MND_S15_MND,Chris Whidbey,0.3333333333333333,0.13559612235476615,0.19773721097856717
2021_04_23_MND_S15_MND,Chris Whitbey,0.0,0.09032485793900653,-0.09032485793900653
2021_04_23_MND_S15_MND,Chris Whtibey,,,
2021_04_23_MND_S15_MND,Lisa Ryne,,,
2021_04_23_MND_S15_MND,Lisa Ryno,,,
2021_04_23_MND_S15_MND,Silvia Ronco,0.0833333333333333,0.06989464043641859,0.013438692896914711
2021_04_23_MND_S15_MND,Silvia Ronco RC4SA,,,
2021_04_23_MND_S15_MND,Stavroula Hatzios,0.0909090909090909,0.049099981956039,0.0418091089530519
2021_04_23_MND_S15_MND,Wenjing Wang,0.0588235294117647,0.06600770741376108,-0.007184178001996382
2021_04_23_MND_S15_MND,Xin Qi,,,
2021_04_23_MND_S15_MND,Ying,0.0,0.028025592945304344,-0.028025592945304344
2021_04_23_MND_S16_MND,Anne Hultgren,0.0,0.3507371811736898,-0.3507371811736898
2021_04_23_MND_S16_MND,Barbara Bendlin,0.0,0.02037245318446977,-0.02037245318446977
2021_04_23_MND_S16_MND,Bishakha Mona,0.0,0.1900823410132392,-0.1900823410132392
2021_04_23_MND_S16_MND,George Weinstock,0.0,0.3507371811736898,-0.3507371811736898
2021_04_23_MND_S16_MND,Heather Bean,0.0,0.34793336535872116,-0.34793336535872116
2021_04_23_MND_S16_MND,Irene Yang,0.0,0.13559612235476615,-0.13559612235476615
2021_04_23_MND_S16_MND,Kaixiong Ye,0.25,0.10765205907178746,0.14234794092821254
2021_04_23_MND_S16_MND,Nandita Garud,0.0,0.13559612235476615,-0.13559612235476615
2021_04_23_MND_S16_MND,Stephanie Cologna,0.5,0.1900823410132392,0.3099176589867608
2021_04_23_MND_S16_MND,Unknown speaker,0.0,0.030829408760272965,-0.030829408760272965
2021_04_23_MND_S16_MND,Yang,0.0,0.24176474385674365,-0.24176474385674365
2021_04_23_MND_S16_MND,Yanjiao Zhou,0.3333333333333333,0.13559612235476615,0.19773721097856717
2021_04_23_MND_S16_MND,Zongqi Xia,0.0,0.1872785251982706,-0.1872785251982706
2021_04_23_MND_S1_MND,Camille Nebeker,0.0,0.1872785251982706,-0.1872785251982706
2021_04_23_MND_S1_MND,Chris Whidbey,0.0,0.1900823410132392,-0.1900823410132392
2021_04_23_MND_S1_MND,Emily Balskus,0.0,0.018212237592914165,-0.018212237592914165
2021_04_23_MND_S1_MND,Faranak Fattahi,0.0,0.01823512279214914,-0.01823512279214914
2021_04_23_MND_S1_MND,George Weinstock,0.0,0.09032485793900653,-0.09032485793900653
2021_04_23_MND_S1_MND,Jaeyun Sung,0.0,0.06929623932674187,-0.06929623932674187
2021_04_23_MND_S1_MND,Kaixiong Ye,0.0,0.12718467490986027,-0.12718467490986027
2021_04_23_MND_S1_MND,Lisa Ryno,0.0,0.3507371811736898,-0.3507371811736898
2021_04_23_MND_S1_MND,Robin Michelle,0.0,0.029427500852788654,-0.029427500852788654
2021_04_23_MND_S1_MND,Robin Michelle Voigt,0.0,0.0069969743330396735,-0.0069969743330396735
2021_04_23_MND_S1_MND,Tanya Nguyen,0.0,0.030829408760272965,-0.030829408760272965
2021_04_23_MND_S1_MND,Thomas Mansell,0.0,0.0975395031645589,-0.0975395031645589
2021_04_23_MND_S2_MND,Amina Schartup,0.4,0.26389378985795414,0.13610621014204588
2021_04_23_MND_S2_MND,Barbara Bendlin,0.0,0.04378842274118314,-0.04378842274118314
2021_04_23_MND_S2_MND,Cesar de la Fuente,0.25,0.3178049578822532,-0.06780495788225321
2021_04_23_MND_S2_MND,Cesar de la Fuente Ure√±a,0.0,0.023819869222851408,-0.023819869222851408
2021_04_23_MND_S2_MND,Elizabeth Bess,0.1428571428571428,0.11482154479597496,0.02803559806116783
2021_04_23_MND_S2_MND,Erin Longbrake,0.5,0.34933527326620545,0.15066472673379455
2021_04_23_MND_S2_MND,Kai Zhang,0.0588235294117647,0.084109253811155,-0.0252857243993903
2021_04_23_MND_S2_MND,Mei Shen,0.05,0.009598564509262466,0.04040143549073753
2021_04_23_MND_S2_MND,Richard Wiener,,,
2021_04_23_MND_S2_MND,Sarah MacEachern,0.0,0.030829408760272965,-0.030829408760272965
2021_04_23_MND_S2_MND,Sarah Mackachern,inf,,
2021_04_23_MND_S2_MND,Sarah Mckachern,1.0,0.5089486068155629,0.49105139318443713
2021_04_23_MND_S2_MND,Shawroulla Hatoum,0.0,0.030829408760272965,-0.030829408760272965
2021_04_23_MND_S2_MND,Sheryl Hozier,0.0,0.032231316667757276,-0.032231316667757276
2021_04_23_MND_S2_MND,Stavroula Hatzios,0.5,0.34933527326620545,0.15066472673379455
2021_04_23_MND_S2_MND,Stephanie Cologna,0.0,0.04335248506092421,-0.04335248506092421
2021_04_23_MND_S3_MND,Elaine Hsiao,0.25,0.1872785251982706,0.0627214748017294
2021_04_23_MND_S3_MND,Irene Yang,0.1666666666666666,0.18147483041542106,-0.01480816374875446
2021_04_23_MND_S3_MND,JP Yu,0.1111111111111111,0.09191587698998464,0.01919523412112646
2021_04_23_MND_S3_MND,Judith Eisen,0.2,0.20745476745086766,-0.00745476745086765
2021_04_23_MND_S3_MND,Maayan Levy,0.0909090909090909,0.07655461623052459,0.014354474678566306
2021_04_23_MND_S3_MND,Michael Burton,0.0625,0.19856302902326373,-0.13606302902326373
2021_04_23_MND_S3_MND,Pamela Chang,1.0,0.3507371811736898,0.6492628188263102
2021_04_23_MND_S3_MND,Richard Wiener,0.0,0.028025592945304344,-0.028025592945304344
2021_04_23_MND_S3_MND,Robert Bryan Jr,0.0,0.13738971194563482,-0.13738971194563482
2021_04_23_MND_S3_MND,Silvia Ronco,0.0,0.029427500852788654,-0.029427500852788654
2021_04_23_MND_S3_MND,Timothy Sampson,0.1,0.05146473195099172,0.04853526804900828
2021_04_23_MND_S3_MND,Xin Qi,1.0,0.5089486068155629,0.49105139318443713
2021_04_23_MND_S3_MND,Yanjiao Zhou,0.2,0.15101574504378118,0.04898425495621883
2021_04_23_MND_S4_MND,Ashley Ross,,,
2021_04_23_MND_S4_MND,Leah Pyter,0.0,0.032231316667757276,-0.032231316667757276
2021_04_23_MND_S4_MND,Leah Pyter OSU,,,
2021_04_23_MND_S4_MND,Linnea Freeman,0.0,0.13559612235476615,-0.13559612235476615
2021_04_23_MND_S4_MND,Melanie Gareau,0.0,0.032231316667757276,-0.032231316667757276
2021_04_23_MND_S4_MND,Noah Palm,0.3333333333333333,0.14268256351757974,0.19065076981575357
2021_04_23_MND_S4_MND,Sarkis Mazmanian,0.2,0.2608835040615423,-0.060883504061542304
2021_04_23_MND_S5_MND,Amina Schartup,0.75,0.24952560190280137,0.5004743980971986
2021_04_23_MND_S5_MND,Andrew Feig,,,
2021_04_23_MND_S5_MND,Barbara Bendlin,0.0,0.039800667858859676,-0.039800667858859676
2021_04_23_MND_S5_MND,Cesar de la Fuente,0.1,0.14369581078104054,-0.04369581078104054
2021_04_23_MND_S5_MND,Cesar de la Fuente U Penn,0.0,0.028025592945304344,-0.028025592945304344
2021_04_23_MND_S5_MND,Elizabeth Bess,0.0833333333333333,0.14624955678825788,-0.06291622345492458
2021_04_23_MND_S5_MND,Erin Longbrake,0.1666666666666666,0.07830608788132445,0.08836057878534215
2021_04_23_MND_S5_MND,Kai Zhang,0.0,0.06960663405206094,-0.06960663405206094
2021_04_23_MND_S5_MND,Mei Shen,0.1052631578947368,0.07427698803276711,0.030986169861969684
2021_04_23_MND_S5_MND,Richard Wiener,0.0,0.032231316667757276,-0.032231316667757276
2021_04_23_MND_S5_MND,Sarah MacEachern,0.2222222222222222,0.15821214904432765,0.06401007317789456
2021_04_23_MND_S5_MND,Silvia Ronco,,,
2021_04_23_MND_S5_MND,Stavroula Hatzios,0.0,0.11482154479597496,-0.11482154479597496
2021_04_23_MND_S5_MND,Stephanie Cologna,0.0,0.047272068325176816,-0.047272068325176816
2021_04_23_MND_S6_MND,Abigail Levy,1.0,0.3507371811736898,0.6492628188263102
2021_04_23_MND_S6_MND,Andrew,inf,,
2021_04_23_MND_S6_MND,Andrew Walker R,0.0,0.0917951344092011,-0.0917951344092011
2021_04_23_MND_S6_MND,Elaine Hsiao,0.0,0.13559612235476615,-0.13559612235476615
2021_04_23_MND_S6_MND,Haike Qi,0.0,0.032231316667757276,-0.032231316667757276
2021_04_23_MND_S6_MND,Irene Yang,0.1538461538461538,0.06440932400962744,0.08943682983652636
2021_04_23_MND_S6_MND,JP Bryson,0.25,0.028025592945304344,0.22197440705469565
2021_04_23_MND_S6_MND,JP Yu,0.0,0.14268256351757974,-0.14268256351757974
2021_04_23_MND_S6_MND,Jeff Stine,0.0,0.24176474385674365,-0.24176474385674365
2021_04_23_MND_S6_MND,Jeff Thomas,,,
2021_04_23_MND_S6_MND,Jeff Thompson,0.0,0.08331531840158499,-0.08331531840158499
2021_04_23_MND_S6_MND,Jia Li,0.0,0.023819869222851408,-0.023819869222851408
2021_04_23_MND_S6_MND,Jinha Choi,0.5,0.428440986087142,0.07155901391285802
2021_04_23_MND_S6_MND,Laura Eisen,0.0,0.029427500852788654,-0.029427500852788654
2021_04_23_MND_S6_MND,Laura Elias,0.0,0.021016053407882786,-0.021016053407882786
2021_04_23_MND_S6_MND,Laura Ellen Eisen,0.5,0.1900823410132392,0.3099176589867608
2021_04_23_MND_S6_MND,Leslie Eisen,0.0,0.04335248506092421,-0.04335248506092421
2021_04_23_MND_S6_MND,Mayana Keynan,,,
2021_04_23_MND_S6_MND,Michael Burton,0.0,0.04969399630463282,-0.04969399630463282
2021_04_23_MND_S6_MND,Michael Coleman,0.0,0.045124095351627605,-0.045124095351627605
2021_04_23_MND_S6_MND,Michael D Coleman,0.0,0.10765205907178746,-0.10765205907178746
2021_04_23_MND_S6_MND,Michael O'Bananu Coleman,0.2142857142857142,0.10678487464489603,0.10750083964081816
2021_04_23_MND_S6_MND,Pamela Chang,1.0,0.6692430456796222,0.33075695432037777
2021_04_23_MND_S6_MND,Raffi Maya Levi,0.0,0.018212237592914165,-0.018212237592914165
2021_04_23_MND_S6_MND,Robert Bryan,0.0,0.04716731618436257,-0.04716731618436257
2021_04_23_MND_S6_MND,Robert Bryan Jr,0.0,0.12096819142910031,-0.12096819142910031
2021_04_23_MND_S6_MND,Robert Bryant Jr,0.0,0.06223119437860866,-0.06223119437860866
2021_04_23_MND_S6_MND,Robert Frymier Jr,inf,,
2021_04_23_MND_S6_MND,Robert Isaacson Jr,0.0,0.030829408760272965,-0.030829408760272965
2021_04_23_MND_S6_MND,Silvia Rossbach,,,
2021_04_23_MND_S6_MND,Tanisia Chung,0.0,0.029427500852788654,-0.029427500852788654
2021_04_23_MND_S6_MND,Timothy Sampson,0.2,0.08331531840158499,0.11668468159841502
2021_04_23_MND_S6_MND,Unknown speaker,0.0,0.029427500852788654,-0.029427500852788654
2021_04_23_MND_S6_MND,Wendy Bahr,0.0,0.06488860981466375,-0.06488860981466375
2021_04_23_MND_S6_MND,Will Thompson,,,
2021_04_23_MND_S6_MND,Xiao,0.0,0.028025592945304344,-0.028025592945304344
2021_04_23_MND_S6_MND,Yael Kiselman,0.0,0.028025592945304344,-0.028025592945304344
2021_04_23_MND_S7_MND,Abhishek Shrivastava,0.064516129032258,0.051680571384504465,0.012835557647753529
2021_04_23_MND_S7_MND,Ali Keshavarazian,0.0,0.04716731618436257,-0.04716731618436257
2021_04_23_MND_S7_MND,Ali Keshavarzian,0.0555555555555555,0.036138948522398025,0.019416607033157472
2021_04_23_MND_S7_MND,Harris Wang,0.2,0.20745476745086766,-0.00745476745086765
2021_04_23_MND_S7_MND,Heather Bean,0.0,0.07612239477581097,-0.07612239477581097
2021_04_23_MND_S7_MND,Marie,0.0789473684210526,0.0555195520577504,0.023427816363302198
2021_04_23_MND_S7_MND,Mark Mimee,0.0909090909090909,0.07655461623052459,0.014354474678566306
2021_04_23_MND_S7_MND,Shikha Nangia,0.3529411764705882,0.12032410456719897,0.23261707190338923
2021_04_23_MND_S7_MND,Wenjing Wang,0.0,0.2259727605196558,-0.2259727605196558
2021_04_23_MND_S7_MND,Wesling Meng,0.0,0.032231316667757276,-0.032231316667757276
2021_04_23_MND_S7_MND,Will Ludington,0.0454545454545454,0.07582727927127816,-0.030372733816732764
2021_04_23_MND_S8_MND,Aida Ebrahimi,0.25,0.175817976394115,0.074182023605885
2021_04_23_MND_S8_MND,Carolina Tropini,0.1111111111111111,0.0958727738362116,0.01523833727489951
2021_04_23_MND_S8_MND,Courtney Robinson,1.0,0.6692430456796222,0.33075695432037777
2021_04_23_MND_S8_MND,Daren Ginete,0.0,0.5089486068155629,-0.5089486068155629
2021_04_23_MND_S8_MND,Lawrence David,0.25,0.1418576605050918,0.1081423394949082
2021_04_23_MND_S8_MND,Lisa Osborne,0.25,0.09643679581191297,0.15356320418808703
2021_04_23_MND_S8_MND,Nandita Garud,0.4285714285714285,0.1559490711481303,0.2726223574232982
2021_04_23_MND_S8_MND,Rosa Krajmalnik,0.0789473684210526,0.09580638766827373,-0.016859019247221135
2021_04_23_MND_S8_MND,Yang,0.75,0.4020288064780356,0.3479711935219644
2021_04_23_MND_S9_MND,Cesar de la Fuente UPenn,0.0,0.032231316667757276,-0.032231316667757276
2021_04_23_MND_S9_MND,Daren Ginete,0.0,0.3507371811736898,-0.3507371811736898
2021_04_23_MND_S9_MND,Faranak Fattahi,0.5,0.1900823410132392,0.3099176589867608
2021_04_23_MND_S9_MND,Flavio Frohlich,0.0,0.3507371811736898,-0.3507371811736898
2021_04_23_MND_S9_MND,Harris Wang,0.0,0.34933527326620545,-0.34933527326620545
2021_04_23_MND_S9_MND,Lawrence David,0.0,0.10765205907178746,-0.10765205907178746
2021_04_23_MND_S9_MND,Leah Pyter OSU,1.0,0.3507371811736898,0.6492628188263102
2021_04_23_MND_S9_MND,Michael Burton,0.0,0.1900823410132392,-0.1900823410132392
2021_04_23_MND_S9_MND,Robert Bryan Jr,0.0833333333333333,0.09568682606994273,-0.012353492736609434
2021_04_23_MND_S9_MND,Shikha Nangia,0.3333333333333333,0.24176474385674365,0.09156858947658966
2021_04_23_MND_S9_MND,Timothy Sampson,0.0,0.20582322036909856,-0.20582322036909856
2021_05_20_ABI_S1_ABI,Anna-Karin Gustavsson,0.0,0.02662368503782003,-0.02662368503782003
2021_05_20_ABI_S1_ABI,Domenico (Nick) Galati,0.0,0.11415341218508893,-0.11415341218508893
2021_05_20_ABI_S1_ABI,Ellen Sletten,0.0,0.06725237687362953,-0.06725237687362953
2021_05_20_ABI_S1_ABI,Jin Zhang,0.0,-0.004663824734932876,0.004663824734932876
2021_05_20_ABI_S1_ABI,Katharine White,0.0,0.07235775322204756,-0.07235775322204756
2021_05_20_ABI_S1_ABI,Melike Lakadamyali,0.0,0.1340325519587078,-0.1340325519587078
2021_05_20_ABI_S1_ABI,Morteza Mahmoudi,0.0,0.030829408760272965,-0.030829408760272965
2021_05_20_ABI_S1_ABI,Samuel Achilefu,0.0,0.2259727605196558,-0.2259727605196558
2021_05_20_ABI_S1_ABI,Seu Sim,0.3333333333333333,0.22867854475816832,0.104654788575165
2021_05_20_ABI_S1_ABI,Srigokul Upadhyayula,0.0526315789473684,0.07366099527950432,-0.021029416332135918
2021_05_20_ABI_S1_ABI,Yevgenia Kozorovitskiy,0.2,0.16252976023556934,0.037470239764430674
2021_05_20_ABI_S2_ABI,Allison Dennis,0.2222222222222222,0.12506401301715614,0.09715820920506607
2021_05_20_ABI_S2_ABI,Arnold Hayer,0.1428571428571428,0.06932070700941317,0.07353643584772962
2021_05_20_ABI_S2_ABI,Brad Smith,0.0,0.019374738073604608,-0.019374738073604608
2021_05_20_ABI_S2_ABI,Brian Pogue,0.0555555555555555,-0.016835460094193615,0.07239101564974912
2021_05_20_ABI_S2_ABI,Crystal Rogers,0.0,0.11482154479597496,-0.11482154479597496
2021_05_20_ABI_S2_ABI,Crystal Rogers- UC Davis,0.0,0.032231316667757276,-0.032231316667757276
2021_05_20_ABI_S2_ABI,Fanny Chapelin,0.0,0.018212237592914165,-0.018212237592914165
2021_05_20_ABI_S2_ABI,Ferdinand Schweser,0.2222222222222222,0.0917951344092011,0.1304270878130211
2021_05_20_ABI_S2_ABI,Mark Sellmyer,0.0277777777777777,0.0013097591401107361,0.026468018637666964
2021_05_20_ABI_S2_ABI,Mimi Sammarco,0.0555555555555555,0.06272463780904008,-0.007169082253484588
2021_05_20_ABI_S2_ABI,Ping Wang,0.0217391304347826,0.02443249804782984,-0.00269336761304724
2021_05_20_ABI_S2_ABI,Shwetadwip Chowdhury,0.05,0.009598564509262466,0.04040143549073753
2021_05_20_ABI_S3_ABI,Andrew Feig,0.0,0.029427500852788654,-0.029427500852788654
2021_05_20_ABI_S3_ABI,Aseema Mohanty,0.1428571428571428,0.11482154479597496,0.02803559806116783
2021_05_20_ABI_S3_ABI,Candace Fleischer,0.0,0.34933527326620545,-0.34933527326620545
2021_05_20_ABI_S3_ABI,Dylan Burnette,0.05,0.1308831875611816,-0.08088318756118161
2021_05_20_ABI_S3_ABI,Joshua Brake,0.1,0.14369581078104054,-0.04369581078104054
2021_05_20_ABI_S3_ABI,Kristen Macland,0.0,0.032231316667757276,-0.032231316667757276
2021_05_20_ABI_S3_ABI,Kristen Maitland,0.0588235294117647,0.03311568131688873,0.025707848094875967
2021_05_20_ABI_S3_ABI,Kristen Marland,0.0,0.1313903986323132,-0.1313903986323132
2021_05_20_ABI_S3_ABI,Luke Mortensen,0.25,0.1812462459233495,0.06875375407665049
2021_05_20_ABI_S3_ABI,Matt Lew,0.125,0.07083286660000358,0.05416713339999642
2021_05_20_ABI_S3_ABI,Richard Weisman,0.0,0.030829408760272965,-0.030829408760272965
2021_05_20_ABI_S3_ABI,Shiva Abbaszadeh,0.0,0.032231316667757276,-0.032231316667757276
2021_05_20_ABI_S3_ABI,Silvia Ronco,0.0,0.030829408760272965,-0.030829408760272965
2021_05_20_ABI_S3_ABI,Sixian You,0.2727272727272727,0.13532921632284864,0.13739805640442407
2021_05_20_ABI_S3_ABI,Stefan Wilhelm,0.0769230769230769,0.039908872893786494,0.037014204029290405
2021_05_20_ABI_S3_ABI,Unidentified speaker,0.0,0.029427500852788654,-0.029427500852788654
2021_05_20_ABI_S3_ABI,Uzay Emir,0.2,0.20745476745086766,-0.00745476745086765
2021_05_20_ABI_S3_ABI,Vivian Qian Lu,0.5,0.428440986087142,0.07155901391285802
2021_05_20_ABI_S3_ABI,bot1,0.0,0.028025592945304344,-0.028025592945304344
2021_05_20_ABI_S4_ABI,Alexandra Walsh,0.0,0.1872785251982706,-0.1872785251982706
2021_05_20_ABI_S4_ABI,Carolyn Bayer,0.25,0.1872785251982706,0.0627214748017294
2021_05_20_ABI_S4_ABI,Gergis Obaid,0.0,0.1900823410132392,-0.1900823410132392
2021_05_20_ABI_S4_ABI,Girgis Obaid,0.1666666666666666,0.22447282103571536,-0.05780615436904876
2021_05_20_ABI_S4_ABI,Jim Mitchell,0.0,0.13559612235476615,-0.13559612235476615
2021_05_20_ABI_S4_ABI,Katy Keenan,0.0,0.12506401301715614,-0.12506401301715614
2021_05_20_ABI_S4_ABI,Lu Wei,0.6666666666666666,0.24176474385674365,0.424901922809923
2021_05_20_ABI_S4_ABI,Maryellen Giger,0.0721649484536082,-0.04667176311643274,0.11883671157004094
2021_05_20_ABI_S4_ABI,Maryellen Giger UChicago,0.1538461538461538,0.039908872893786494,0.1139372809523673
2021_05_20_ABI_S4_ABI,Paris Perdikaris,0.0,0.23516707763980665,-0.23516707763980665
2021_05_20_ABI_S4_ABI,Richard Wiener,0.0,0.030829408760272965,-0.030829408760272965
2021_05_20_ABI_S4_ABI,Sandra Laney,0.0,0.1900823410132392,-0.1900823410132392
2021_05_20_ABI_S4_ABI,Shannon Quinn,0.0,0.08919788683585626,-0.08919788683585626
2021_05_20_ABI_S4_ABI,Shiva Abbaszadeh,0.0,0.21279443192059874,-0.21279443192059874
2021_05_20_ABI_S4_ABI,Ulugbek Kamilov,0.1304347826086956,0.08416196796085021,0.046272814647845384
2021_05_20_ABI_S5_ABI,Aniruddha Ray,0.0,0.029427500852788654,-0.029427500852788654
2021_05_20_ABI_S5_ABI,Aniruddha Ray _ Utoledo,1.0,0.3507371811736898,0.6492628188263102
2021_05_20_ABI_S5_ABI,Ed McCleskey,0.0,0.05640559390854194,-0.05640559390854194
2021_05_20_ABI_S5_ABI,Ed McCleskey CZI,0.0,0.023819869222851408,-0.023819869222851408
2021_05_20_ABI_S5_ABI,Joyoni Dey,0.0512820512820512,0.01181310099066254,0.03946895029138866
2021_05_20_ABI_S5_ABI,Kevin Cash,0.125,0.06223119437860866,0.06276880562139134
2021_05_20_ABI_S5_ABI,Larry Cheng,1.0,0.3719965046621305,0.6280034953378695
2021_05_20_ABI_S5_ABI,Lingyan Shi,0.1081081081081081,0.008471348852666915,0.09963675925544119
2021_05_20_ABI_S5_ABI,Lisa Poulikakos,0.0,0.13884152086763124,-0.13884152086763124
2021_05_20_ABI_S5_ABI,Mini Das,0.025,0.02548798531441855,-0.00048798531441855003
2021_05_20_ABI_S5_ABI,Sapun Parekh,0.03125,0.008678788067364412,0.022571211932635588
2021_05_20_ABI_S5_ABI,Silvia Ronco,0.0,0.019614145500398476,-0.019614145500398476
2021_05_20_ABI_S5_ABI,Wei Min,0.0,-0.006333384629396971,0.006333384629396971
2021_05_20_ABI_S6_ABI,Alexandra Dickinson,0.2,0.13699666596893806,0.06300333403106195
2021_05_20_ABI_S6_ABI,Anna Moore,0.1111111111111111,0.2245084210986707,-0.11339730998755959
2021_05_20_ABI_S6_ABI,Barbara Smith,0.25,0.11296688994389764,0.13703311005610236
2021_05_20_ABI_S6_ABI,Benjamin Bartelle,0.088235294117647,0.07885834453517943,0.00937694958246757
2021_05_20_ABI_S6_ABI,Bryan Spring,0.25,0.1872785251982706,0.0627214748017294
2021_05_20_ABI_S6_ABI,Cori Bargmann,0.0,0.029427500852788654,-0.029427500852788654
2021_05_20_ABI_S6_ABI,David Van Valen,0.0294117647058823,0.042015280068573156,-0.012603515362690856
2021_05_20_ABI_S6_ABI,Douglas Shepherd,0.0555555555555555,0.061543564281904474,-0.005988008726348977
2021_05_20_ABI_S6_ABI,Dylan McCreedy,0.0,0.3507371811736898,-0.3507371811736898
2021_05_20_ABI_S6_ABI,Matt Bogyo,0.0,0.0069969743330396735,-0.0069969743330396735
2021_05_20_ABI_S6_ABI,Matt Bozio,0.125,0.022417961315367097,0.1025820386846329
2021_05_20_ABI_S6_ABI,Matt Boziyo,0.0,0.029427500852788654,-0.029427500852788654
2021_05_20_ABI_S6_ABI,Matt Bozyko,0.0,0.03383833026337239,-0.03383833026337239
2021_05_20_ABI_S6_ABI,Matt Bozyo,0.0,0.08184930846273124,-0.08184930846273124
2021_05_20_ABI_S6_ABI,Matt Lovett-Barron,0.0,0.04335248506092421,-0.04335248506092421
2021_05_20_ABI_S6_ABI,Molly Bright,0.0,0.2097782922831382,-0.2097782922831382
2021_05_20_ABI_S7_ABI,Andrew Feig,0.0,0.029427500852788654,-0.029427500852788654
2021_05_20_ABI_S7_ABI,Aseema Mohanty,0.1,0.11516590485217822,-0.01516590485217821
2021_05_20_ABI_S7_ABI,Candace Fleischer,0.5,0.1900823410132392,0.3099176589867608
2021_05_20_ABI_S7_ABI,Dylan Burnette,0.0303030303030303,0.09251594670194803,-0.062212916398917725
2021_05_20_ABI_S7_ABI,Joshua Brake,0.0,0.1123837609234955,-0.1123837609234955
2021_05_20_ABI_S7_ABI,Kristen Maitland,0.06,0.0018206118868017412,0.058179388113198255
2021_05_20_ABI_S7_ABI,Luke Mortensen,0.0,0.08474334650234534,-0.08474334650234534
2021_05_20_ABI_S7_ABI,Matt Lew,0.0,0.04789440305511105,-0.04789440305511105
2021_05_20_ABI_S7_ABI,Richard Weiner,0.0,0.030829408760272965,-0.030829408760272965
2021_05_20_ABI_S7_ABI,Shiva Abbaszadeh,0.0,0.032231316667757276,-0.032231316667757276
2021_05_20_ABI_S7_ABI,Silvia Ronco,0.0,0.032231316667757276,-0.032231316667757276
2021_05_20_ABI_S7_ABI,Sixian You,0.0,0.0856871246400171,-0.0856871246400171
2021_05_20_ABI_S7_ABI,Stefan Wilhelm,0.0,0.24176474385674365,-0.24176474385674365
2021_05_20_ABI_S7_ABI,Uzay Emir,0.1111111111111111,0.0917951344092011,0.01931597670191
2021_05_20_ABI_S7_ABI,Vivian Qian Liu,0.5,0.428440986087142,0.07155901391285802
2021_05_20_ABI_S8_ABI,Andrew Fegyveresi,0.5,0.20071200275745957,0.2992879972425404
2021_05_20_ABI_S8_ABI,Andrew Hsu,0.0,0.029427500852788654,-0.029427500852788654
2021_05_20_ABI_S8_ABI,Anil Ousmane,0.0,0.05876774096281315,-0.05876774096281315
2021_05_20_ABI_S8_ABI,Anila Das,0.0,0.029427500852788654,-0.029427500852788654
2021_05_20_ABI_S8_ABI,Aniruddha Ray,1.0,0.3507371811736898,0.6492628188263102
2021_05_20_ABI_S8_ABI,Bill Mccleskey,0.0,0.02662368503782003,-0.02662368503782003
2021_05_20_ABI_S8_ABI,Carl Ed Mccauley,0.0,0.029427500852788654,-0.029427500852788654
2021_05_20_ABI_S8_ABI,Carolyn Bertozzi,0.2,0.02662368503782003,0.17337631496217998
2021_05_20_ABI_S8_ABI,Gail Mckee,0.0,0.032231316667757276,-0.032231316667757276
2021_05_20_ABI_S8_ABI,Gail Robertson-Steele,0.0,0.02662368503782003,-0.02662368503782003
2021_05_20_ABI_S8_ABI,Jeff Albert Finefield,0.0,0.02522177713033572,-0.02522177713033572
2021_05_20_ABI_S8_ABI,Jeff Andrew Donahue,0.0,0.029427500852788654,-0.029427500852788654
2021_05_20_ABI_S8_ABI,Jeff Baird Parente,0.0,0.022417961315367097,-0.022417961315367097
2021_05_20_ABI_S8_ABI,Jeff Bodwin,0.0,0.029427500852788654,-0.029427500852788654
2021_05_20_ABI_S8_ABI,Jeff Boyd Farinha,0.0,0.1900823410132392,-0.1900823410132392
2021_05_20_ABI_S8_ABI,Jeff Douglas Winkler,0.0,0.026093652490853547,-0.026093652490853547
2021_05_20_ABI_S8_ABI,Jeff Elam,0.5,0.030829408760272965,0.46917059123972704
2021_05_20_ABI_S8_ABI,Jeff Squier,0.0,0.12989045914837274,-0.12989045914837274
2021_05_20_ABI_S8_ABI,Jeff Tannebaum,0.0,0.032231316667757276,-0.032231316667757276
2021_05_20_ABI_S8_ABI,Jeff Wheeler,0.0,0.20071200275745957,-0.20071200275745957
2021_05_20_ABI_S8_ABI,Jeff Winkler,0.0588235294117647,0.047272068325176816,0.011551461086587882
2021_05_20_ABI_S8_ABI,Joyati Deb Roy,1.0,0.3507371811736898,0.6492628188263102
2021_05_20_ABI_S8_ABI,Joyoni Dey,0.0,0.07040546071078517,-0.07040546071078517
2021_05_20_ABI_S8_ABI,Jyoti Dube,0.0,0.028025592945304344,-0.028025592945304344
2021_05_20_ABI_S8_ABI,Kevin Taufour,0.1666666666666666,0.07830608788132445,0.08836057878534215
2021_05_20_ABI_S8_ABI,Larry Zhang,0.5,0.1900823410132392,0.3099176589867608
2021_05_20_ABI_S8_ABI,Layla Oesper,0.0,0.032231316667757276,-0.032231316667757276
2021_05_20_ABI_S8_ABI,Linda Alvarez,0.0,0.032231316667757276,-0.032231316667757276
2021_05_20_ABI_S8_ABI,Lingyan Shi,0.0555555555555555,0.061543564281904474,-0.005988008726348977
2021_05_20_ABI_S8_ABI,Lingyang Luo,0.0,0.029427500852788654,-0.029427500852788654
2021_05_20_ABI_S8_ABI,Lisa Poulikakos,0.0,0.22867854475816832,-0.22867854475816832
2021_05_20_ABI_S8_ABI,Lisa Satterthwaite,0.0,0.028025592945304344,-0.028025592945304344
2021_05_20_ABI_S8_ABI,Liying Lu,0.0,0.019614145500398476,-0.019614145500398476
2021_05_20_ABI_S8_ABI,Mini Das,0.0285714285714285,0.020967118042540096,0.007604310528888405
2021_05_20_ABI_S8_ABI,Pallavi Dhagat,0.0,0.022417961315367097,-0.022417961315367097
2021_05_20_ABI_S8_ABI,Pallavi Raghunathan,0.0,0.023819869222851408,-0.023819869222851408
2021_05_20_ABI_S8_ABI,Richard Wiener,0.0,0.1900823410132392,-0.1900823410132392
2021_05_20_ABI_S8_ABI,Sanjukta Gayen,0.5,0.1900823410132392,0.3099176589867608
2021_05_20_ABI_S8_ABI,Sapun Parekh,1.0,0.3507371811736898,0.6492628188263102
2021_05_20_ABI_S8_ABI,Sayan Patra,0.0,0.030829408760272965,-0.030829408760272965
2021_05_20_ABI_S8_ABI,Wan-Wei Tseng,0.0,0.06223119437860866,-0.06223119437860866
2021_05_20_ABI_S8_ABI,Wei-Min Chen,0.0,0.032231316667757276,-0.032231316667757276
2021_05_21_ABI_S10_ABI,Arnold Hayer,0.1111111111111111,0.09191587698998464,0.01919523412112646
2021_05_21_ABI_S10_ABI,David Van Valen,0.037037037037037,0.054555481159692984,-0.017518444122655984
2021_05_21_ABI_S10_ABI,Fanny Chapelin,0.0,0.12096819142910031,-0.12096819142910031
2021_05_21_ABI_S10_ABI,Maryellen Giger,0.0769230769230769,0.039908872893786494,0.037014204029290405
2021_05_21_ABI_S10_ABI,Maryellen Giger UChicago,0.0222222222222222,-0.028982138252225734,0.05120436047444793
2021_05_21_ABI_S10_ABI,Matt Lew,0.0,0.11182271096493202,-0.11182271096493202
2021_05_21_ABI_S10_ABI,Matt Lovett-Barron,0.0,0.0889097751254684,-0.0889097751254684
2021_05_21_ABI_S10_ABI,Qian Liu,0.0,0.0965194285177435,-0.0965194285177435
2021_05_21_ABI_S10_ABI,Sapun Parekh,0.0,0.05146473195099172,-0.05146473195099172
2021_05_21_ABI_S10_ABI,Srigokul Upadhyayula,0.1666666666666666,0.12989045914837274,0.03677620751829386
2021_05_21_ABI_S11_ABI,Alexandra Dickinson,0.1428571428571428,0.19707659750028567,-0.05421945464314287
2021_05_21_ABI_S11_ABI,Andrew Feig,1.0,0.032231316667757276,0.9677686833322428
2021_05_21_ABI_S11_ABI,Aniruddha Ray,0.0454545454545454,0.04622386849775933,-0.0007693230432139278
2021_05_21_ABI_S11_ABI,Barbara Smith,0.0833333333333333,0.039800667858859676,0.043532665474473625
2021_05_21_ABI_S11_ABI,Brad Smith,0.0,-0.023786498842795968,0.023786498842795968
2021_05_21_ABI_S11_ABI,Carolyn Bayer,0.08,0.0368062306288457,0.0431937693711543
2021_05_21_ABI_S11_ABI,Jim Mitchell,0.0,0.030829408760272965,-0.030829408760272965
2021_05_21_ABI_S11_ABI,Luke Mortensen,0.0,0.08362571312690405,-0.08362571312690405
2021_05_21_ABI_S11_ABI,Sixian You,0.0714285714285714,0.12523788631421942,-0.053809314885648024
2021_05_21_ABI_S11_ABI,Sixian You | MIT,0.2,0.15402603084019303,0.04597396915980698
2021_05_21_ABI_S11_ABI,Steve Jett,0.0,0.6692430456796222,-0.6692430456796222
2021_05_21_ABI_S11_ABI,Yevgenia Kozorovitskiy,0.2727272727272727,0.04716731618436257,0.22555995654291014
2021_05_21_ABI_S12_ABI,Andrew Feig,0.0,0.032231316667757276,-0.032231316667757276
2021_05_21_ABI_S12_ABI,Benjamin Bartelle,0.0625,0.03880362900653894,0.023696370993461058
2021_05_21_ABI_S12_ABI,Brian Pogue,0.0,-0.010747989903958515,0.010747989903958515
2021_05_21_ABI_S12_ABI,Joyoni Dey,0.08,0.08687462577074853,-0.00687462577074853
2021_05_21_ABI_S12_ABI,Kristen Maitland,0.05,0.021520359650851993,0.02847964034914801
2021_05_21_ABI_S12_ABI,Larry Cheng,0.25,0.24952560190280137,0.000474398097198625
2021_05_21_ABI_S12_ABI,Mark Sellmyer,0.0769230769230769,0.08839654246656146,-0.011473465543484565
2021_05_21_ABI_S12_ABI,Mini Das,0.0208333333333333,0.026061494610856988,-0.005228161277523687
2021_05_21_ABI_S12_ABI,Morteza Mahmoudi,0.0,0.1900823410132392,-0.1900823410132392
2021_05_21_ABI_S12_ABI,Shiva Abbaszadeh,0.0,0.14549958704628765,-0.14549958704628765
2021_05_21_ABI_S12_ABI,Ulugbek Kamilov,0.0384615384615384,0.05927632170809709,-0.020814783246558687
2021_05_21_ABI_S12_ABI,Uzay Emir,0.0,0.1340325519587078,-0.1340325519587078
2021_05_21_ABI_S13_ABI,Crystal Rogers,0.0384615384615384,0.10531099241682126,-0.06684945395528286
2021_05_21_ABI_S13_ABI,Domenico (Nick) Galati,0.1111111111111111,0.2201463547324789,-0.1090352436213678
2021_05_21_ABI_S13_ABI,Dylan Burnette,0.0833333333333333,0.09643679581191297,-0.013103462478579672
2021_05_21_ABI_S13_ABI,Dylan McCreedy,0.0,0.10204442744185022,-0.10204442744185022
2021_05_21_ABI_S13_ABI,Dylan McCreedy | Texas A&M,0.0,0.03383833026337239,-0.03383833026337239
2021_05_21_ABI_S13_ABI,Ferdinand Schweser,0.0952380952380952,0.050895320707828984,0.04434277453026622
2021_05_21_ABI_S13_ABI,Katy Keenan,0.0833333333333333,0.14549958704628765,-0.06216625371295435
2021_05_21_ABI_S13_ABI,Melike Lakadamyali,0.125,0.10922771089486624,0.015772289105133758
2021_05_21_ABI_S13_ABI,Mimi Sammarco,0.0588235294117647,0.15464843521092803,-0.09582490579916333
2021_05_21_ABI_S13_ABI,Samuel Achilefu,0.04,0.05008526700910226,-0.010085267009102263
2021_05_21_ABI_S13_ABI,Shannon Quinn,0.0,0.056676379919969,-0.056676379919969
2021_05_21_ABI_S13_ABI,Unknown speaker,0.0,0.029427500852788654,-0.029427500852788654
2021_05_21_ABI_S14_ABI,Alexandra Walsh,0.0,0.14268256351757974,-0.14268256351757974
2021_05_21_ABI_S14_ABI,Allison Dennis,0.0,0.09032485793900653,-0.09032485793900653
2021_05_21_ABI_S14_ABI,Andrew Feig,0.0,0.030829408760272965,-0.030829408760272965
2021_05_21_ABI_S14_ABI,Aniruddha Ray,0.0,0.032231316667757276,-0.032231316667757276
2021_05_21_ABI_S14_ABI,Candace Fleischer,0.125,0.05101593111873417,0.07398406888126582
2021_05_21_ABI_S14_ABI,Jin Zhang,0.032258064516129,0.001134246797885128,0.03112381771824387
2021_05_21_ABI_S14_ABI,Katharine White,0.125,0.1018650653411475,0.023134934658852496
2021_05_21_ABI_S14_ABI,Katharine White--Notre Dame,0.0,0.032231316667757276,-0.032231316667757276
2021_05_21_ABI_S14_ABI,Kevin Cash,0.0666666666666666,0.0550720545637679,0.011594612102898694
2021_05_21_ABI_S14_ABI,Lingyan Shi,0.1,0.08362571312690405,0.01637428687309596
2021_05_21_ABI_S14_ABI,Lu Wei,0.0,0.08331531840158499,-0.08331531840158499
2021_05_21_ABI_S14_ABI,Matt Bogyo,0.0,0.011219707814879295,-0.011219707814879295
2021_05_21_ABI_S14_ABI,Molly Bright,0.4,0.21772720374137952,0.1822727962586205
2021_05_21_ABI_S14_ABI,Ping Wang,0.0,0.07040546071078517,-0.07040546071078517
2021_05_21_ABI_S14_ABI,Seu Sim,0.0,0.12989045914837274,-0.12989045914837274
2021_05_21_ABI_S14_ABI,Silvia Ronco,0.0,0.032231316667757276,-0.032231316667757276
2021_05_21_ABI_S14_ABI,Walsh,0.0,0.3507371811736898,-0.3507371811736898
2021_05_21_ABI_S15_ABI,Alexandra Dickinson,0.125,0.17563861429341227,-0.050638614293412265
2021_05_21_ABI_S15_ABI,Andrew Feig,1.0,0.032231316667757276,0.9677686833322428
2021_05_21_ABI_S15_ABI,Aniruddha Ray,0.125,0.039800667858859676,0.08519933214114032
2021_05_21_ABI_S15_ABI,Barbara Smith,0.1111111111111111,0.04378842274118314,0.06732268836992797
2021_05_21_ABI_S15_ABI,Brad Smith,0.0273972602739726,-0.051064659958909915,0.07846192023288251
2021_05_21_ABI_S15_ABI,Carolyn Bayer,0.054054054054054,0.03341223164793273,0.020641822406121273
2021_05_21_ABI_S15_ABI,Jim Mitchell,0.0,0.032231316667757276,-0.032231316667757276
2021_05_21_ABI_S15_ABI,Luke Mortensen,0.0909090909090909,0.04716731618436257,0.04374177472472833
2021_05_21_ABI_S15_ABI,Silvia Ronco,0.0,0.030829408760272965,-0.030829408760272965
2021_05_21_ABI_S15_ABI,Sixian You,0.0357142857142857,0.03994518147599116,-0.004230895761705461
2021_05_21_ABI_S15_ABI,Steve Jett,0.0,0.07830608788132445,-0.07830608788132445
2021_05_21_ABI_S15_ABI,Yevgenia Kozorovitskiy,0.08,0.03707563152885533,0.04292436847114467
2021_05_21_ABI_S16_ABI,Abhishek Shrivastava,0.125,0.06488860981466375,0.06011139018533625
2021_05_21_ABI_S16_ABI,Abhishek Shrivastava ASU,0.0625,0.07083286660000358,-0.008332866600003583
2021_05_21_ABI_S16_ABI,Aida Ebrahimi,0.0,0.05146473195099172,-0.05146473195099172
2021_05_21_ABI_S16_ABI,Aida Ebrahimi- Penn State U,0.0,0.06148319299151272,-0.06148319299151272
2021_05_21_ABI_S16_ABI,Aida Ebrahimi-Penn State U,0.2,0.15101574504378118,0.04898425495621883
2021_05_21_ABI_S16_ABI,Aisla Ibrahimi,0.0,0.1900823410132392,-0.1900823410132392
2021_05_21_ABI_S16_ABI,Andrew Ferg,0.3333333333333333,0.13559612235476615,0.19773721097856717
2021_05_21_ABI_S16_ABI,Carolina Tropini,0.0,0.015408421777945542,-0.015408421777945542
2021_05_21_ABI_S16_ABI,Carolina Tropini-UBC,0.6666666666666666,0.13559612235476615,0.5310705443119005
2021_05_21_ABI_S16_ABI,Chris Whitbey,0.2,0.15402603084019303,0.04597396915980698
2021_05_21_ABI_S16_ABI,Chris Whitbey-Scott,0.0,0.032231316667757276,-0.032231316667757276
2021_05_21_ABI_S16_ABI,Chris Whtibey,0.0,0.1900823410132392,-0.1900823410132392
2021_05_21_ABI_S16_ABI,Dr. Ali Keshavarzi,0.0,0.3507371811736898,-0.3507371811736898
2021_05_21_ABI_S16_ABI,Dr. Ali Keshavarzian,0.0526315789473684,0.023760440885983482,0.028871138061384916
2021_05_21_ABI_S16_ABI,Dr. Ali Keshavarziyan,0.0769230769230769,0.015408421777945542,0.06151465514513136
2021_05_21_ABI_S16_ABI,Lisa Ryne,0.0,0.428440986087142,-0.428440986087142
2021_05_21_ABI_S16_ABI,Lisa Ryno,0.0,0.028025592945304344,-0.028025592945304344
2021_05_21_ABI_S16_ABI,Silvia Ronco,0.1176470588235294,0.047272068325176816,0.07037499049835258
2021_05_21_ABI_S16_ABI,Stavroula Hatzios,0.0,0.02978697767708907,-0.02978697767708907
2021_05_21_ABI_S16_ABI,Wenjing Wang,0.0476190476190476,0.0345270503757789,0.013091997243268705
2021_05_21_ABI_S16_ABI,Wenshing Wang,0.0,0.22867854475816832,-0.22867854475816832
2021_05_21_ABI_S16_ABI,Xin Qi,0.0,0.028025592945304344,-0.028025592945304344
2021_05_21_ABI_S16_ABI,Xin Qi-CWRU,1.0,0.032231316667757276,0.9677686833322428
2021_05_21_ABI_S16_ABI,Ying-Hui Chou,0.0,0.022417961315367097,-0.022417961315367097
2021_05_21_ABI_S1_ABI,Andrew Ferg,0.1666666666666666,0.02522177713033572,0.1414448895363309
2021_05_21_ABI_S1_ABI,Brian Pogue,0.0210526315789473,-0.0559806323700618,0.0770332639490091
2021_05_21_ABI_S1_ABI,Brian Pogue-DARTMOUTH,0.0,0.04335248506092421,-0.04335248506092421
2021_05_21_ABI_S1_ABI,Bryan Spring,0.0,0.05146473195099172,-0.05146473195099172
2021_05_21_ABI_S1_ABI,Bryan Spring | Northeastern U,0.0,0.20071200275745957,-0.20071200275745957
2021_05_21_ABI_S1_ABI,Carolyn Bayer,0.0,0.0550720545637679,-0.0550720545637679
2021_05_21_ABI_S1_ABI,Joshua Brake,0.0,0.06224452954981156,-0.06224452954981156
2021_05_21_ABI_S1_ABI,Katharine White,0.027027027027027,0.03394240041787018,-0.00691537339084318
2021_05_21_ABI_S1_ABI,Katharine White-Notre Dame,0.0,0.11296688994389764,-0.11296688994389764
2021_05_21_ABI_S1_ABI,Katy Keenan,0.1818181818181818,0.07655461623052459,0.1052635655876572
2021_05_21_ABI_S1_ABI,Larry Cheng,0.3333333333333333,0.22867854475816832,0.104654788575165
2021_05_21_ABI_S1_ABI,Nina Cardoza,0.0,0.032231316667757276,-0.032231316667757276
2021_05_21_ABI_S1_ABI,Seu Sim,0.2,0.3592372478875153,-0.1592372478875153
2021_05_21_ABI_S1_ABI,Shannon Quinn,0.08,0.049546465209083006,0.030453534790916996
2021_05_21_ABI_S1_ABI,Silvia Ronco RCS4,0.0,0.029427500852788654,-0.029427500852788654
2021_05_21_ABI_S2_ABI,Arnold Hayer,0.2,0.15101574504378118,0.04898425495621883
2021_05_21_ABI_S2_ABI,Arnold Mayer-Mcgill,0.0,0.032231316667757276,-0.032231316667757276
2021_05_21_ABI_S2_ABI,Aseema Mohanty,0.1,0.20376590843517703,-0.10376590843517702
2021_05_21_ABI_S2_ABI,Domenico (Nick) Galati,0.2142857142857142,0.08344222735117807,0.13084348693453612
2021_05_21_ABI_S2_ABI,Douglas Shepherd,0.0666666666666666,0.13738971194563482,-0.07072304527896822
2021_05_21_ABI_S2_ABI,Jin Zhang,0.0,0.039908872893786494,-0.039908872893786494
2021_05_21_ABI_S2_ABI,Joyoni Dey,0.0714285714285714,0.08192370424486087,-0.01049513281628947
2021_05_21_ABI_S2_ABI,Kirsten Maclane,0.0,0.09032485793900653,-0.09032485793900653
2021_05_21_ABI_S2_ABI,Kirsten Marlo,0.0,0.028025592945304344,-0.028025592945304344
2021_05_21_ABI_S2_ABI,Kirsten Martinko,0.0,0.02662368503782003,-0.02662368503782003
2021_05_21_ABI_S2_ABI,Kristen Madland,0.0,0.13559612235476615,-0.13559612235476615
2021_05_21_ABI_S2_ABI,Kristen Maitland,0.0,0.011202698055492608,-0.011202698055492608
2021_05_21_ABI_S2_ABI,Lingyan Shi,0.2142857142857142,0.10678487464489603,0.10750083964081816
2021_05_21_ABI_S2_ABI,Matt Lovett-Barron,0.0,0.03174632920203515,-0.03174632920203515
2021_05_21_ABI_S2_ABI,Melike Lakadamyali,0.2222222222222222,0.0965194285177435,0.1257027937044787
2021_05_21_ABI_S2_ABI,Mimi Sammarco,0.125,0.18167089356833335,-0.05667089356833335
2021_05_21_ABI_S2_ABI,Nick Galan,0.3333333333333333,0.13559612235476615,0.19773721097856717
2021_05_21_ABI_S2_ABI,Richard Wiener,0.0,0.13559612235476615,-0.13559612235476615
2021_05_21_ABI_S2_ABI,Vivian Qian Liu,0.125,0.27805764826259005,-0.15305764826259005
2021_05_21_ABI_S3_ABI,Alexandra Dickinson,0.1,0.08331531840158499,0.01668468159841502
2021_05_21_ABI_S3_ABI,Alexandra Walsh,1.0,0.1900823410132392,0.8099176589867608
2021_05_21_ABI_S3_ABI,Barbara Smith,0.0454545454545454,0.04643997922511615,-0.000985433770570747
2021_05_21_ABI_S3_ABI,David Van Valen,0.0625,0.0900302887474349,-0.027530288747434906
2021_05_21_ABI_S3_ABI,Lu Wei,0.1818181818181818,0.25759794452564855,-0.07577976270746675
2021_05_21_ABI_S3_ABI,Luke Mortensen,0.2,0.20745476745086766,-0.00745476745086765
2021_05_21_ABI_S3_ABI,Shwetadwip Chowdhury,0.0169491525423728,-0.005896868023169758,0.02284602056554256
2021_05_21_ABI_S3_ABI,Srigokul Upadhyayula,0.4444444444444444,0.12718467490986027,0.3172597695345841
2021_05_21_ABI_S3_ABI,Stefan Wilhelm,0.25,0.21279443192059874,0.03720556807940126
2021_05_21_ABI_S3_ABI,Walsh,0.5,0.030829408760272965,0.46917059123972704
2021_05_21_ABI_S3_ABI,Wei Min,0.0689655172413793,-0.031202992791300257,0.10016851003267956
2021_05_21_ABI_S4_ABI,Arne Bakker,1.0,0.3507371811736898,0.6492628188263102
2021_05_21_ABI_S4_ABI,Benjamin Bartelle,0.0338983050847457,-0.005896868023169758,0.03979517310791546
2021_05_21_ABI_S4_ABI,Crystal Rogers,0.1,0.12154370189871043,-0.021543701898710424
2021_05_21_ABI_S4_ABI,Dr. Anna Moore,0.0508474576271186,0.015374292260652749,0.03547316536646585
2021_05_21_ABI_S4_ABI,Dylan Burnette,0.1304347826086956,0.10990420622168437,0.020530576387011223
2021_05_21_ABI_S4_ABI,Lisa Poulikakos,0.1818181818181818,0.183804486149255,-0.001986304331073191
2021_05_21_ABI_S4_ABI,Mark Sellmyer,0.05,0.038054734644689406,0.011945265355310597
2021_05_21_ABI_S4_ABI,Molly Bright,0.0,0.056676379919969,-0.056676379919969
2021_05_21_ABI_S4_ABI,Morteza Mahmoudi,0.25,0.1812462459233495,0.06875375407665049
2021_05_21_ABI_S4_ABI,Paris Perdikaris,1.0,0.5089486068155629,0.49105139318443713
2021_05_21_ABI_S4_ABI,Sandra Laney,0.0,0.3507371811736898,-0.3507371811736898
2021_05_21_ABI_S4_ABI,Sixian You,0.0952380952380952,0.07939349075609861,0.015844604481996594
2021_05_21_ABI_S4_ABI,Sixian You | MIT,0.0,0.10765205907178746,-0.10765205907178746
2021_05_21_ABI_S5_ABI,Alexandra Basford,0.0,0.3507371811736898,-0.3507371811736898
2021_05_21_ABI_S5_ABI,Anna-Karin Gustavsson,0.0,0.11415341218508893,-0.11415341218508893
2021_05_21_ABI_S5_ABI,Bot 5,0.0,0.3507371811736898,-0.3507371811736898
2021_05_21_ABI_S5_ABI,Candace Fleischer,0.0,0.3687049244397528,-0.3687049244397528
2021_05_21_ABI_S5_ABI,Ellen Sletten,0.0,0.11366076195397232,-0.11366076195397232
2021_05_21_ABI_S5_ABI,Ferdinand Schweser,0.0,0.05337094610144524,-0.05337094610144524
2021_05_21_ABI_S5_ABI,Maryellen Giger,0.0517241379310344,-0.0037568378767394517,0.05548097580777385
2021_05_21_ABI_S5_ABI,Maryellen Giger UChicago,0.0483870967741935,-0.016862814331815225,0.06524991110600872
2021_05_21_ABI_S5_ABI,Ping Wang,0.0,0.084109253811155,-0.084109253811155
2021_05_21_ABI_S5_ABI,Samuel Achilefu,0.0,0.032231316667757276,-0.032231316667757276
2021_05_21_ABI_S5_ABI,Sapun Parekh,0.0,0.13524887946330258,-0.13524887946330258
2021_05_21_ABI_S5_ABI,Shiva Abbaszadeh,0.0,0.11482154479597496,-0.11482154479597496
2021_05_21_ABI_S5_ABI,Ulugbek Kamilov,0.0,0.040995266553974466,-0.040995266553974466
2021_05_21_ABI_S5_ABI,Uzay Emir,0.037037037037037,0.06614319724534191,-0.029106160208304914
2021_05_21_ABI_S6_ABI,Allison Dennis,0.0,0.07040546071078517,-0.07040546071078517
2021_05_21_ABI_S6_ABI,Aniruddha Ray,0.25,0.022417961315367097,0.2275820386846329
2021_05_21_ABI_S6_ABI,Aniruddha Ray _U.toledo,0.0,0.023819869222851408,-0.023819869222851408
2021_05_21_ABI_S6_ABI,Brad Smith,0.0357142857142857,0.02880154570582074,0.0069127400084649585
2021_05_21_ABI_S6_ABI,Dylan McCreedy,0.25,0.31177267860733215,-0.061772678607332154
2021_05_21_ABI_S6_ABI,Dylan McCreedy | Texas A&M,0.0,0.13559612235476615,-0.13559612235476615
2021_05_21_ABI_S6_ABI,Fanny Chapelin,0.0,0.026093652490853547,-0.026093652490853547
2021_05_21_ABI_S6_ABI,Girgis Obaid,0.0,0.09032485793900653,-0.09032485793900653
2021_05_21_ABI_S6_ABI,Girgis Obaid | UT Dallas,0.0769230769230769,0.039908872893786494,0.037014204029290405
2021_05_21_ABI_S6_ABI,Kevin Cash,0.1176470588235294,0.02978697767708907,0.08786008114644032
2021_05_21_ABI_S6_ABI,Matt Bogyo,0.0181818181818181,-0.02030764746323681,0.03848946564505491
2021_05_21_ABI_S6_ABI,Matt Lew,0.0,0.1559490711481303,-0.1559490711481303
2021_05_21_ABI_S6_ABI,Mini Das,0.0222222222222222,0.041064419088634674,-0.018842196866412475
2021_05_21_ABI_S6_ABI,Yevgenia Kozorovitskiy,0.1,0.019614145500398476,0.08038585449960153
2021_05_21_ABI_S7_ABI,Arnold Hayer,0.1666666666666666,0.18147483041542106,-0.01480816374875446
2021_05_21_ABI_S7_ABI,Aseema Mohanty,0.25,0.1872785251982706,0.0627214748017294
2021_05_21_ABI_S7_ABI,Domenico (Nick) Galati,0.3571428571428571,0.12675640942053662,0.23038644772232048
2021_05_21_ABI_S7_ABI,Douglas Shepherd,0.0,0.16032238258253675,-0.16032238258253675
2021_05_21_ABI_S7_ABI,Jin Zhang,0.0,0.049773165206169846,-0.049773165206169846
2021_05_21_ABI_S7_ABI,Joyoni Dey,0.2142857142857142,0.14917276200837454,0.06511295227733965
2021_05_21_ABI_S7_ABI,Kristen Maitland,0.0,0.003960856103228697,-0.003960856103228697
2021_05_21_ABI_S7_ABI,Lingyan Shi,0.5,0.14794767547872867,0.35205232452127133
2021_05_21_ABI_S7_ABI,Matt Lovett-Barron,0.0555555555555555,0.07867798341386213,-0.023122427858306635
2021_05_21_ABI_S7_ABI,Melike Lakadamyali,0.125,0.13884152086763124,-0.01384152086763124
2021_05_21_ABI_S7_ABI,Mimi Sammarco,0.1666666666666666,0.22447282103571536,-0.05780615436904876
2021_05_21_ABI_S7_ABI,Richard Wiener,0.0,0.032231316667757276,-0.032231316667757276
2021_05_21_ABI_S7_ABI,Vivian Qian Liu,0.5,0.428440986087142,0.07155901391285802
2021_05_21_ABI_S8_ABI,Arne Bakker,1.0,0.3507371811736898,0.6492628188263102
2021_05_21_ABI_S8_ABI,Benjamin Bartelle,0.02,0.026927430962694156,-0.006927430962694155
2021_05_21_ABI_S8_ABI,Crystal Rogers,0.1,0.08362571312690405,0.01637428687309596
2021_05_21_ABI_S8_ABI,Dr. Anna Moore,0.0491803278688524,-0.015277540930263234,0.06445786879911564
2021_05_21_ABI_S8_ABI,Dylan Burnette,0.1666666666666666,0.1935407377319292,-0.0268740710652626
2021_05_21_ABI_S8_ABI,Lisa Poulikakos,0.0714285714285714,0.14613571579574014,-0.07470714436716874
2021_05_21_ABI_S8_ABI,Mark Sellmyer,0.0,-0.0014144731118661933,0.0014144731118661933
2021_05_21_ABI_S8_ABI,Molly Bright,0.1333333333333333,0.09653607456575494,0.03679725876757836
2021_05_21_ABI_S8_ABI,Morteza Mahmoudi,0.25,0.1018650653411475,0.1481349346588525
2021_05_21_ABI_S8_ABI,Paris Perdikaris,1.0,0.5089486068155629,0.49105139318443713
2021_05_21_ABI_S8_ABI,Sandra Laney,1.0,0.3507371811736898,0.6492628188263102
2021_05_21_ABI_S8_ABI,Sixian You,0.0714285714285714,0.0732090556337809,-0.001780484205209501
2021_05_21_ABI_S8_ABI,Sixian You | MIT,0.0,0.1900823410132392,-0.1900823410132392
2021_05_21_ABI_S9_ABI,Alexandra Walsh,0.0,0.10765205907178746,-0.10765205907178746
2021_05_21_ABI_S9_ABI,Allison Dennis,0.0,0.1313903986323132,-0.1313903986323132
2021_05_21_ABI_S9_ABI,Andrew Feig,0.0,0.030829408760272965,-0.030829408760272965
2021_05_21_ABI_S9_ABI,Candace Fleischer,0.1363636363636363,0.04622386849775933,0.09013976786587696
2021_05_21_ABI_S9_ABI,Jin Zhang,0.0263157894736842,0.024004294989009602,0.0023114944846745963
2021_05_21_ABI_S9_ABI,Katharine Miller,0.0,0.032231316667757276,-0.032231316667757276
2021_05_21_ABI_S9_ABI,Katharine White,0.25,0.1872785251982706,0.0627214748017294
2021_05_21_ABI_S9_ABI,Katharine White-Andre Danino,0.0,0.20071200275745957,-0.20071200275745957
2021_05_21_ABI_S9_ABI,Kevin Carlo,0.2,0.15402603084019303,0.04597396915980698
2021_05_21_ABI_S9_ABI,Kevin Carlo O'Mines,0.0,0.028025592945304344,-0.028025592945304344
2021_05_21_ABI_S9_ABI,Kevin Cash,0.0,0.1313903986323132,-0.1313903986323132
2021_05_21_ABI_S9_ABI,Kevin Cavallo,0.0,0.032231316667757276,-0.032231316667757276
2021_05_21_ABI_S9_ABI,Lingyan Shi,0.1666666666666666,0.14727119733699107,0.019395469329675535
2021_05_21_ABI_S9_ABI,Lu Wei,0.1428571428571428,0.11482154479597496,0.02803559806116783
2021_05_21_ABI_S9_ABI,Matt Baggott,0.0,0.02662368503782003,-0.02662368503782003
2021_05_21_ABI_S9_ABI,Matt Bogyo,0.0833333333333333,0.013258512483365282,0.07007482084996802
2021_05_21_ABI_S9_ABI,Matt Scruggs,0.0,0.17793160983401426,-0.17793160983401426
2021_05_21_ABI_S9_ABI,Molly Bright,0.5,0.1872785251982706,0.3127214748017294
2021_05_21_ABI_S9_ABI,Ping Wang,0.1818181818181818,0.04716731618436257,0.13465086563381923
2021_05_21_ABI_S9_ABI,Seu Sim,0.1428571428571428,0.11415341218508893,0.028703730672053868
2021_06_10_SLU_S1_SLU,Andrew Feig,0.0,0.028025592945304344,-0.028025592945304344
2021_06_10_SLU_S1_SLU,Christopher Hamilton,0.0,0.032231316667757276,-0.032231316667757276
2021_06_10_SLU_S1_SLU,Erik Sperling,0.1111111111111111,0.12742616007142735,-0.016315048960316242
2021_06_10_SLU_S1_SLU,Jav Forsythe,0.0,0.13559612235476615,-0.13559612235476615
2021_06_10_SLU_S1_SLU,Jay Forsythe,0.0,0.34933527326620545,-0.34933527326620545
2021_06_10_SLU_S1_SLU,Jay Forsythe(he/him),1.0,0.3507371811736898,0.6492628188263102
2021_06_10_SLU_S1_SLU,Jeffrey Marlow,0.0,0.02853642923659256,-0.02853642923659256
2021_06_10_SLU_S1_SLU,Ji Wang,0.0,0.030829408760272965,-0.030829408760272965
2021_06_10_SLU_S1_SLU,Joseph Levy,0.0,0.032231316667757276,-0.032231316667757276
2021_06_10_SLU_S1_SLU,Morgan Raven,0.0,0.07830608788132445,-0.07830608788132445
2021_06_10_SLU_S1_SLU,Niki Parenteau,0.0129870129870129,-0.04535860570960197,0.05834561869661487
2021_06_10_SLU_S1_SLU,Noah Planavsky,0.0,0.02168407009649045,-0.02168407009649045
2021_06_10_SLU_S1_SLU,Richard Wiener,0.0,0.030829408760272965,-0.030829408760272965
2021_06_10_SLU_S1_SLU,Rika Anderson,0.0,0.09568682606994273,-0.09568682606994273
2021_06_10_SLU_S1_SLU,Simon Darroch,0.0,0.16257421541051945,-0.16257421541051945
2021_06_10_SLU_S1_SLU,Smadar Naoz,0.1666666666666666,0.16952016238910841,-0.0028534957224418123
2021_06_10_SLU_S1_SLU,Solange Duhamel,0.2,0.15402603084019303,0.04597396915980698
2021_06_10_SLU_S1_SLU,Stilianos Louca,0.0714285714285714,0.12557195261966247,-0.05414338119109108
2021_06_10_SLU_S2_SLU,Aaron Engelhart,0.0606060606060606,0.01728035399705583,0.04332570660900477
2021_06_10_SLU_S2_SLU,Dimitar Sasselov,0.0566037735849056,0.0015548275853550769,0.05504894599955052
2021_06_10_SLU_S2_SLU,Gongjie Li,0.0,0.14149893630368632,-0.14149893630368632
2021_06_10_SLU_S2_SLU,Kimberly Lau,0.0,0.12297895118740734,-0.12297895118740734
2021_06_10_SLU_S2_SLU,Laura Barge,0.16,0.05008526700910226,0.10991473299089774
2021_06_10_SLU_S2_SLU,Liming Li,0.6666666666666666,0.22867854475816832,0.43798812190849834
2021_06_10_SLU_S2_SLU,Meredith MacGregor,0.0,0.0917951344092011,-0.0917951344092011
2021_06_10_SLU_S2_SLU,Peter Driscoll,0.0,0.05146473195099172,-0.05146473195099172
2021_06_10_SLU_S2_SLU,Richard Wiener,0.0,0.028025592945304344,-0.028025592945304344
2021_06_10_SLU_S2_SLU,Trinity Hamilton,0.0,0.06488860981466375,-0.06488860981466375
2021_06_10_SLU_S2_SLU,Ziming Yang,0.0,0.03675693276374211,-0.03675693276374211
2021_06_10_SLU_S3_SLU,Andrew Vanderburg,0.125,0.1418576605050918,-0.016857660505091798
2021_06_10_SLU_S3_SLU,Andy Skemer,0.0,0.15101574504378118,-0.15101574504378118
2021_06_10_SLU_S3_SLU,Coco Zhang,0.0,0.05640559390854194,-0.05640559390854194
2021_06_10_SLU_S3_SLU,Courtney Dressing,0.1428571428571428,0.06932070700941317,0.07353643584772962
2021_06_10_SLU_S3_SLU,Daniel Apai,0.1176470588235294,0.02853642923659256,0.08911062958693683
2021_06_10_SLU_S3_SLU,Daniel Apai / Univ Arizona,0.0,0.1313903986323132,-0.1313903986323132
2021_06_10_SLU_S3_SLU,Eliza Kempton,0.0909090909090909,0.1597829619634086,-0.0688738710543177
2021_06_10_SLU_S3_SLU,Keith Hawkins,0.2,0.2271595962187834,-0.02715959621878339
2021_06_10_SLU_S3_SLU,Leslie Rogers,0.0714285714285714,0.059507351657023,0.011921219771548398
2021_06_10_SLU_S3_SLU,Lisa Kaltenegger,0.0,0.03534754515397018,-0.03534754515397018
2021_06_10_SLU_S3_SLU,Natasha Batalha,0.1,0.05146473195099172,0.04853526804900828
2021_06_10_SLU_S3_SLU,Nikole Lewis,0.0588235294117647,0.06600770741376108,-0.007184178001996382
2021_06_10_SLU_S4_SLU,Andro Rios,0.0416666666666666,0.013258512483365282,0.02840815418330132
2021_06_10_SLU_S4_SLU,Caroline Sinders,1.0,0.3507371811736898,0.6492628188263102
2021_06_10_SLU_S4_SLU,Christopher Reinhard,0.0,0.06600770741376108,-0.06600770741376108
2021_06_10_SLU_S4_SLU,Edward Schwieterman,0.0769230769230769,0.039908872893786494,0.037014204029290405
2021_06_10_SLU_S4_SLU,Edwin Kite,0.0454545454545454,0.07486094638543994,-0.02940640093089454
2021_06_10_SLU_S4_SLU,Jennifer Glass,0.027027027027027,0.024848070167248146,0.002178956859778855
2021_06_10_SLU_S4_SLU,Katherine de Kleer,0.0909090909090909,0.13146388477949578,-0.04055479387040488
2021_06_10_SLU_S4_SLU,Nicolas Cowan,0.0,0.055682437185875025,-0.055682437185875025
2021_06_10_SLU_S4_SLU,Silvia Ronco,0.2857142857142857,0.023819869222851408,0.2618944164914343
2021_06_10_SLU_S4_SLU,Stephanie Olson,0.0,0.07655461623052459,-0.07655461623052459
2021_06_10_SLU_S4_SLU,Tori Hoehler,0.0769230769230769,0.00943384453856996,0.06748923238450694
2021_06_10_SLU_S4_SLU,Tyler Robinson,0.1052631578947368,0.05740044773584721,0.047862710158889585
2021_06_10_SLU_S4_SLU,Victoria S Meadows,0.0329670329670329,-0.06585972945078918,0.09882676241782207
2021_06_10_SLU_S5_SLU,Aaron Engelhart,0.0714285714285714,0.017130222058961753,0.054298349369609644
2021_06_10_SLU_S5_SLU,Dimitar Sasselov,0.028169014084507,-0.030014252123081713,0.058183266207588714
2021_06_10_SLU_S5_SLU,Gongjie Li,0.1111111111111111,0.16293644315287004,-0.05182533204175893
2021_06_10_SLU_S5_SLU,Kimberly Lau,0.0,0.11182271096493202,-0.11182271096493202
2021_06_10_SLU_S5_SLU,Laura Barge,0.1153846153846153,0.07017173966926542,0.045212875715349876
2021_06_10_SLU_S5_SLU,Liming Li,0.75,0.31177267860733215,0.43822732139266785
2021_06_10_SLU_S5_SLU,Meredith MacGregor,0.0,0.14739607680706324,-0.14739607680706324
2021_06_10_SLU_S5_SLU,Peter Driscoll,0.0,0.09032485793900653,-0.09032485793900653
2021_06_10_SLU_S5_SLU,Richard Wiener,0.0,0.02522177713033572,-0.02522177713033572
2021_06_10_SLU_S5_SLU,Trinity Hamilton,0.2,0.09032485793900653,0.10967514206099348
2021_06_10_SLU_S5_SLU,Ziming Yang,0.25,0.06989464043641859,0.18010535956358142
2021_06_10_SLU_S6_SLU,Anat Shahar,0.0172413793103448,-0.047677434058848465,0.06491881336919327
2021_06_10_SLU_S6_SLU,Bradford Foley,0.0,0.08331531840158499,-0.08331531840158499
2021_06_10_SLU_S6_SLU,Christopher Hamilton,0.2727272727272727,0.11588389744528443,0.15684337528198827
2021_06_10_SLU_S6_SLU,Gregory Fournier,0.0,0.06224452954981156,-0.06224452954981156
2021_06_10_SLU_S6_SLU,Hilke Schlichting,0.074074074074074,0.07773091333099089,-0.0036568392569168856
2021_06_10_SLU_S6_SLU,Jamie Bender,0.0,0.3507371811736898,-0.3507371811736898
2021_06_10_SLU_S6_SLU,Jochen Marschall,0.0,0.3507371811736898,-0.3507371811736898
2021_06_10_SLU_S6_SLU,Joseph Levy,0.1052631578947368,0.07366099527950432,0.03160216261523248
2021_06_10_SLU_S6_SLU,Laura Schaefer,0.0588235294117647,0.06600770741376108,-0.007184178001996382
2021_06_10_SLU_S6_SLU,Mathieu Lapotre,0.1666666666666666,0.06989464043641859,0.09677202623024801
2021_06_10_SLU_S6_SLU,Morgan Cable,0.0,0.0889097751254684,-0.0889097751254684
2021_06_10_SLU_S6_SLU,Shannon MacKenzie,0.0,0.12718467490986027,-0.12718467490986027
2021_06_10_SLU_S6_SLU,Victoria S Meadows,0.0,0.032231316667757276,-0.032231316667757276
2021_06_10_SLU_S7_SLU,Amanda Stockton,0.0,0.1559490711481303,-0.1559490711481303
2021_06_10_SLU_S7_SLU,Amanda Stockton Georgia Institute of Technology,0.0,0.3507371811736898,-0.3507371811736898
2021_06_10_SLU_S7_SLU,Bet√ºl Ka√ßar,0.1111111111111111,0.0917951344092011,0.01931597670191
2021_06_10_SLU_S7_SLU,Daniel Huber,0.1111111111111111,0.15821214904432765,-0.047101037933216544
2021_06_10_SLU_S7_SLU,France Cordova,1.0,0.3507371811736898,0.6492628188263102
2021_06_10_SLU_S7_SLU,Ji Wang,0.0,0.10922771089486624,-0.10922771089486624
2021_06_10_SLU_S7_SLU,Maggie Osburn,0.0909090909090909,0.1919427091416046,-0.10103361823251371
2021_06_10_SLU_S7_SLU,Marc Neveu,0.1176470588235294,0.08474334650234534,0.03290371232118405
2021_06_10_SLU_S7_SLU,Nathaniel Gabor,0.074074074074074,0.0556321559795432,0.0184419180945308
2021_06_10_SLU_S7_SLU,Paul Robertson,0.0,0.029427500852788654,-0.029427500852788654
2021_06_10_SLU_S7_SLU,Paula Driedger,1.0,0.3507371811736898,0.6492628188263102
2021_06_10_SLU_S7_SLU,Richard Wiener,0.0,0.032231316667757276,-0.032231316667757276
2021_06_10_SLU_S7_SLU,Shawn Domagal,0.0363636363636363,0.036747931429860645,-0.00038429506622434523
2021_06_10_SLU_S7_SLU,Timothy W Lyons,0.027027027027027,-0.009629101393409488,0.03665612842043649
2021_06_11_SLU_S10_SLU,Anat Shahar,0.0666666666666666,0.0021928495009099916,0.0644738171657566
2021_06_11_SLU_S10_SLU,Daniel Apai,0.1176470588235294,0.12032410456719897,-0.0026770457436695733
2021_06_11_SLU_S10_SLU,Jennifer Glass,0.0,0.06600182843313303,-0.06600182843313303
2021_06_11_SLU_S10_SLU,Kimberly Lau,0.0666666666666666,0.13738971194563482,-0.07072304527896822
2021_06_11_SLU_S10_SLU,Laura Schaefer,0.0789473684210526,0.07977198761256882,-0.0008246191915162182
2021_06_11_SLU_S10_SLU,Morgan Raven,0.1538461538461538,0.09003187504259538,0.06381427880355842
2021_06_11_SLU_S10_SLU,Nicolas Cowan,0.0697674418604651,0.06818115649405984,0.00158628536640526
2021_06_11_SLU_S10_SLU,Nikole Lewis,0.1,0.17222571670990286,-0.07222571670990285
2021_06_11_SLU_S10_SLU,Simon Darroch,0.0454545454545454,0.06113362924819717,-0.015679083793651773
2021_06_11_SLU_S10_SLU,Trinity Hamilton,0.25,0.1018650653411475,0.1481349346588525
2021_06_11_SLU_S11_SLU,Andro Rios,0.0,0.045124095351627605,-0.045124095351627605
2021_06_11_SLU_S11_SLU,Bet√ºl Ka√ßar,0.05,0.14469425611973152,-0.09469425611973152
2021_06_11_SLU_S11_SLU,Dimitar Sasselov,0.0,-0.00798807496902885,0.00798807496902885
2021_06_11_SLU_S11_SLU,Gregory Fournier,0.0526315789473684,0.0411399001921901,0.0114916787551783
2021_06_11_SLU_S11_SLU,Jay Forsythe,0.0,0.25759794452564855,-0.25759794452564855
2021_06_11_SLU_S11_SLU,Jochen Marschall | Heising,0.0,0.3507371811736898,-0.3507371811736898
2021_06_11_SLU_S11_SLU,Laura Barge,0.0384615384615384,0.07017173966926542,-0.031710201207727017
2021_06_11_SLU_S11_SLU,Niki Parenteau,0.0,0.001627155530493044,-0.001627155530493044
2021_06_11_SLU_S11_SLU,Rika Anderson,0.125,0.13884152086763124,-0.01384152086763124
2021_06_11_SLU_S11_SLU,Shannon Mackenzie,0.0,0.10204442744185022,-0.10204442744185022
2021_06_11_SLU_S11_SLU,Shannon Mackenzie | JHU APL,1.0,0.3507371811736898,0.6492628188263102
2021_06_11_SLU_S11_SLU,Stilianos Louca,0.2,0.20745476745086766,-0.00745476745086765
2021_06_11_SLU_S12_SLU,Andrew Vanderburg,0.1538461538461538,0.004310759546001321,0.14953539430015247
2021_06_11_SLU_S12_SLU,Bradford Foley,0.0909090909090909,0.07612239477581097,0.01478669613327993
2021_06_11_SLU_S12_SLU,Daniel Huber,0.125,0.12762625760775675,-0.0026262576077567545
2021_06_11_SLU_S12_SLU,Katherine de Kleer,0.0285714285714285,0.05696690870525792,-0.028395480133829417
2021_06_11_SLU_S12_SLU,Keith Hawkins,0.0666666666666666,0.034043435951503234,0.03262323071516336
2021_06_11_SLU_S12_SLU,Lisa Kaltenegger,0.0212765957446808,-0.011926285512312597,0.033202881256993395
2021_06_11_SLU_S12_SLU,Meredith MacGregor,0.0,0.02199095346053284,-0.02199095346053284
2021_06_11_SLU_S12_SLU,Noah Planavsky,0.1666666666666666,0.07830608788132445,0.08836057878534215
2021_06_11_SLU_S12_SLU,Richard Wiener,0.0,0.09032485793900653,-0.09032485793900653
2021_06_11_SLU_S13_SLU,Aaron Engelhart,0.0588235294117647,0.06600770741376108,-0.007184178001996382
2021_06_11_SLU_S13_SLU,Amanda Stockton,0.0,0.033323718979787954,-0.033323718979787954
2021_06_11_SLU_S13_SLU,Christopher Hamilton,0.0,0.050895320707828984,-0.050895320707828984
2021_06_11_SLU_S13_SLU,Jeffrey Marlow,0.0,0.0415442054698204,-0.0415442054698204
2021_06_11_SLU_S13_SLU,Leslie Rogers,0.0666666666666666,0.03383833026337239,0.0328283364032942
2021_06_11_SLU_S13_SLU,Maggie Osburn,0.0714285714285714,-0.01766343457467252,0.08909200600324392
2021_06_11_SLU_S13_SLU,Rachel Parker,1.0,0.3507371811736898,0.6492628188263102
2021_06_11_SLU_S13_SLU,Solange Duhamel,0.3333333333333333,0.029427500852788654,0.30390583248054465
2021_06_11_SLU_S13_SLU,Stephanie Olson,0.0,0.04335248506092421,-0.04335248506092421
2021_06_11_SLU_S13_SLU,Timothy W Lyons,0.0204081632653061,-0.00885276809472215,0.02926093136002825
2021_06_11_SLU_S13_SLU,Tori Hoehler,0.0,0.06600182843313303,-0.06600182843313303
2021_06_11_SLU_S1_SLU,Andrew Skemer,0.0,0.030829408760272965,-0.030829408760272965
2021_06_11_SLU_S1_SLU,Andy Skemer,0.0555555555555555,0.026093652490853547,0.02946190306470195
2021_06_11_SLU_S1_SLU,Andy skemer,0.0,0.032231316667757276,-0.032231316667757276
2021_06_11_SLU_S1_SLU,Diane Matar,0.3333333333333333,0.24176474385674365,0.09156858947658966
2021_06_11_SLU_S1_SLU,Edward Schwieterman,0.0,0.0550720545637679,-0.0550720545637679
2021_06_11_SLU_S1_SLU,Jeffrey Marlow,0.0,0.10765205907178746,-0.10765205907178746
2021_06_11_SLU_S1_SLU,Kimberly Lau,0.0,0.3145764944223008,-0.3145764944223008
2021_06_11_SLU_S1_SLU,Laura Barge,0.2,0.15101574504378118,0.04898425495621883
2021_06_11_SLU_S1_SLU,Mary Voytek,0.0,0.3507371811736898,-0.3507371811736898
2021_06_11_SLU_S1_SLU,Nathaniel Gabor,0.1304347826086956,0.12377962797124739,0.006655154637448202
2021_06_11_SLU_S1_SLU,Niki Parenteau,0.0357142857142857,-0.010451875703739972,0.04616616141802567
2021_06_11_SLU_S1_SLU,Nikole Lewis,0.0,0.18447470938330196,-0.18447470938330196
2021_06_11_SLU_S1_SLU,Noah Planavsky,0.048780487804878,-0.000539692472644526,0.04932018027752253
2021_06_11_SLU_S1_SLU,Tyler Robinson,0.0909090909090909,0.1340325519587078,-0.04312346104961691
2021_06_11_SLU_S1_SLU,Victoria S Meadows,0.0,-0.036182264972133546,0.036182264972133546
2021_06_11_SLU_S2_SLU,Amanda Stockton,0.03125,0.10821187072546833,-0.07696187072546833
2021_06_11_SLU_S2_SLU,Andro Rios,0.0,0.05678166696500371,-0.05678166696500371
2021_06_11_SLU_S2_SLU,Chris Martin,0.0,0.3507371811736898,-0.3507371811736898
2021_06_11_SLU_S2_SLU,Eliza Kempton,0.2857142857142857,0.12239047412233614,0.16332381159194956
2021_06_11_SLU_S2_SLU,Hilke Schlichting,0.0,0.22026709731326244,-0.22026709731326244
2021_06_11_SLU_S2_SLU,Jay Forsythe,0.04,0.07502693436955761,-0.03502693436955761
2021_06_11_SLU_S2_SLU,Liz Mccormack,0.0,0.3507371811736898,-0.3507371811736898
2021_06_11_SLU_S2_SLU,Maggie Osburn,0.0,0.17222571670990286,-0.17222571670990286
2021_06_11_SLU_S2_SLU,Morgan Raven,0.0476190476190476,0.1406956718777564,-0.09307662425870879
2021_06_11_SLU_S2_SLU,Natasha Batalha,0.25,0.1018650653411475,0.1481349346588525
2021_06_11_SLU_S2_SLU,Tori Hoehler,0.0,0.010834775396767526,-0.010834775396767526
2021_06_11_SLU_S2_SLU,Ziming Yang,0.25,0.10765205907178746,0.14234794092821254
2021_06_11_SLU_S2_SLU,[Unintelligible Speaker],0.0,0.029427500852788654,-0.029427500852788654
2021_06_11_SLU_S3_SLU,Aaron Engelhart,0.0,0.039800667858859676,-0.039800667858859676
2021_06_11_SLU_S3_SLU,Jennifer Glass,0.05,0.06929623932674187,-0.019296239326741862
2021_06_11_SLU_S3_SLU,Keith Hawkins,0.1666666666666666,0.12989045914837274,0.03677620751829386
2021_06_11_SLU_S3_SLU,Marc Neveu,0.0,0.15821214904432765,-0.15821214904432765
2021_06_11_SLU_S3_SLU,Meredith MacGregor,0.15,0.05352614346410478,0.09647385653589521
2021_06_11_SLU_S3_SLU,Rika Anderson,0.0,0.15821214904432765,-0.15821214904432765
2021_06_11_SLU_S3_SLU,Shannon Mackenzie,0.2857142857142857,0.06932070700941317,0.21639357870487252
2021_06_11_SLU_S3_SLU,Shannon Mackenzie | JHU APL,0.0,0.1900823410132392,-0.1900823410132392
2021_06_11_SLU_S3_SLU,Silvia Ronco,0.0,0.030829408760272965,-0.030829408760272965
2021_06_11_SLU_S3_SLU,Stilianos Louca,0.0952380952380952,0.10947093653886715,-0.014232841300771945
2021_06_11_SLU_S3_SLU,Timothy W Lyons,0.0909090909090909,-0.0010278245697865757,0.09193691547887747
2021_06_11_SLU_S4_SLU,Bradford Foley,0.1818181818181818,0.07655461623052459,0.1052635655876572
2021_06_11_SLU_S4_SLU,Christopher Hamilton,0.0,0.07773091333099089,-0.07773091333099089
2021_06_11_SLU_S4_SLU,Dimitar Sasselov,0.0454545454545454,0.07582727927127816,-0.030372733816732764
2021_06_11_SLU_S4_SLU,Joseph Levy,0.0769230769230769,0.1570875326852958,-0.0801644557622189
2021_06_11_SLU_S4_SLU,Laura Schaefer,0.4,0.15101574504378118,0.24898425495621884
2021_06_11_SLU_S4_SLU,Liming Li,0.6,0.15101574504378118,0.4489842549562188
2021_06_11_SLU_S4_SLU,Lisa Kaltenegger,0.0434782608695652,0.02463725588970638,0.018841004979858824
2021_06_11_SLU_S4_SLU,Lisa Kaltenegger(she/her),0.0,0.03110931458711339,-0.03110931458711339
2021_06_11_SLU_S4_SLU,Simon Darroch,0.2222222222222222,0.12718467490986027,0.09503754731236194
2021_06_11_SLU_S4_SLU,Stephanie Olson,0.0476190476190476,0.04969399630463282,-0.0020749486855852206
2021_06_11_SLU_S4_SLU,Trinity Hamilton,0.1111111111111111,0.1913602850714992,-0.08024917396038808
2021_06_11_SLU_S5_SLU,Amanda Stockton,0.125,0.15054901377683808,-0.025549013776838075
2021_06_11_SLU_S5_SLU,Andro Rios,0.0,0.07939349075609861,-0.07939349075609861
2021_06_11_SLU_S5_SLU,Chris Martin,1.0,0.3507371811736898,0.6492628188263102
2021_06_11_SLU_S5_SLU,Eliza Kempton,0.1666666666666666,0.11456750374250146,0.05209916292416514
2021_06_11_SLU_S5_SLU,Hilke Schlichting,0.0,0.20075562263876517,-0.20075562263876517
2021_06_11_SLU_S5_SLU,Jay Forsythe,0.1666666666666666,0.16765181449349023,-0.0009851478268236291
2021_06_11_SLU_S5_SLU,Liz McCormack,1.0,0.3507371811736898,0.6492628188263102
2021_06_11_SLU_S5_SLU,Maggie Osburn,0.0,0.08362571312690405,-0.08362571312690405
2021_06_11_SLU_S5_SLU,Morgan Raven,0.0,0.15786817330953398,-0.15786817330953398
2021_06_11_SLU_S5_SLU,Natasha Batalha,0.1818181818181818,0.04716731618436257,0.13465086563381923
2021_06_11_SLU_S5_SLU,Tori Hoehler,0.0,0.04891877184929488,-0.04891877184929488
2021_06_11_SLU_S5_SLU,Ziming Yang,0.8,0.3562269620911034,0.44377303790889666
2021_06_11_SLU_S6_SLU,Andrew Vanderburg,0.0666666666666666,0.0975395031645589,-0.030872836497892298
2021_06_11_SLU_S6_SLU,Coco Zhang,0.0,0.13638628334683087,-0.13638628334683087
2021_06_11_SLU_S6_SLU,Courtney Dressing,0.0,0.07610925587581499,-0.07610925587581499
2021_06_11_SLU_S6_SLU,Daniel Apai,0.0178571428571428,-0.02212319935059896,0.039980342207741756
2021_06_11_SLU_S6_SLU,Daniel Huber,0.04,0.07502693436955761,-0.03502693436955761
2021_06_11_SLU_S6_SLU,Ke Zhang,0.0,0.030829408760272965,-0.030829408760272965
2021_06_11_SLU_S6_SLU,Leslie Rogers,0.0344827586206896,0.003960856103228697,0.030521902517460904
2021_06_11_SLU_S6_SLU,Nicolas Cowan,0.03125,0.03946798286555272,-0.008217982865552718
2021_06_11_SLU_S6_SLU,Paul Robertson,0.0,0.09872231717193947,-0.09872231717193947
2021_06_11_SLU_S6_SLU,Smadar Naoz,0.1034482758620689,0.03699518345890455,0.06645309240316435
2021_06_11_SLU_S7_SLU,Anat Shahar,0.0425531914893617,-0.025479726555118237,0.06803291804447995
2021_06_11_SLU_S7_SLU,Bet√ºl Ka√ßar,0.0769230769230769,0.1624111284729913,-0.0854880515499144
2021_06_11_SLU_S7_SLU,Christopher Reinhard,0.0384615384615384,0.07015978534435127,-0.03169824688281287
2021_06_11_SLU_S7_SLU,Edwin Kite,0.0555555555555555,0.07929870582262585,-0.023743150267070356
2021_06_11_SLU_S7_SLU,Gregory Fournier,0.0,0.05008526700910226,-0.05008526700910226
2021_06_11_SLU_S7_SLU,Ji Wang,0.0869565217391304,0.08358085136750118,0.0033756703716292247
2021_06_11_SLU_S7_SLU,Katherine de Kleer,0.0,0.07830608788132445,-0.07830608788132445
2021_06_11_SLU_S7_SLU,Mathieu Lapotre,0.0,0.13524887946330258,-0.13524887946330258
2021_06_11_SLU_S7_SLU,Peter Driscoll,0.1666666666666666,0.07830608788132445,0.08836057878534215
2021_06_11_SLU_S7_SLU,Shawn Domagal,0.0,0.06148319299151272,-0.06148319299151272
2021_06_11_SLU_S7_SLU,Solange Duhamel,0.5,0.1900823410132392,0.3099176589867608
2021_06_11_SLU_S8_SLU,Christopher Reinhard,0.05,-0.02244309172413086,0.07244309172413087
2021_06_11_SLU_S8_SLU,Courtney Dressing,0.05,0.06401716384134613,-0.01401716384134613
2021_06_11_SLU_S8_SLU,Edwin Kite,0.09375,0.019606206859107616,0.07414379314089238
2021_06_11_SLU_S8_SLU,Joseph Levy,0.04,0.024065996048608405,0.015934003951391596
2021_06_11_SLU_S8_SLU,Joseph Levy(he/him,0.0,0.028025592945304344,-0.028025592945304344
2021_06_11_SLU_S8_SLU,Peter Driscoll,0.0,0.15402603084019303,-0.15402603084019303
2021_06_11_SLU_S8_SLU,Richard Wiener,0.0,0.029427500852788654,-0.029427500852788654
2021_06_11_SLU_S8_SLU,Shawn Domagal,0.02,0.0018206118868017412,0.01817938811319826
2021_06_11_SLU_S8_SLU,Silvia Ronco,0.0,0.028025592945304344,-0.028025592945304344
2021_06_11_SLU_S8_SLU,Smadar Naoz,0.0277777777777777,0.03630922194718687,-0.008531444169409173
2021_06_11_SLU_S8_SLU,Ziming Yang,0.0,0.18147483041542106,-0.18147483041542106
2021_06_11_SLU_S9_SLU,Andrew Vanderburg,0.0,0.01765790993565033,-0.01765790993565033
2021_06_11_SLU_S9_SLU,Bradford Foley,0.2,0.08331531840158499,0.11668468159841502
2021_06_11_SLU_S9_SLU,Daniel Huber,0.0,0.14739607680706324,-0.14739607680706324
2021_06_11_SLU_S9_SLU,Katherine de Kleer,0.0,0.04528042081115612,-0.04528042081115612
2021_06_11_SLU_S9_SLU,Keith Hawkins,0.0909090909090909,0.11604289779716837,-0.025133806888077467
2021_06_11_SLU_S9_SLU,Lisa Kaltenegger,0.0759493670886076,-0.04816812595388186,0.12411749304248945
2021_06_11_SLU_S9_SLU,Meredith MacGregor,0.0714285714285714,0.0638155166463977,0.007613054782173695
2021_06_11_SLU_S9_SLU,Noah Planavsky,0.1111111111111111,0.12506401301715614,-0.013952901906045034
2021_06_11_SLU_S9_SLU,Richard Wiener,0.0,0.09032485793900653,-0.09032485793900653
2021_09_30_MZT_S2_MZT,Andrew Feig,0.0,0.17793160983401426,-0.17793160983401426
2021_09_30_MZT_S2_MZT,Avery Strait,0.1818181818181818,0.018212237592914165,0.16360594422526764
2021_09_30_MZT_S2_MZT,Bethany McGregor,0.125,0.06488860981466375,0.06011139018533625
2021_09_30_MZT_S2_MZT,Daniel Becker,0.0,0.21170663214855584,-0.21170663214855584
2021_09_30_MZT_S2_MZT,Gonzalo Vazquez Prokopec,0.0,0.3719965046621305,-0.3719965046621305
2021_09_30_MZT_S2_MZT,Guillaume Bastille-Rousseau,0.0,0.09595073675380007,-0.09595073675380007
2021_09_30_MZT_S2_MZT,Kezia Manlove,0.0,0.16216904589055461,-0.16216904589055461
2021_09_30_MZT_S2_MZT,Lauren Charles,0.0357142857142857,0.028505431505602197,0.007208854208683502
2021_09_30_MZT_S2_MZT,Liliana Salvador,0.0,0.04335248506092421,-0.04335248506092421
2021_09_30_MZT_S2_MZT,Mark Wilber,0.0,0.06932070700941317,-0.06932070700941317
2021_09_30_MZT_S2_MZT,Mike Wimberly,0.25,0.2669049913247537,-0.016904991324753704
2021_09_30_MZT_S3_MZT,Angad Mehta,0.0303030303030303,-0.0029780435079245497,0.03328107381095485
2021_09_30_MZT_S3_MZT,Arenas,0.0,0.3507371811736898,-0.3507371811736898
2021_09_30_MZT_S3_MZT,Brenda Rubenstein,0.0,0.18147483041542106,-0.18147483041542106
2021_09_30_MZT_S3_MZT,Danae Schulz,0.0,0.08331531840158499,-0.08331531840158499
2021_09_30_MZT_S3_MZT,Diego Huet,0.6666666666666666,0.13559612235476615,0.5310705443119005
2021_09_30_MZT_S3_MZT,Erik Procko,0.1666666666666666,0.07830608788132445,0.08836057878534215
2021_09_30_MZT_S3_MZT,Gisselle Medina,0.2222222222222222,0.15821214904432765,0.06401007317789456
2021_09_30_MZT_S3_MZT,Peter Dorhout,0.0555555555555555,0.04378842274118314,0.011767132814372354
2021_09_30_MZT_S3_MZT,Richard Wiener,0.0,0.13559612235476615,-0.13559612235476615
2021_09_30_MZT_S3_MZT,Wilfred van der Donk,0.2857142857142857,0.06932070700941317,0.21639357870487252
2021_09_30_MZT_S3_MZT,Wilfred van der Donk UIUC/HHMI,0.0,0.015408421777945542,-0.015408421777945542
2021_09_30_MZT_S3_MZT,William Witola,0.25,0.07040546071078517,0.17959453928921482
2021_09_30_MZT_S4_MZT,Chang,0.0,0.25484043277491153,-0.25484043277491153
2021_09_30_MZT_S4_MZT,Christoph Thaiss,0.0,0.24176474385674365,-0.24176474385674365
2021_09_30_MZT_S4_MZT,Claudia Herrera,0.0,0.1812462459233495,-0.1812462459233495
2021_09_30_MZT_S4_MZT,Curt Horvath,0.0,0.04094188314139464,-0.04094188314139464
2021_09_30_MZT_S4_MZT,Efrem Lim,0.25,0.028025592945304344,0.22197440705469565
2021_09_30_MZT_S4_MZT,Jenny Maloney,0.0,-0.008494520244417655,0.008494520244417655
2021_09_30_MZT_S4_MZT,Laurene Tetard,0.0,0.008398882240523986,-0.008398882240523986
2021_09_30_MZT_S4_MZT,Paola Boggiatto,0.0,0.07216157431803114,-0.07216157431803114
2021_09_30_MZT_S4_MZT,Prashant Singh,0.25,0.1812462459233495,0.06875375407665049
2021_09_30_MZT_S4_MZT,Sandra Laney,1.0,0.032231316667757276,0.9677686833322428
2021_09_30_MZT_S4_MZT,Yanling Chang,0.0,0.030829408760272965,-0.030829408760272965
2021_09_30_MZT_S5_MZT,Ana Bento,0.125,0.16442335103353778,-0.03942335103353778
2021_09_30_MZT_S5_MZT,Chuck Lewis,0.2,0.15101574504378118,0.04898425495621883
2021_09_30_MZT_S5_MZT,Hongfu Liu,0.25,0.028025592945304344,0.22197440705469565
2021_09_30_MZT_S5_MZT,Joyce Jose,0.0,0.03174632920203515,-0.03174632920203515
2021_09_30_MZT_S5_MZT,Maria Fernandez,0.25,0.1293780446629757,0.1206219553370243
2021_09_30_MZT_S5_MZT,Matt Erdman,0.0,0.02652959017111248,-0.02652959017111248
2021_09_30_MZT_S5_MZT,Matthew Hopken,0.0,0.10922771089486624,-0.10922771089486624
2021_09_30_MZT_S5_MZT,Nicole Eikmeier,0.0,0.3217609671615705,-0.3217609671615705
2021_09_30_MZT_S5_MZT,Troy Clavell Sutton,0.0625,0.07216157431803114,-0.009661574318031135
2021_09_30_MZT_S6_MZT,Ana Bento,0.0,0.3507371811736898,-0.3507371811736898
2021_09_30_MZT_S6_MZT,Joyce Jose,0.0,0.02662368503782003,-0.02662368503782003
2021_09_30_MZT_S6_MZT,Maria Fernandez,0.5,0.10765205907178746,0.39234794092821257
2021_09_30_MZT_S6_MZT,Matt Erdman,0.0,0.059507351657023,-0.059507351657023
2021_09_30_MZT_S6_MZT,Matthew Hopken,0.0,0.1900823410132392,-0.1900823410132392
2021_09_30_MZT_S6_MZT,Sandra Laney,0.0,0.3507371811736898,-0.3507371811736898
2021_09_30_MZT_S6_MZT,Troy Clavell Sutton,0.25,0.10765205907178746,0.14234794092821254
2021_09_30_MZT_S7_MZT,Adela Oliva Chavez,0.5,0.1900823410132392,0.3099176589867608
2021_09_30_MZT_S7_MZT,Andrew Feig,0.0,0.08362571312690405,-0.08362571312690405
2021_09_30_MZT_S7_MZT,Avery Strait,0.1875,0.07083286660000358,0.11666713339999642
2021_09_30_MZT_S7_MZT,Bethany McGregor,0.1428571428571428,0.08192370424486087,0.060933438612281926
2021_09_30_MZT_S7_MZT,Cheryl Andam,0.0,0.1018650653411475,-0.1018650653411475
2021_09_30_MZT_S7_MZT,Crystal Hepp,0.0,0.022417961315367097,-0.022417961315367097
2021_09_30_MZT_S7_MZT,Daniel Becker,0.0,0.18447470938330196,-0.18447470938330196
2021_09_30_MZT_S7_MZT,Daren Ginete,1.0,0.3507371811736898,0.6492628188263102
2021_09_30_MZT_S7_MZT,Gonzalo Vazquez Prokopec,0.0,0.15101574504378118,-0.15101574504378118
2021_09_30_MZT_S7_MZT,Guillaume Bastille-Rousseau,0.0909090909090909,0.13146388477949578,-0.04055479387040488
2021_09_30_MZT_S7_MZT,Hannah Frank,0.0384615384615384,0.08293519788609285,-0.04447365942455445
2021_09_30_MZT_S7_MZT,Hannah Frank Tulane,0.0,0.1900823410132392,-0.1900823410132392
2021_09_30_MZT_S7_MZT,Jason Ladner,1.0,0.3507371811736898,0.6492628188263102
2021_09_30_MZT_S7_MZT,Justin Bahl,0.0833333333333333,0.2798083897792808,-0.19647505644594748
2021_09_30_MZT_S7_MZT,Kezia Manlove,0.0476190476190476,0.2161747643412683,-0.1685557167222207
2021_09_30_MZT_S7_MZT,Kim Pepin,0.0555555555555555,0.0958727738362116,-0.0403172182806561
2021_09_30_MZT_S7_MZT,Lauren Charles,0.0,0.04486722791858036,-0.04486722791858036
2021_09_30_MZT_S7_MZT,Liliana Salvador,0.1333333333333333,0.03383833026337239,0.09949500306996091
2021_09_30_MZT_S7_MZT,Linda Detwiler,0.0256410256410256,-0.022631281457545956,0.048272307098571554
2021_09_30_MZT_S7_MZT,Mark Wilber,0.375,0.21279443192059874,0.16220556807940126
2021_09_30_MZT_S7_MZT,Mike Wimberly,0.2222222222222222,0.15821214904432765,0.06401007317789456
2021_09_30_MZT_S7_MZT,Rebecca Garabed,0.0,0.07939349075609861,-0.07939349075609861
2021_09_30_MZT_S7_MZT,Richard Wiener,0.0,0.029427500852788654,-0.029427500852788654
2021_09_30_MZT_S7_MZT,Salvador Almagro,0.0,0.11415341218508893,-0.11415341218508893
2021_09_30_MZT_S7_MZT,Sara Zimmer,0.0909090909090909,0.1578502961917322,-0.06694120528264129
2021_09_30_MZT_S7_MZT,Tavis Anderson,0.0,0.12241769997432132,-0.12241769997432132
2021_09_30_MZT_S7_MZT,adela,0.125,0.022417961315367097,0.1025820386846329
2021_10_01_MZT_S11_MZT,Brenda Rubenstein,0.0,0.11296688994389764,-0.11296688994389764
2021_10_01_MZT_S11_MZT,Cheryl Andam,0.0,0.07235775322204756,-0.07235775322204756
2021_10_01_MZT_S11_MZT,Dana Mitzel,0.1818181818181818,0.07612239477581097,0.10569578704237083
2021_10_01_MZT_S11_MZT,Danae Schulz,0.0,0.10400925050501018,-0.10400925050501018
2021_10_01_MZT_S11_MZT,Joyce Jose,0.1428571428571428,0.14613571579574014,-0.003278572938597346
2021_10_01_MZT_S11_MZT,Kristin Koutmou,0.0416666666666666,0.10414529653928857,-0.06247862987262197
2021_10_01_MZT_S11_MZT,Wilfred van der Donk,0.025,0.02548798531441855,-0.00048798531441855003
2021_10_01_MZT_S11_MZT,William Witola,0.0666666666666666,0.0975395031645589,-0.030872836497892298
2021_10_01_MZT_S1_MZT,Amy Vincent,0.0,0.023760440885983482,-0.023760440885983482
2021_10_01_MZT_S1_MZT,Claudia Herrera,0.0,0.0791779632418423,-0.0791779632418423
2021_10_01_MZT_S1_MZT,Danae Schulz,0.125,0.06223119437860866,0.06276880562139134
2021_10_01_MZT_S1_MZT,Diego Huet,0.0,0.3507371811736898,-0.3507371811736898
2021_10_01_MZT_S1_MZT,Heather Walden,0.3333333333333333,0.24176474385674365,0.09156858947658966
2021_10_01_MZT_S1_MZT,Jenny Maloney,0.0,0.023819869222851408,-0.023819869222851408
2021_10_01_MZT_S1_MZT,Kristin Koutmou,0.0,0.07830608788132445,-0.07830608788132445
2021_10_01_MZT_S1_MZT,Maria Fernandez,0.0333333333333333,0.08572086529846024,-0.05238753196512694
2021_10_01_MZT_S1_MZT,Sara Zimmer,0.027027027027027,0.033323718979787954,-0.0062966919527609536
2021_10_01_MZT_S1_MZT,Silvie Huijben,0.0357142857142857,0.03988064095224264,-0.004166355237956942
2021_10_01_MZT_S1_MZT,William Witola,0.0833333333333333,0.07040546071078517,0.012927872622548131
2021_10_01_MZT_S2_MZT,Adela Oliva Chavez,0.0588235294117647,0.12031234660594284,-0.06148881719417814
2021_10_01_MZT_S2_MZT,Adela Oliva Chavez Oliva Chavez,0.1,0.08362571312690405,0.01637428687309596
2021_10_01_MZT_S2_MZT,Amy Hartman,0.0,0.04335248506092421,-0.04335248506092421
2021_10_01_MZT_S2_MZT,Daniel Becker,0.125,0.13884152086763124,-0.01384152086763124
2021_10_01_MZT_S2_MZT,Guillaume Bastille-Rousseau,0.0,0.24952560190280137,-0.24952560190280137
2021_10_01_MZT_S2_MZT,Katia Koelle,0.0,0.02522177713033572,-0.02522177713033572
2021_10_01_MZT_S2_MZT,Kezia Manlove,0.0909090909090909,0.1597829619634086,-0.0688738710543177
2021_10_01_MZT_S2_MZT,Kim Pepin,0.0,0.12842513304229758,-0.12842513304229758
2021_10_01_MZT_S2_MZT,Linda Detwiler,0.0273972602739726,-0.03816439443081823,0.06556165470479083
2021_10_01_MZT_S2_MZT,Matthew Hopken,0.0,0.10765205907178746,-0.10765205907178746
2021_10_01_MZT_S2_MZT,Mike Wimberly,0.0,0.13884152086763124,-0.13884152086763124
2021_10_01_MZT_S2_MZT,Troy Sutton,0.25,0.10765205907178746,0.14234794092821254
2021_10_01_MZT_S3_MZT,A Ali Yanik,0.08,0.1132476381102695,-0.0332476381102695
2021_10_01_MZT_S3_MZT,Adela Oliva Chavez,0.0,0.11296688994389764,-0.11296688994389764
2021_10_01_MZT_S3_MZT,Andrew Feig,0.0454545454545454,0.03174632920203515,0.013708216252510251
2021_10_01_MZT_S3_MZT,Beth Lautner,0.5,0.1900823410132392,0.3099176589867608
2021_10_01_MZT_S3_MZT,Bethany McGregor,0.0769230769230769,0.06497037396819094,0.011952702954885958
2021_10_01_MZT_S3_MZT,Brenda Rubenstein,0.0,0.2201463547324789,-0.2201463547324789
2021_10_01_MZT_S3_MZT,Christine K Johnson,0.0,0.029427500852788654,-0.029427500852788654
2021_10_01_MZT_S3_MZT,Chuck Lewis,0.1428571428571428,0.023819869222851408,0.11903727363429138
2021_10_01_MZT_S3_MZT,Crystal Hepp,0.0526315789473684,0.08992154282316142,-0.037289963875793024
2021_10_01_MZT_S3_MZT,Daren Ginete,0.0,0.34933527326620545,-0.34933527326620545
2021_10_01_MZT_S3_MZT,Gisselle Medina,0.0,0.032231316667757276,-0.032231316667757276
2021_10_01_MZT_S3_MZT,Laurene Tetard,0.0,0.01681032968542985,-0.01681032968542985
2021_10_01_MZT_S3_MZT,Linda Detwiler,0.2,0.16252976023556934,0.037470239764430674
2021_10_01_MZT_S3_MZT,Maria Fernandez,0.0,0.02662368503782003,-0.02662368503782003
2021_10_01_MZT_S3_MZT,Mark Wilber,0.0,0.030829408760272965,-0.030829408760272965
2021_10_01_MZT_S3_MZT,Paola Boggiatto,0.1875,0.12762625760775675,0.059873742392243245
2021_10_01_MZT_S3_MZT,Peter Dorhout,0.1,0.07580744385027836,0.024192556149721642
2021_10_01_MZT_S3_MZT,Peter Dornhout,0.0,0.24176474385674365,-0.24176474385674365
2021_10_01_MZT_S3_MZT,Prashant Singh,0.0833333333333333,0.06989464043641859,0.013438692896914711
2021_10_01_MZT_S3_MZT,Rebecca Garabed,0.0,0.02662368503782003,-0.02662368503782003
2021_10_01_MZT_S3_MZT,Rebecca Smith,0.0,0.09568682606994273,-0.09568682606994273
2021_10_01_MZT_S3_MZT,Richard Wiener,0.0,0.032231316667757276,-0.032231316667757276
2021_10_01_MZT_S3_MZT,Sara Zimmer,0.125,0.13884152086763124,-0.01384152086763124
2021_10_01_MZT_S3_MZT,Sen Pei,0.0,0.08522153255203847,-0.08522153255203847
2021_10_01_MZT_S4_MZT,Adela Detwiler,0.0,0.3719965046621305,-0.3719965046621305
2021_10_01_MZT_S4_MZT,Adela Oliva Chavez,0.0,0.029427500852788654,-0.029427500852788654
2021_10_01_MZT_S4_MZT,Ana Bento,0.0,0.07830608788132445,-0.07830608788132445
2021_10_01_MZT_S4_MZT,Andrew Feig,0.0,0.013258512483365282,-0.013258512483365282
2021_10_01_MZT_S4_MZT,Angela Arenas,0.0,0.175817976394115,-0.175817976394115
2021_10_01_MZT_S4_MZT,Bethany McGregor,1.0,0.20071200275745957,0.7992879972425404
2021_10_01_MZT_S4_MZT,Chuck Lewis,0.3333333333333333,0.22867854475816832,0.104654788575165
2021_10_01_MZT_S4_MZT,Dana Mitzel,0.0,0.10204442744185022,-0.10204442744185022
2021_10_01_MZT_S4_MZT,Efrem Lim,0.2727272727272727,0.183804486149255,0.08892278657801772
2021_10_01_MZT_S4_MZT,Gisselle Medina,0.0,0.09032485793900653,-0.09032485793900653
2021_10_01_MZT_S4_MZT,Joyce Jose,0.0,0.022417961315367097,-0.022417961315367097
2021_10_01_MZT_S4_MZT,Joyce Jose Penn State,0.0769230769230769,0.08839654246656146,-0.011473465543484565
2021_10_01_MZT_S4_MZT,Justin Bahl,0.1111111111111111,0.06201085064512338,0.04910026046598773
2021_10_01_MZT_S4_MZT,Lauren Charles,0.0,0.3719965046621305,-0.3719965046621305
2021_10_01_MZT_S4_MZT,Maria Fernandez,0.0,0.028025592945304344,-0.028025592945304344
2021_10_01_MZT_S4_MZT,Mark Wilber,0.0,0.14268256351757974,-0.14268256351757974
2021_10_01_MZT_S4_MZT,Rebecca Garabed,0.0377358490566037,0.001398917771809461,0.03633693128479424
2021_10_01_MZT_S4_MZT,Sara Zimmer,0.0769230769230769,0.08839654246656146,-0.011473465543484565
2021_10_01_MZT_S4_MZT,Silvie Huijben,0.0,0.032231316667757276,-0.032231316667757276
2021_10_01_MZT_S7_MZT,Amy Hartman,0.0,0.13559612235476615,-0.13559612235476615
2021_10_01_MZT_S7_MZT,Amy Vincent,0.25,0.1872785251982706,0.0627214748017294
2021_10_01_MZT_S7_MZT,Chuck Lewis,0.1111111111111111,0.11244684184979735,-0.0013357307386862444
2021_10_01_MZT_S7_MZT,Colin Basler,1.0,0.5089486068155629,0.49105139318443713
2021_10_01_MZT_S7_MZT,Crystal Hepp,0.0909090909090909,0.1318961062342094,-0.04098701532511849
2021_10_01_MZT_S7_MZT,Erik Procko,0.6,0.20745476745086766,0.3925452325491323
2021_10_01_MZT_S7_MZT,Liliana Salvador,0.0833333333333333,0.14727119733699107,-0.06393786400365777
2021_10_01_MZT_S7_MZT,Maria Fernandez,0.1111111111111111,0.06610294971841407,0.04500816139269703
2021_10_01_MZT_S7_MZT,Mark Wilber,0.05,0.06899755228352014,-0.01899755228352014
2021_10_01_MZT_S7_MZT,Mike Wimberly,0.0,0.036909738638325175,-0.036909738638325175
2021_10_01_MZT_S7_MZT,Paola Boggiatto,0.0,0.24391797027286416,-0.24391797027286416
2021_10_01_MZT_S7_MZT,Sara Zimmer,0.0588235294117647,0.03374095553713699,0.025082573874627707
2021_10_01_MZT_S8_MZT,Adela Oliva Chavez,0.0,0.14149893630368632,-0.14149893630368632
2021_10_01_MZT_S8_MZT,Andrew Feig,0.0,0.20071200275745957,-0.20071200275745957
2021_10_01_MZT_S8_MZT,Angela Arenas,0.0,0.21555055331644296,-0.21555055331644296
2021_10_01_MZT_S8_MZT,Christoph Thaiss,0.054054054054054,0.016372421354708316,0.037681632699345685
2021_10_01_MZT_S8_MZT,Claudia Herrera,0.0,0.028025592945304344,-0.028025592945304344
2021_10_01_MZT_S8_MZT,Curt Horvath,0.0476190476190476,-0.010079961610245557,0.05769900922929316
2021_10_01_MZT_S8_MZT,Gisselle Medina,0.125,0.06223119437860866,0.06276880562139134
2021_10_01_MZT_S8_MZT,Hongfu Liu,0.4285714285714285,0.238204123852441,0.1903673047189875
2021_10_01_MZT_S8_MZT,Matt Erdman,0.0,-0.02237472316142059,0.02237472316142059
2021_10_01_MZT_S8_MZT,Yanling Chang,0.1,0.14701649130277147,-0.04701649130277147
2021_10_01_MZT_S9_MZT,A Ali Yanik,0.0666666666666666,0.0971464571878621,-0.03047979052119551
2021_10_01_MZT_S9_MZT,Andrew Feig,0.0,0.028025592945304344,-0.028025592945304344
2021_10_01_MZT_S9_MZT,Audrey Ruple,0.0769230769230769,0.06497037396819094,0.011952702954885958
2021_10_01_MZT_S9_MZT,Beth Lautner,1.0,0.3507371811736898,0.6492628188263102
2021_10_01_MZT_S9_MZT,Bethany McGregor,0.1666666666666666,0.12096819142910031,0.04569847523756629
2021_10_01_MZT_S9_MZT,Christine K Johnson,0.0,-0.007116199608510988,0.007116199608510988
2021_10_01_MZT_S9_MZT,Curt Horvath,0.0,0.3507371811736898,-0.3507371811736898
2021_10_01_MZT_S9_MZT,Efrem Lim,0.0,0.09032485793900653,-0.09032485793900653
2021_10_01_MZT_S9_MZT,Gonzalo Vazquez Prokopec,0.0,0.04952538008932863,-0.04952538008932863
2021_10_01_MZT_S9_MZT,Kim Pepin,0.0,0.059507351657023,-0.059507351657023
2021_10_01_MZT_S9_MZT,Lauren Charles,0.0,0.07018125916625245,-0.07018125916625245
2021_10_01_MZT_S9_MZT,Peter Dorhout,0.0,0.08225777055030388,-0.08225777055030388
2021_10_01_MZT_S9_MZT,Rebecca Smith,0.0,0.030829408760272965,-0.030829408760272965
2021_10_01_MZT_S9_MZT,Sen Pei,0.0,0.029427500852788654,-0.029427500852788654
2021_10_01_MZT_S9_MZT,Silvia Ronco,0.0,0.1900823410132392,-0.1900823410132392
2021_10_01_MZT_S9_MZT,Wilfred van der Donk,0.0,0.028025592945304344,-0.028025592945304344
