global_session,speaker,total_utterances,total_minutes,has_new_idea_per_min,is_explanation_per_min,is_self_intro_per_min,idea_to_explanation_ratio
2021_04_22_MND_S1_MND,Aida Ebrahimi,26,25,0.0,0.0,0.12,0.0
2021_04_22_MND_S1_MND,Amina Schartup,1,1,0.0,0.0,0.0,0.0
2021_04_22_MND_S1_MND,Andrew Feig,2,2,0.0,0.5,0.0,0.0
2021_04_22_MND_S1_MND,Arida Ebrahimi,9,9,0.0,0.0,0.0,0.0
2021_04_22_MND_S1_MND,Ashley Ross,9,3,0.3333333333333333,0.6666666666666666,1.3333333333333333,0.49999250011249835
2021_04_22_MND_S1_MND,Barbara Bendlin,56,53,0.018867924528301886,0.0,0.03773584905660377,1886.7924528301885
2021_04_22_MND_S1_MND,Chris Whidbey,9,9,0.0,0.0,0.3333333333333333,0.0
2021_04_22_MND_S1_MND,Chris Whitlatch,1,1,0.0,0.0,0.0,0.0
2021_04_22_MND_S1_MND,Chris Windey,20,19,0.0,0.0,0.21052631578947367,0.0
2021_04_22_MND_S1_MND,Erin Longbrake,21,18,0.1111111111111111,0.1111111111111111,0.05555555555555555,0.9999100080992711
2021_04_22_MND_S1_MND,Flavio Frohlich,12,9,0.3333333333333333,0.0,0.3333333333333333,33333.33333333333
2021_04_22_MND_S1_MND,Mei Shen,8,8,0.0,0.125,0.25,0.0
2021_04_22_MND_S1_MND,Richard Wiener,2,2,0.0,0.0,0.5,0.0
2021_04_22_MND_S1_MND,Shikha Nangia,14,12,0.16666666666666666,0.16666666666666666,0.4166666666666667,0.999940003599784
2021_04_22_MND_S1_MND,Yanjiao Zhou,9,4,0.25,0.25,0.5,0.9999600015999359
2021_04_22_MND_S2_MND,Joel Zylberberg,1,1,0.0,0.0,0.0,0.0
2021_04_22_MND_S3_MND,Camille Nebeker,4,4,0.25,0.0,0.25,24999.999999999996
2021_04_22_MND_S3_MND,Elaine Hsiao,18,12,0.16666666666666666,0.16666666666666666,0.25,0.999940003599784
2021_04_22_MND_S3_MND,Faranak Fattahi,26,17,0.17647058823529413,0.058823529411764705,0.11764705882352941,2.9994900866852636
2021_04_22_MND_S3_MND,Judith Eisen,28,19,0.05263157894736842,0.0,0.10526315789473684,5263.157894736842
2021_04_22_MND_S3_MND,Kai Zhang,18,15,0.0,0.0,0.06666666666666667,0.0
2021_04_22_MND_S3_MND,Lisa Osborne,10,10,0.0,0.3,0.1,0.0
2021_04_22_MND_S3_MND,Sarkis Mazmanian,28,23,0.043478260869565216,0.0,0.21739130434782608,4347.826086956521
2021_04_22_MND_S3_MND,Will Ludington,22,17,0.11764705882352941,0.058823529411764705,0.058823529411764705,1.9996600577901755
2021_04_22_MND_S3_MND,Xin Qi,7,3,0.3333333333333333,0.0,0.0,33333.33333333333
2021_04_22_MND_S3_MND,Ying,2,2,0.5,0.0,0.0,49999.99999999999
2021_04_22_MND_S4_MND,Aida Ebrahimi,36,32,0.09375,0.03125,0.09375,2.999040307101727
2021_04_22_MND_S4_MND,Alda Ebrahimi,24,2,0.0,0.0,0.0,0.0
2021_04_22_MND_S4_MND,Amina Schartup,7,7,0.2857142857142857,0.42857142857142855,0.2857142857142857,0.6666511114740656
2021_04_22_MND_S4_MND,Andrew Feig,6,6,0.0,0.16666666666666666,0.16666666666666666,0.0
2021_04_22_MND_S4_MND,Ashley Ross,7,7,0.14285714285714285,0.14285714285714285,0.42857142857142855,0.999930004899657
2021_04_22_MND_S4_MND,Barbara Bendlin,40,37,0.0,0.0,0.10810810810810811,0.0
2021_04_22_MND_S4_MND,Chris Whidbey,31,27,0.0,0.0,0.2222222222222222,0.0
2021_04_22_MND_S4_MND,Erin Longbrake,15,12,0.0,0.16666666666666666,0.16666666666666666,0.0
2021_04_22_MND_S4_MND,Flavio Frohlich,17,14,0.0,0.07142857142857142,0.14285714285714285,0.0
2021_04_22_MND_S4_MND,Mei Shen,6,5,0.0,0.0,0.6,0.0
2021_04_22_MND_S4_MND,Michael Burton,2,2,0.0,0.0,0.5,0.0
2021_04_22_MND_S4_MND,Richard Wiener,5,5,0.0,0.0,0.0,0.0
2021_04_22_MND_S4_MND,Shikha Nangia,18,13,0.23076923076923078,0.15384615384615385,0.46153846153846156,1.4999025063370879
2021_04_22_MND_S4_MND,Unknown speaker,9,9,0.0,0.0,0.1111111111111111,0.0
2021_04_22_MND_S4_MND,Yanjiao Zhou,13,11,0.0,0.09090909090909091,0.18181818181818182,0.0
2021_04_22_MND_S4_MND,botB1,4,4,0.0,0.0,0.25,0.0
2021_04_22_MND_S5_MND,All,2,2,0.0,0.0,0.0,0.0
2021_04_22_MND_S5_MND,All Bryan Bayles,2,2,0.0,0.0,0.0,0.0
2021_04_22_MND_S5_MND,Carl Bryan Agee,10,10,0.0,0.0,0.2,0.0
2021_04_22_MND_S5_MND,Carl Bryan Bates,5,5,0.0,0.0,0.4,0.0
2021_04_22_MND_S5_MND,David Bryman,8,0,,,inf,
2021_04_22_MND_S5_MND,Gillian Zuberberg,6,3,0.6666666666666666,0.3333333333333333,0.3333333333333333,1.999940001799946
2021_04_22_MND_S5_MND,Gillian Zybertberg,3,3,0.0,0.0,0.3333333333333333,0.0
2021_04_22_MND_S5_MND,Harris Wang,2,2,0.0,0.0,0.0,0.0
2021_04_22_MND_S5_MND,JP Yu,3,3,0.0,0.0,0.0,0.0
2021_04_22_MND_S5_MND,Jae Hwan Song,2,2,0.0,0.5,0.0,0.0
2021_04_22_MND_S5_MND,Jae Sung Kim,4,4,0.0,0.0,0.0,0.0
2021_04_22_MND_S5_MND,Jali Zilberberg,6,6,0.0,0.0,0.3333333333333333,0.0
2021_04_22_MND_S5_MND,Jeff Balser,5,5,0.0,0.0,0.0,0.0
2021_04_22_MND_S5_MND,Jeff Bryan Kottkamp,7,7,0.14285714285714285,0.0,0.0,14285.714285714284
2021_04_22_MND_S5_MND,Jeff Dongga,4,3,0.0,0.0,0.0,0.0
2021_04_22_MND_S5_MND,Jeff Levenson,5,0,,,inf,
2021_04_22_MND_S5_MND,Jia Li Zhu,1,1,0.0,0.0,0.0,0.0
2021_04_22_MND_S5_MND,Jial Rongge Xue,5,5,0.0,0.4,0.2,0.0
2021_04_22_MND_S5_MND,Jiali Ping,4,4,0.0,0.0,0.0,0.0
2021_04_22_MND_S5_MND,Jill Marburger,3,3,0.3333333333333333,0.0,0.0,33333.33333333333
2021_04_22_MND_S5_MND,Jill Panzer Codding,1,1,0.0,1.0,0.0,0.0
2021_04_22_MND_S5_MND,Jill Panzer Godager,1,1,0.0,0.0,0.0,0.0
2021_04_22_MND_S5_MND,Jill Sarah MacEachern,1,1,1.0,1.0,0.0,0.9999900000999989
2021_04_22_MND_S5_MND,Jill Sean McEachern,1,1,0.0,0.0,0.0,0.0
2021_04_22_MND_S5_MND,Joel Bango Kote,1,1,0.0,0.0,0.0,0.0
2021_04_22_MND_S5_MND,Joel Bornstein,21,21,0.0,0.0,0.047619047619047616,0.0
2021_04_22_MND_S5_MND,Joel Bryan Bornstein,4,0,,,,
2021_04_22_MND_S5_MND,Joel P Fhu,3,3,0.0,0.0,0.0,0.0
2021_04_22_MND_S5_MND,Joel Pfu,1,1,0.0,0.0,0.0,0.0
2021_04_22_MND_S5_MND,Joel Weizman,4,4,0.25,0.25,0.0,0.9999600015999359
2021_04_22_MND_S5_MND,John,5,5,0.0,0.4,0.0,0.0
2021_04_22_MND_S5_MND,Kai Iwi,3,0,,,,
2021_04_22_MND_S5_MND,Kallol Mondal,1,1,0.0,1.0,0.0,0.0
2021_04_22_MND_S5_MND,LaureAnne O'Bryan,1,1,1.0,0.0,1.0,99999.99999999999
2021_04_22_MND_S5_MND,Laurel Beckett,1,1,0.0,0.0,0.0,0.0
2021_04_22_MND_S5_MND,Lauren O'Connell,1,1,0.0,0.0,0.0,0.0
2021_04_22_MND_S5_MND,Leanne Debra Opheim Stoltze,2,0,,,,
2021_04_22_MND_S5_MND,Leanne Joan Dube,5,5,0.0,0.0,0.0,0.0
2021_04_22_MND_S5_MND,Lee Berg,3,3,0.0,0.0,0.0,0.0
2021_04_22_MND_S5_MND,Liang Song,12,0,,inf,,
2021_04_22_MND_S5_MND,Michael Burton,1,1,0.0,1.0,1.0,0.0
2021_04_22_MND_S5_MND,Michael D Cullinan,1,1,0.0,0.0,0.0,0.0
2021_04_22_MND_S5_MND,Paul Hsu,1,0,,,,
2021_04_22_MND_S5_MND,Sarah MacEachern,4,1,1.0,0.0,2.0,99999.99999999999
2021_04_22_MND_S5_MND,Sarah McEachran,5,5,0.4,0.0,0.2,40000.0
2021_04_22_MND_S5_MND,Stephanie Culina,1,1,0.0,0.0,1.0,0.0
2021_04_22_MND_S5_MND,Stephanie Grainger McOgga,9,9,0.0,0.0,0.1111111111111111,0.0
2021_04_22_MND_S5_MND,Stephanie M Goggin,6,0,,,,
2021_04_22_MND_S5_MND,Stephanie Rosener,1,0,inf,,inf,
2021_04_22_MND_S5_MND,Unknown speaker,5,5,0.0,0.0,0.0,0.0
2021_04_22_MND_S5_MND,Wang Ying,1,0,,,,
2021_04_22_MND_S5_MND,Wenjing Wang,7,7,0.2857142857142857,0.0,0.2857142857142857,28571.42857142857
2021_04_22_MND_S5_MND,William Zuberbierg,5,4,0.0,0.25,0.25,0.0
2021_04_22_MND_S5_MND,William Zuckerberg,9,9,0.0,0.0,0.0,0.0
2021_04_22_MND_S5_MND,William Zuercher,3,2,0.5,0.5,0.0,0.9999800003999921
2021_04_22_MND_S5_MND,Wingjin Zhang,2,2,0.0,0.0,0.0,0.0
2021_04_22_MND_S5_MND,Zongqi Xia,2,0,,,,
2021_04_22_MND_S6_MND,Alexandra Bedford,1,0,,inf,inf,
2021_04_22_MND_S6_MND,Ali Keshavarzan,22,0,,,inf,
2021_04_22_MND_S6_MND,Ali Keshavarzian,38,21,0.047619047619047616,0.09523809523809523,0.14285714285714285,0.49994750551192124
2021_04_22_MND_S6_MND,Andrew Feig,1,0,,,,
2021_04_22_MND_S6_MND,Cesar de la Fuente,8,6,0.16666666666666666,0.0,0.16666666666666666,16666.666666666664
2021_04_22_MND_S6_MND,David Durgan,16,14,0.07142857142857142,0.0,0.14285714285714285,7142.857142857142
2021_04_22_MND_S6_MND,Linnea Freeman,11,9,0.1111111111111111,0.1111111111111111,0.6666666666666666,0.9999100080992711
2021_04_22_MND_S6_MND,Lisa Ryno,7,3,0.3333333333333333,0.3333333333333333,1.3333333333333333,0.999970000899973
2021_04_22_MND_S6_MND,Marie,5,4,0.25,0.5,0.5,0.49999000019999607
2021_04_22_MND_S6_MND,Mark Mimee,20,9,0.3333333333333333,0.2222222222222222,0.2222222222222222,1.4999325030373631
2021_04_22_MND_S6_MND,Nandita Garud,27,19,0.0,0.0,0.15789473684210525,0.0
2021_04_22_MND_S6_MND,Pamela Chang,6,3,0.0,0.3333333333333333,0.3333333333333333,0.0
2021_04_22_MND_S6_MND,Robin Voigt,10,6,0.16666666666666666,0.0,0.3333333333333333,16666.666666666664
2021_04_22_MND_S6_MND,Rosa Krajmalnik,48,23,0.13043478260869565,0.043478260869565216,0.34782608695652173,2.999310158663507
2021_04_22_MND_S6_MND,Unidentified speaker,2,2,0.0,0.0,0.0,0.0
2021_04_22_MND_S6_MND,Unknown speaker,2,2,0.0,0.0,0.0,0.0
2021_04_22_MND_S7_MND,Abhishek Shrivastava,16,15,0.0,0.0,0.13333333333333333,0.0
2021_04_22_MND_S7_MND,Andrew Feig,1,1,0.0,0.0,0.0,0.0
2021_04_22_MND_S7_MND,Elizabeth Bess,3,3,0.0,0.0,0.0,0.0
2021_04_22_MND_S7_MND,Emily Balskus,19,16,0.0625,0.0625,0.0,0.9998400255959047
2021_04_22_MND_S7_MND,Harris Wang,11,11,0.45454545454545453,0.18181818181818182,0.09090909090909091,2.4998625075620837
2021_04_22_MND_S7_MND,Lawrence David,35,32,0.03125,0.0,0.375,3124.9999999999995
2021_04_22_MND_S7_MND,Maayan Levy,26,25,0.0,0.04,0.08,0.0
2021_04_22_MND_S7_MND,Sandra Laney,2,2,0.0,0.0,0.0,0.0
2021_04_22_MND_S7_MND,Stavroula Hatzios,5,5,0.2,0.0,0.2,20000.0
2021_04_22_MND_S7_MND,Tanya Nguyen,12,12,0.08333333333333333,0.0,0.16666666666666666,8333.333333333332
2021_04_22_MND_S7_MND,Timothy Sampson,10,10,0.1,0.0,0.1,10000.0
2021_04_22_MND_S7_MND,Yang,9,9,0.2222222222222222,0.3333333333333333,0.1111111111111111,0.6666466672666487
2021_04_22_MND_S8_MND,Carolina Tropini,3,3,0.0,0.0,0.0,0.0
2021_04_22_MND_S8_MND,George Weinstock,4,4,0.0,0.0,0.0,0.0
2021_04_22_MND_S8_MND,Heather Bean,6,6,0.0,0.0,0.16666666666666666,0.0
2021_04_22_MND_S8_MND,Irene Yang,2,2,0.0,0.0,0.0,0.0
2021_04_22_MND_S8_MND,Kaixiong Ye,9,9,0.0,0.0,0.1111111111111111,0.0
2021_04_22_MND_S8_MND,Noah Palm,6,6,0.0,0.0,0.0,0.0
2021_04_22_MND_S8_MND,Thomas Mansell,1,1,0.0,1.0,1.0,0.0
2021_04_23_MND_S10_MND,Elizabeth Bess,25,8,0.0,0.0,0.75,0.0
2021_04_23_MND_S10_MND,Emily Balakus,1,0,,,,
2021_04_23_MND_S10_MND,Emily Baleikus,5,5,0.0,0.0,0.2,0.0
2021_04_23_MND_S10_MND,Emily Balskus,9,8,0.0,0.0,0.125,0.0
2021_04_23_MND_S10_MND,Jae,1,1,0.0,0.0,1.0,0.0
2021_04_23_MND_S10_MND,Jae Seungh,6,5,0.0,0.2,0.0,0.0
2021_04_23_MND_S10_MND,Jaeyun Sung,15,4,0.0,0.25,0.5,0.0
2021_04_23_MND_S10_MND,Linnea Freeman,4,2,0.0,0.5,0.5,0.0
2021_04_23_MND_S10_MND,Lisa Osborne,16,7,0.14285714285714285,0.0,0.5714285714285714,14285.714285714284
2021_04_23_MND_S10_MND,Mark Mimee,27,11,0.18181818181818182,0.09090909090909091,0.18181818181818182,1.9997800241973385
2021_04_23_MND_S10_MND,Pamela Chang,8,7,0.14285714285714285,0.14285714285714285,0.2857142857142857,0.999930004899657
2021_04_23_MND_S10_MND,Rosa Krajmalnik,39,21,0.0,0.0,0.19047619047619047,0.0
2021_04_23_MND_S10_MND,Sarah MacEachern,2,0,,,inf,
2021_04_23_MND_S10_MND,Thomas Mansell,40,16,0.125,0.1875,0.25,0.6666311130073063
2021_04_23_MND_S10_MND,Unidentified Speaker,2,2,0.0,0.0,0.0,0.0
2021_04_23_MND_S10_MND,Will Ludington,18,15,0.06666666666666667,0.0,0.13333333333333333,6666.666666666666
2021_04_23_MND_S11_MND,Ashley Ross,5,2,0.0,0.5,1.0,0.0
2021_04_23_MND_S11_MND,Camille Nebeker,5,4,0.0,0.0,0.0,0.0
2021_04_23_MND_S11_MND,Elaine Hsiao,14,6,0.5,0.3333333333333333,0.0,1.4999550013499596
2021_04_23_MND_S11_MND,Kai Zhang,42,26,0.11538461538461539,0.07692307692307693,0.15384615384615385,1.499805025346705
2021_04_23_MND_S11_MND,Marie,14,8,0.0,0.0,0.25,0.0
2021_04_23_MND_S11_MND,Melanie Gareau,4,4,0.0,0.25,0.0,0.0
2021_04_23_MND_S11_MND,Melanie Gareau UC Davis,25,20,0.0,0.05,0.0,0.0
2021_04_23_MND_S11_MND,Sarkis Mazmanian,87,43,0.023255813953488372,0.11627906976744186,0.23255813953488372,0.1999828014790728
2021_04_23_MND_S11_MND,Tanya Nguyen,18,8,0.125,0.125,0.625,0.999920006399488
2021_04_23_MND_S12_MND,Andrew Feig,3,3,0.0,0.0,0.0,0.0
2021_04_23_MND_S12_MND,Courtney Robinson,3,1,1.0,1.0,1.0,0.9999900000999989
2021_04_23_MND_S12_MND,David Durgan,10,4,0.0,0.25,0.5,0.0
2021_04_23_MND_S12_MND,Erin Longbrake,14,14,0.0,0.0,0.14285714285714285,0.0
2021_04_23_MND_S12_MND,JP Yu,28,22,0.0,0.0,0.3181818181818182,0.0
2021_04_23_MND_S12_MND,Judith Eisen,41,29,0.06896551724137931,0.06896551724137931,0.2413793103448276,0.9998550210219519
2021_04_23_MND_S12_MND,Maayan Levy,19,11,0.09090909090909091,0.09090909090909091,0.2727272727272727,0.9998900120986692
2021_04_23_MND_S12_MND,Mei Shen,25,15,0.13333333333333333,0.2,0.3333333333333333,0.6666333349999166
2021_04_23_MND_S12_MND,Noah Palm,36,17,0.0,0.058823529411764705,0.23529411764705882,0.0
2021_04_23_MND_S12_MND,Robin Voigt,11,6,0.0,0.0,0.16666666666666666,0.0
2021_04_23_MND_S12_MND,Sandra Laney,3,3,0.0,0.0,0.3333333333333333,0.0
2021_04_23_MND_S13_MND,Alexandra Basford,1,1,0.0,0.0,1.0,0.0
2021_04_23_MND_S13_MND,Elizabeth Bess,29,29,0.0,0.034482758620689655,0.27586206896551724,0.0
2021_04_23_MND_S13_MND,Emily Balskus,8,8,0.0,0.0,0.0,0.0
2021_04_23_MND_S13_MND,Jaeyun Sung,21,21,0.047619047619047616,0.047619047619047616,0.19047619047619047,0.9997900440907409
2021_04_23_MND_S13_MND,Linnea Freeman,3,3,0.0,0.3333333333333333,0.3333333333333333,0.0
2021_04_23_MND_S13_MND,Lisa Osborne,23,23,0.0,0.043478260869565216,0.21739130434782608,0.0
2021_04_23_MND_S13_MND,Mark Mimee,18,18,0.05555555555555555,0.05555555555555555,0.1111111111111111,0.999820032394169
2021_04_23_MND_S13_MND,Pamela Chang,5,5,0.0,0.0,0.2,0.0
2021_04_23_MND_S13_MND,Richard Wiener,1,1,0.0,0.0,1.0,0.0
2021_04_23_MND_S13_MND,Rosa Krajmalnik,44,40,0.025,0.05,0.025,0.49990001999600076
2021_04_23_MND_S13_MND,Sarah MacEachern,6,5,0.0,0.0,0.4,0.0
2021_04_23_MND_S13_MND,Silvia Ronco,4,4,0.0,0.0,0.25,0.0
2021_04_23_MND_S13_MND,Thomas Mansell,32,29,0.0,0.0,0.13793103448275862,0.0
2021_04_23_MND_S13_MND,Will Ludington,13,13,0.07692307692307693,0.0,0.07692307692307693,7692.307692307692
2021_04_23_MND_S14_MND,Ashley Harris,4,0,,inf,inf,
2021_04_23_MND_S14_MND,Ashley Marie Gorey,3,3,0.0,0.0,0.0,0.0
2021_04_23_MND_S14_MND,Camille Carole Habousha,4,4,0.0,0.25,0.0,0.0
2021_04_23_MND_S14_MND,Carol F Huseboe,1,1,0.0,0.0,0.0,0.0
2021_04_23_MND_S14_MND,Elizabeth Bess,1,1,0.0,0.0,0.0,0.0
2021_04_23_MND_S14_MND,Helene Gerasimo,6,6,0.0,0.0,0.0,0.0
2021_04_23_MND_S14_MND,Jarrad Horowitz,13,13,0.0,0.0,0.07692307692307693,0.0
2021_04_23_MND_S14_MND,Jeff Bleich,5,5,0.0,0.0,0.2,0.0
2021_04_23_MND_S14_MND,Jeff Brian Harman,15,14,0.0,0.0,0.21428571428571427,0.0
2021_04_23_MND_S14_MND,Jeff Brian Marcum,16,16,0.125,0.0625,0.125,1.9996800511918094
2021_04_23_MND_S14_MND,Jeff Brian Norman,17,16,0.0,0.0,0.125,0.0
2021_04_23_MND_S14_MND,Jeff Brian Thurman,16,15,0.06666666666666667,0.0,0.2,6666.666666666666
2021_04_23_MND_S14_MND,Jeff Errington,5,0,,,inf,
2021_04_23_MND_S14_MND,Jeff Miller,15,15,0.0,0.0,0.06666666666666667,0.0
2021_04_23_MND_S14_MND,Jell Barone,2,2,0.0,0.0,0.5,0.0
2021_04_23_MND_S14_MND,Juli Barre,6,6,0.0,0.16666666666666666,0.16666666666666666,0.0
2021_04_23_MND_S14_MND,Kai Zhang,19,14,0.0,0.14285714285714285,0.2857142857142857,0.0
2021_04_23_MND_S14_MND,Maria Garami,1,1,0.0,0.0,0.0,0.0
2021_04_23_MND_S14_MND,Marie Claire,1,0,inf,,,
2021_04_23_MND_S14_MND,Marie-Claire Arrieta,1,0,inf,,inf,
2021_04_23_MND_S14_MND,Melanie Garami,11,11,0.0,0.0,0.0,0.0
2021_04_23_MND_S14_MND,Melanie Garces,2,2,0.0,0.0,0.0,0.0
2021_04_23_MND_S14_MND,Richard Morimoto,1,1,0.0,0.0,0.0,0.0
2021_04_23_MND_S14_MND,Tanya Nguyen,11,11,0.09090909090909091,0.0,0.2727272727272727,9090.90909090909
2021_04_23_MND_S14_MND,Xin Zhang,4,4,0.0,0.0,0.0,0.0
2021_04_23_MND_S14_MND,Xu Zhang,7,7,0.0,0.14285714285714285,0.0,0.0
2021_04_23_MND_S14_MND,Xun Wang,5,5,0.0,0.2,0.2,0.0
2021_04_23_MND_S14_MND,Xun Zhang,12,12,0.16666666666666666,0.0,0.0,16666.666666666664
2021_04_23_MND_S15_MND,Abhishek Shrivastava,8,6,0.16666666666666666,0.16666666666666666,0.0,0.999940003599784
2021_04_23_MND_S15_MND,Abhishek Shrivastava ASU,13,0,inf,inf,inf,
2021_04_23_MND_S15_MND,Aida Ebrahimi,27,20,0.05,0.15,0.25,0.33331111259249385
2021_04_23_MND_S15_MND,Aisla Ibrahimi,1,1,0.0,0.0,1.0,0.0
2021_04_23_MND_S15_MND,Ali Keshavarzian,40,17,0.0,0.058823529411764705,0.058823529411764705,0.0
2021_04_23_MND_S15_MND,Ali Keshavarziian,13,0,,inf,,
2021_04_23_MND_S15_MND,Andrew Ferg,1,1,0.0,1.0,1.0,0.0
2021_04_23_MND_S15_MND,Carolina Tropini,18,8,0.0,0.0,0.125,0.0
2021_04_23_MND_S15_MND,Chris Whidbey,3,3,0.0,0.3333333333333333,0.3333333333333333,0.0
2021_04_23_MND_S15_MND,Chris Whitbey,8,5,0.0,0.0,0.2,0.0
2021_04_23_MND_S15_MND,Chris Whtibey,2,0,inf,,inf,
2021_04_23_MND_S15_MND,Lisa Ryne,5,0,inf,,inf,
2021_04_23_MND_S15_MND,Lisa Ryno,1,0,,,,
2021_04_23_MND_S15_MND,Silvia Ronco,12,12,0.0,0.08333333333333333,0.16666666666666666,0.0
2021_04_23_MND_S15_MND,Silvia Ronco RC4SA,4,0,,,,
2021_04_23_MND_S15_MND,Stavroula Hatzios,18,11,0.09090909090909091,0.09090909090909091,0.0,0.9998900120986692
2021_04_23_MND_S15_MND,Wenjing Wang,25,17,0.0,0.058823529411764705,0.17647058823529413,0.0
2021_04_23_MND_S15_MND,Xin Qi,7,0,,,inf,
2021_04_23_MND_S15_MND,Ying,7,4,0.0,0.0,0.0,0.0
2021_04_23_MND_S16_MND,Anne Hultgren,1,1,0.0,0.0,1.0,0.0
2021_04_23_MND_S16_MND,Barbara Bendlin,21,21,0.047619047619047616,0.0,0.0,4761.9047619047615
2021_04_23_MND_S16_MND,Bishakha Mona,2,2,0.0,0.0,0.5,0.0
2021_04_23_MND_S16_MND,George Weinstock,1,1,0.0,0.0,1.0,0.0
2021_04_23_MND_S16_MND,Heather Bean,3,3,0.0,0.0,1.0,0.0
2021_04_23_MND_S16_MND,Irene Yang,3,3,0.0,0.0,0.3333333333333333,0.0
2021_04_23_MND_S16_MND,Kaixiong Ye,4,4,0.0,0.25,0.25,0.0
2021_04_23_MND_S16_MND,Nandita Garud,3,3,0.0,0.0,0.3333333333333333,0.0
2021_04_23_MND_S16_MND,Stephanie Cologna,2,2,0.0,0.5,0.5,0.0
2021_04_23_MND_S16_MND,Unknown speaker,2,2,0.0,0.0,0.0,0.0
2021_04_23_MND_S16_MND,Yang,3,3,0.0,0.0,0.6666666666666666,0.0
2021_04_23_MND_S16_MND,Yanjiao Zhou,3,3,0.0,0.3333333333333333,0.3333333333333333,0.0
2021_04_23_MND_S16_MND,Zongqi Xia,4,4,0.0,0.0,0.5,0.0
2021_04_23_MND_S1_MND,Camille Nebeker,4,4,0.0,0.0,0.5,0.0
2021_04_23_MND_S1_MND,Chris Whidbey,2,2,0.0,0.0,0.5,0.0
2021_04_23_MND_S1_MND,Emily Balskus,11,11,0.0,0.0,0.0,0.0
2021_04_23_MND_S1_MND,Faranak Fattahi,24,22,0.045454545454545456,0.0,0.0,4545.454545454545
2021_04_23_MND_S1_MND,George Weinstock,4,5,0.0,0.0,0.2,0.0
2021_04_23_MND_S1_MND,Jaeyun Sung,22,20,0.0,0.0,0.2,0.0
2021_04_23_MND_S1_MND,Kaixiong Ye,9,9,0.0,0.0,0.3333333333333333,0.0
2021_04_23_MND_S1_MND,Lisa Ryno,1,1,0.0,0.0,1.0,0.0
2021_04_23_MND_S1_MND,Robin Michelle,3,3,0.0,0.0,0.0,0.0
2021_04_23_MND_S1_MND,Robin Michelle Voigt,19,19,0.0,0.0,0.0,0.0
2021_04_23_MND_S1_MND,Tanya Nguyen,3,2,0.0,0.0,0.0,0.0
2021_04_23_MND_S1_MND,Thomas Mansell,23,15,0.0,0.0,0.26666666666666666,0.0
2021_04_23_MND_S2_MND,Amina Schartup,6,5,0.2,0.4,0.6,0.4999875003124922
2021_04_23_MND_S2_MND,Barbara Bendlin,43,18,0.0,0.0,0.1111111111111111,0.0
2021_04_23_MND_S2_MND,Cesar de la Fuente,11,4,0.25,0.25,0.75,0.9999600015999359
2021_04_23_MND_S2_MND,Cesar de la Fuente Ure√±a,7,7,0.0,0.0,0.0,0.0
2021_04_23_MND_S2_MND,Elizabeth Bess,54,7,0.0,0.14285714285714285,0.2857142857142857,0.0
2021_04_23_MND_S2_MND,Erin Longbrake,4,2,0.0,0.5,1.0,0.0
2021_04_23_MND_S2_MND,Kai Zhang,22,17,0.058823529411764705,0.058823529411764705,0.17647058823529413,0.9998300288950878
2021_04_23_MND_S2_MND,Mei Shen,43,40,0.025,0.05,0.075,0.49990001999600076
2021_04_23_MND_S2_MND,Richard Wiener,4,0,,,,
2021_04_23_MND_S2_MND,Sarah MacEachern,2,2,0.0,0.0,0.0,0.0
2021_04_23_MND_S2_MND,Sarah Mackachern,1,0,,inf,inf,
2021_04_23_MND_S2_MND,Sarah Mckachern,1,1,1.0,1.0,1.0,0.9999900000999989
2021_04_23_MND_S2_MND,Shawroulla Hatoum,2,2,0.0,0.0,0.0,0.0
2021_04_23_MND_S2_MND,Sheryl Hozier,1,1,0.0,0.0,0.0,0.0
2021_04_23_MND_S2_MND,Stavroula Hatzios,3,2,0.0,0.5,1.0,0.0
2021_04_23_MND_S2_MND,Stephanie Cologna,14,12,0.0,0.0,0.08333333333333333,0.0
2021_04_23_MND_S3_MND,Elaine Hsiao,6,4,0.0,0.25,0.5,0.0
2021_04_23_MND_S3_MND,Irene Yang,7,6,0.3333333333333333,0.16666666666666666,0.16666666666666666,1.999880007199568
2021_04_23_MND_S3_MND,JP Yu,15,9,0.1111111111111111,0.1111111111111111,0.1111111111111111,0.9999100080992711
2021_04_23_MND_S3_MND,Judith Eisen,9,5,0.2,0.2,0.4,0.999950002499875
2021_04_23_MND_S3_MND,Maayan Levy,11,11,0.09090909090909091,0.09090909090909091,0.09090909090909091,0.9998900120986692
2021_04_23_MND_S3_MND,Michael Burton,21,16,0.25,0.0625,0.375,3.9993601023836187
2021_04_23_MND_S3_MND,Pamela Chang,1,1,0.0,1.0,1.0,0.0
2021_04_23_MND_S3_MND,Richard Wiener,4,4,0.0,0.0,0.0,0.0
2021_04_23_MND_S3_MND,Robert Bryan Jr,31,15,0.06666666666666667,0.0,0.3333333333333333,6666.666666666666
2021_04_23_MND_S3_MND,Silvia Ronco,3,3,0.0,0.0,0.0,0.0
2021_04_23_MND_S3_MND,Timothy Sampson,16,10,0.0,0.1,0.1,0.0
2021_04_23_MND_S3_MND,Xin Qi,5,1,1.0,1.0,1.0,0.9999900000999989
2021_04_23_MND_S3_MND,Yanjiao Zhou,5,5,0.2,0.2,0.2,0.999950002499875
2021_04_23_MND_S4_MND,Ashley Ross,3,0,,,inf,
2021_04_23_MND_S4_MND,Leah Pyter,1,1,0.0,0.0,0.0,0.0
2021_04_23_MND_S4_MND,Leah Pyter OSU,10,0,,,inf,
2021_04_23_MND_S4_MND,Linnea Freeman,12,3,0.0,0.0,0.3333333333333333,0.0
2021_04_23_MND_S4_MND,Melanie Gareau,1,1,0.0,0.0,0.0,0.0
2021_04_23_MND_S4_MND,Noah Palm,8,3,0.3333333333333333,0.3333333333333333,0.0,0.999970000899973
2021_04_23_MND_S4_MND,Sarkis Mazmanian,22,5,0.4,0.2,0.4,1.99990000499975
2021_04_23_MND_S5_MND,Amina Schartup,5,4,0.25,0.75,0.5,0.3333288889481474
2021_04_23_MND_S5_MND,Andrew Feig,7,0,,,,
2021_04_23_MND_S5_MND,Barbara Bendlin,30,24,0.0,0.0,0.125,0.0
2021_04_23_MND_S5_MND,Cesar de la Fuente,10,10,0.1,0.1,0.3,0.9999000099990001
2021_04_23_MND_S5_MND,Cesar de la Fuente U Penn,4,4,0.0,0.0,0.0,0.0
2021_04_23_MND_S5_MND,Elizabeth Bess,12,12,0.08333333333333333,0.08333333333333333,0.3333333333333333,0.9998800143982722
2021_04_23_MND_S5_MND,Erin Longbrake,6,6,0.0,0.16666666666666666,0.16666666666666666,0.0
2021_04_23_MND_S5_MND,Kai Zhang,23,20,0.1,0.0,0.1,10000.0
2021_04_23_MND_S5_MND,Mei Shen,29,19,0.10526315789473684,0.10526315789473684,0.10526315789473684,0.9999050090241427
2021_04_23_MND_S5_MND,Richard Wiener,1,1,0.0,0.0,0.0,0.0
2021_04_23_MND_S5_MND,Sarah MacEachern,13,9,0.1111111111111111,0.2222222222222222,0.3333333333333333,0.4999775010124544
2021_04_23_MND_S5_MND,Silvia Ronco,7,0,,,,
2021_04_23_MND_S5_MND,Stavroula Hatzios,8,7,0.0,0.0,0.2857142857142857,0.0
2021_04_23_MND_S5_MND,Stephanie Cologna,21,17,0.0,0.0,0.11764705882352941,0.0
2021_04_23_MND_S6_MND,Abigail Levy,1,1,0.0,1.0,1.0,0.0
2021_04_23_MND_S6_MND,Andrew,1,0,,inf,,
2021_04_23_MND_S6_MND,Andrew Walker R,9,9,0.0,0.0,0.2222222222222222,0.0
2021_04_23_MND_S6_MND,Elaine Hsiao,4,3,0.0,0.0,0.3333333333333333,0.0
2021_04_23_MND_S6_MND,Haike Qi,1,1,0.0,0.0,0.0,0.0
2021_04_23_MND_S6_MND,Irene Yang,13,13,0.0,0.15384615384615385,0.15384615384615385,0.0
2021_04_23_MND_S6_MND,JP Bryson,4,4,0.0,0.25,0.0,0.0
2021_04_23_MND_S6_MND,JP Yu,5,3,0.3333333333333333,0.0,0.0,33333.33333333333
2021_04_23_MND_S6_MND,Jeff Stine,3,3,0.0,0.0,0.6666666666666666,0.0
2021_04_23_MND_S6_MND,Jeff Thomas,13,0,,,inf,
2021_04_23_MND_S6_MND,Jeff Thompson,10,10,0.0,0.0,0.2,0.0
2021_04_23_MND_S6_MND,Jia Li,7,7,0.0,0.0,0.0,0.0
2021_04_23_MND_S6_MND,Jinha Choi,2,2,0.5,0.5,1.0,0.9999800003999921
2021_04_23_MND_S6_MND,Laura Eisen,6,3,0.0,0.0,0.0,0.0
2021_04_23_MND_S6_MND,Laura Elias,9,9,0.0,0.0,0.0,0.0
2021_04_23_MND_S6_MND,Laura Ellen Eisen,2,2,0.0,0.5,0.5,0.0
2021_04_23_MND_S6_MND,Leslie Eisen,12,12,0.0,0.0,0.08333333333333333,0.0
2021_04_23_MND_S6_MND,Mayana Keynan,1,0,,,,
2021_04_23_MND_S6_MND,Michael Burton,21,21,0.0,0.0,0.14285714285714285,0.0
2021_04_23_MND_S6_MND,Michael Coleman,13,12,0.08333333333333333,0.0,0.0,8333.333333333332
2021_04_23_MND_S6_MND,Michael D Coleman,4,4,0.0,0.0,0.25,0.0
2021_04_23_MND_S6_MND,Michael O'Bananu Coleman,14,14,0.21428571428571427,0.21428571428571427,0.07142857142857142,0.9999533355110094
2021_04_23_MND_S6_MND,Pamela Chang,6,1,0.0,1.0,2.0,0.0
2021_04_23_MND_S6_MND,Raffi Maya Levi,12,11,0.0,0.0,0.0,0.0
2021_04_23_MND_S6_MND,Robert Bryan,11,11,0.0,0.0,0.09090909090909091,0.0
2021_04_23_MND_S6_MND,Robert Bryan Jr,12,12,0.08333333333333333,0.0,0.25,8333.333333333332
2021_04_23_MND_S6_MND,Robert Bryant Jr,8,8,0.0,0.0,0.125,0.0
2021_04_23_MND_S6_MND,Robert Frymier Jr,2,0,,inf,inf,
2021_04_23_MND_S6_MND,Robert Isaacson Jr,2,2,0.0,0.0,0.0,0.0
2021_04_23_MND_S6_MND,Silvia Rossbach,17,0,,,,
2021_04_23_MND_S6_MND,Tanisia Chung,3,3,0.0,0.0,0.0,0.0
2021_04_23_MND_S6_MND,Timothy Sampson,10,10,0.0,0.2,0.2,0.0
2021_04_23_MND_S6_MND,Unknown speaker,3,3,0.0,0.0,0.0,0.0
2021_04_23_MND_S6_MND,Wendy Bahr,8,8,0.125,0.0,0.0,12499.999999999998
2021_04_23_MND_S6_MND,Will Thompson,2,0,,,,
2021_04_23_MND_S6_MND,Xiao,4,4,0.0,0.0,0.0,0.0
2021_04_23_MND_S6_MND,Yael Kiselman,4,4,0.0,0.0,0.0,0.0
2021_04_23_MND_S7_MND,Abhishek Shrivastava,33,31,0.06451612903225806,0.06451612903225806,0.12903225806451613,0.9998450240212767
2021_04_23_MND_S7_MND,Ali Keshavarazian,15,11,0.0,0.0,0.09090909090909091,0.0
2021_04_23_MND_S7_MND,Ali Keshavarzian,39,36,0.027777777777777776,0.05555555555555555,0.1388888888888889,0.4999100161970845
2021_04_23_MND_S7_MND,Harris Wang,5,5,0.2,0.2,0.4,0.999950002499875
2021_04_23_MND_S7_MND,Heather Bean,11,11,0.0,0.0,0.18181818181818182,0.0
2021_04_23_MND_S7_MND,Marie,41,38,0.10526315789473684,0.07894736842105263,0.13157894736842105,1.3331644658343278
2021_04_23_MND_S7_MND,Mark Mimee,11,11,0.09090909090909091,0.09090909090909091,0.09090909090909091,0.9998900120986692
2021_04_23_MND_S7_MND,Shikha Nangia,18,17,0.058823529411764705,0.35294117647058826,0.29411764705882354,0.16666194457823694
2021_04_23_MND_S7_MND,Wenjing Wang,6,6,0.16666666666666666,0.0,0.5,16666.666666666664
2021_04_23_MND_S7_MND,Wesling Meng,1,1,0.0,0.0,0.0,0.0
2021_04_23_MND_S7_MND,Will Ludington,22,22,0.13636363636363635,0.045454545454545456,0.09090909090909091,2.9993401451680626
2021_04_23_MND_S8_MND,Aida Ebrahimi,10,8,0.125,0.25,0.375,0.49998000079996796
2021_04_23_MND_S8_MND,Carolina Tropini,21,18,0.1111111111111111,0.1111111111111111,0.16666666666666666,0.9999100080992711
2021_04_23_MND_S8_MND,Courtney Robinson,5,1,0.0,1.0,2.0,0.0
2021_04_23_MND_S8_MND,Daren Ginete,2,1,1.0,0.0,1.0,99999.99999999999
2021_04_23_MND_S8_MND,Lawrence David,10,8,0.0,0.25,0.375,0.0
2021_04_23_MND_S8_MND,Lisa Osborne,15,12,0.0,0.25,0.25,0.0
2021_04_23_MND_S8_MND,Nandita Garud,8,7,0.14285714285714285,0.42857142857142855,0.2857142857142857,0.3333255557370328
2021_04_23_MND_S8_MND,Rosa Krajmalnik,56,38,0.05263157894736842,0.07894736842105263,0.3157894736842105,0.6665822329171639
2021_04_23_MND_S8_MND,Yang,9,4,1.0,0.75,0.25,1.3333155557925895
2021_04_23_MND_S9_MND,Cesar de la Fuente UPenn,1,1,0.0,0.0,0.0,0.0
2021_04_23_MND_S9_MND,Daren Ginete,1,1,0.0,0.0,1.0,0.0
2021_04_23_MND_S9_MND,Faranak Fattahi,2,2,0.0,0.5,0.5,0.0
2021_04_23_MND_S9_MND,Flavio Frohlich,1,1,0.0,0.0,1.0,0.0
2021_04_23_MND_S9_MND,Harris Wang,2,2,0.0,0.0,1.0,0.0
2021_04_23_MND_S9_MND,Lawrence David,4,4,0.0,0.0,0.25,0.0
2021_04_23_MND_S9_MND,Leah Pyter OSU,1,1,0.0,1.0,1.0,0.0
2021_04_23_MND_S9_MND,Michael Burton,2,2,0.0,0.0,0.5,0.0
2021_04_23_MND_S9_MND,Robert Bryan Jr,12,12,0.08333333333333333,0.08333333333333333,0.16666666666666666,0.9998800143982722
2021_04_23_MND_S9_MND,Shikha Nangia,4,3,0.0,0.3333333333333333,0.6666666666666666,0.0
2021_04_23_MND_S9_MND,Timothy Sampson,7,7,0.0,0.0,0.5714285714285714,0.0
2021_05_20_ABI_S1_ABI,Anna-Karin Gustavsson,5,5,0.0,0.0,0.0,0.0
2021_05_20_ABI_S1_ABI,Domenico (Nick) Galati,7,7,0.14285714285714285,0.0,0.14285714285714285,14285.714285714284
2021_05_20_ABI_S1_ABI,Ellen Sletten,16,17,0.11764705882352941,0.0,0.058823529411764705,11764.70588235294
2021_05_20_ABI_S1_ABI,Jin Zhang,35,34,0.0,0.0,0.029411764705882353,0.0
2021_05_20_ABI_S1_ABI,Katharine White,7,7,0.14285714285714285,0.0,0.0,14285.714285714284
2021_05_20_ABI_S1_ABI,Melike Lakadamyali,12,11,0.0,0.0,0.36363636363636365,0.0
2021_05_20_ABI_S1_ABI,Morteza Mahmoudi,2,2,0.0,0.0,0.0,0.0
2021_05_20_ABI_S1_ABI,Samuel Achilefu,6,6,0.16666666666666666,0.0,0.5,16666.666666666664
2021_05_20_ABI_S1_ABI,Seu Sim,4,3,0.3333333333333333,0.3333333333333333,0.3333333333333333,0.999970000899973
2021_05_20_ABI_S1_ABI,Srigokul Upadhyayula,19,19,0.05263157894736842,0.05263157894736842,0.15789473684210525,0.9998100360931422
2021_05_20_ABI_S1_ABI,Yevgenia Kozorovitskiy,6,5,0.4,0.2,0.0,1.99990000499975
2021_05_20_ABI_S2_ABI,Allison Dennis,9,9,0.1111111111111111,0.2222222222222222,0.2222222222222222,0.4999775010124544
2021_05_20_ABI_S2_ABI,Arnold Hayer,7,7,0.0,0.14285714285714285,0.14285714285714285,0.0
2021_05_20_ABI_S2_ABI,Brad Smith,42,27,0.0,0.0,0.07407407407407407,0.0
2021_05_20_ABI_S2_ABI,Brian Pogue,39,36,0.0,0.05555555555555555,0.0,0.0
2021_05_20_ABI_S2_ABI,Crystal Rogers,7,7,0.0,0.0,0.2857142857142857,0.0
2021_05_20_ABI_S2_ABI,Crystal Rogers- UC Davis,1,1,0.0,0.0,0.0,0.0
2021_05_20_ABI_S2_ABI,Fanny Chapelin,11,11,0.0,0.0,0.0,0.0
2021_05_20_ABI_S2_ABI,Ferdinand Schweser,9,9,0.0,0.2222222222222222,0.2222222222222222,0.0
2021_05_20_ABI_S2_ABI,Mark Sellmyer,38,36,0.027777777777777776,0.027777777777777776,0.027777777777777776,0.9996401295533608
2021_05_20_ABI_S2_ABI,Mimi Sammarco,18,18,0.1111111111111111,0.05555555555555555,0.05555555555555555,1.999640064788338
2021_05_20_ABI_S2_ABI,Ping Wang,49,46,0.043478260869565216,0.021739130434782608,0.13043478260869565,1.9990804230054176
2021_05_20_ABI_S2_ABI,Shwetadwip Chowdhury,57,40,0.025,0.05,0.075,0.49990001999600076
2021_05_20_ABI_S3_ABI,Andrew Feig,3,3,0.0,0.0,0.0,0.0
2021_05_20_ABI_S3_ABI,Aseema Mohanty,9,7,0.0,0.14285714285714285,0.2857142857142857,0.0
2021_05_20_ABI_S3_ABI,Candace Fleischer,2,2,0.0,0.0,1.0,0.0
2021_05_20_ABI_S3_ABI,Dylan Burnette,21,20,0.05,0.05,0.35,0.9998000399920015
2021_05_20_ABI_S3_ABI,Joshua Brake,10,10,0.1,0.1,0.3,0.9999000099990001
2021_05_20_ABI_S3_ABI,Kristen Macland,1,1,0.0,0.0,0.0,0.0
2021_05_20_ABI_S3_ABI,Kristen Maitland,35,34,0.058823529411764705,0.058823529411764705,0.08823529411764706,0.9998300288950878
2021_05_20_ABI_S3_ABI,Kristen Marland,6,6,0.0,0.0,0.3333333333333333,0.0
2021_05_20_ABI_S3_ABI,Luke Mortensen,4,4,0.25,0.25,0.25,0.9999600015999359
2021_05_20_ABI_S3_ABI,Matt Lew,16,16,0.0625,0.125,0.125,0.499960003199744
2021_05_20_ABI_S3_ABI,Richard Weisman,2,2,0.0,0.0,0.0,0.0
2021_05_20_ABI_S3_ABI,Shiva Abbaszadeh,1,1,0.0,0.0,0.0,0.0
2021_05_20_ABI_S3_ABI,Silvia Ronco,2,2,0.0,0.0,0.0,0.0
2021_05_20_ABI_S3_ABI,Sixian You,11,11,0.2727272727272727,0.2727272727272727,0.09090909090909091,0.9999633346777285
2021_05_20_ABI_S3_ABI,Stefan Wilhelm,13,13,0.0,0.07692307692307693,0.07692307692307693,0.0
2021_05_20_ABI_S3_ABI,Unidentified speaker,4,3,0.0,0.0,0.0,0.0
2021_05_20_ABI_S3_ABI,Uzay Emir,5,5,0.2,0.2,0.4,0.999950002499875
2021_05_20_ABI_S3_ABI,Vivian Qian Lu,2,2,0.5,0.5,1.0,0.9999800003999921
2021_05_20_ABI_S3_ABI,bot1,4,4,0.0,0.0,0.0,0.0
2021_05_20_ABI_S4_ABI,Alexandra Walsh,4,4,0.0,0.0,0.5,0.0
2021_05_20_ABI_S4_ABI,Carolyn Bayer,4,4,0.0,0.25,0.5,0.0
2021_05_20_ABI_S4_ABI,Gergis Obaid,2,2,0.0,0.0,0.5,0.0
2021_05_20_ABI_S4_ABI,Girgis Obaid,6,6,0.3333333333333333,0.16666666666666666,0.3333333333333333,1.999880007199568
2021_05_20_ABI_S4_ABI,Jim Mitchell,3,3,0.0,0.0,0.3333333333333333,0.0
2021_05_20_ABI_S4_ABI,Katy Keenan,9,9,0.1111111111111111,0.0,0.2222222222222222,11111.11111111111
2021_05_20_ABI_S4_ABI,Lu Wei,3,3,0.0,0.6666666666666666,0.6666666666666666,0.0
2021_05_20_ABI_S4_ABI,Maryellen Giger,112,97,0.020618556701030927,0.07216494845360824,0.15463917525773196,0.2856746993630883
2021_05_20_ABI_S4_ABI,Maryellen Giger UChicago,14,13,0.0,0.15384615384615385,0.07692307692307693,0.0
2021_05_20_ABI_S4_ABI,Paris Perdikaris,7,7,0.2857142857142857,0.0,0.42857142857142855,28571.42857142857
2021_05_20_ABI_S4_ABI,Richard Wiener,2,2,0.0,0.0,0.0,0.0
2021_05_20_ABI_S4_ABI,Sandra Laney,2,2,0.0,0.0,0.5,0.0
2021_05_20_ABI_S4_ABI,Shannon Quinn,27,27,0.037037037037037035,0.0,0.25925925925925924,3703.703703703703
2021_05_20_ABI_S4_ABI,Shiva Abbaszadeh,9,8,0.125,0.0,0.5,12499.999999999998
2021_05_20_ABI_S4_ABI,Ulugbek Kamilov,24,23,0.13043478260869565,0.13043478260869565,0.13043478260869565,0.9999233392106605
2021_05_20_ABI_S5_ABI,Aniruddha Ray,3,3,0.0,0.0,0.0,0.0
2021_05_20_ABI_S5_ABI,Aniruddha Ray _ Utoledo,1,1,0.0,1.0,1.0,0.0
2021_05_20_ABI_S5_ABI,Ed McCleskey,9,9,0.0,0.0,0.1111111111111111,0.0
2021_05_20_ABI_S5_ABI,Ed McCleskey CZI,7,7,0.0,0.0,0.0,0.0
2021_05_20_ABI_S5_ABI,Joyoni Dey,41,39,0.02564102564102564,0.05128205128205128,0.07692307692307693,0.49990251900879323
2021_05_20_ABI_S5_ABI,Kevin Cash,8,8,0.0,0.125,0.125,0.0
2021_05_20_ABI_S5_ABI,Larry Cheng,1,1,1.0,1.0,0.0,0.9999900000999989
2021_05_20_ABI_S5_ABI,Lingyan Shi,39,37,0.05405405405405406,0.10810810810810811,0.02702702702702703,0.4999537542777293
2021_05_20_ABI_S5_ABI,Lisa Poulikakos,8,8,0.125,0.0,0.25,12499.999999999998
2021_05_20_ABI_S5_ABI,Mini Das,40,40,0.05,0.025,0.1,1.9992003198720512
2021_05_20_ABI_S5_ABI,Sapun Parekh,32,32,0.0,0.03125,0.0625,0.0
2021_05_20_ABI_S5_ABI,Silvia Ronco,10,10,0.0,0.0,0.0,0.0
2021_05_20_ABI_S5_ABI,Wei Min,36,35,0.0,0.0,0.02857142857142857,0.0
2021_05_20_ABI_S6_ABI,Alexandra Dickinson,16,15,0.2,0.2,0.2,0.999950002499875
2021_05_20_ABI_S6_ABI,Anna Moore,10,9,0.1111111111111111,0.1111111111111111,0.5555555555555556,0.9999100080992711
2021_05_20_ABI_S6_ABI,Barbara Smith,4,4,0.25,0.25,0.0,0.9999600015999359
2021_05_20_ABI_S6_ABI,Benjamin Bartelle,38,34,0.029411764705882353,0.08823529411764706,0.2647058823529412,0.33329555983655185
2021_05_20_ABI_S6_ABI,Bryan Spring,4,4,0.0,0.25,0.5,0.0
2021_05_20_ABI_S6_ABI,Cori Bargmann,3,3,0.0,0.0,0.0,0.0
2021_05_20_ABI_S6_ABI,David Van Valen,38,34,0.029411764705882353,0.029411764705882353,0.14705882352941177,0.9996601155607093
2021_05_20_ABI_S6_ABI,Douglas Shepherd,20,18,0.05555555555555555,0.05555555555555555,0.1111111111111111,0.999820032394169
2021_05_20_ABI_S6_ABI,Dylan McCreedy,1,1,0.0,0.0,1.0,0.0
2021_05_20_ABI_S6_ABI,Matt Bogyo,19,19,0.0,0.0,0.0,0.0
2021_05_20_ABI_S6_ABI,Matt Bozio,8,8,0.0,0.125,0.0,0.0
2021_05_20_ABI_S6_ABI,Matt Boziyo,3,3,0.0,0.0,0.0,0.0
2021_05_20_ABI_S6_ABI,Matt Bozyko,16,15,0.0,0.0,0.06666666666666667,0.0
2021_05_20_ABI_S6_ABI,Matt Bozyo,6,6,0.16666666666666666,0.0,0.0,16666.666666666664
2021_05_20_ABI_S6_ABI,Matt Lovett-Barron,36,12,0.0,0.0,0.08333333333333333,0.0
2021_05_20_ABI_S6_ABI,Molly Bright,8,8,0.25,0.0,0.375,24999.999999999996
2021_05_20_ABI_S7_ABI,Andrew Feig,3,3,0.0,0.0,0.0,0.0
2021_05_20_ABI_S7_ABI,Aseema Mohanty,10,10,0.0,0.1,0.3,0.0
2021_05_20_ABI_S7_ABI,Candace Fleischer,2,2,0.0,0.5,0.5,0.0
2021_05_20_ABI_S7_ABI,Dylan Burnette,34,33,0.030303030303030304,0.030303030303030304,0.30303030303030304,0.9996701088640748
2021_05_20_ABI_S7_ABI,Joshua Brake,13,13,0.15384615384615385,0.0,0.15384615384615385,15384.615384615385
2021_05_20_ABI_S7_ABI,Kristen Maitland,53,50,0.02,0.06,0.1,0.3332777870354941
2021_05_20_ABI_S7_ABI,Luke Mortensen,17,17,0.0,0.0,0.23529411764705882,0.0
2021_05_20_ABI_S7_ABI,Matt Lew,18,17,0.058823529411764705,0.0,0.058823529411764705,5882.35294117647
2021_05_20_ABI_S7_ABI,Richard Weiner,2,2,0.0,0.0,0.0,0.0
2021_05_20_ABI_S7_ABI,Shiva Abbaszadeh,1,1,0.0,0.0,0.0,0.0
2021_05_20_ABI_S7_ABI,Silvia Ronco,1,1,0.0,0.0,0.0,0.0
2021_05_20_ABI_S7_ABI,Sixian You,20,20,0.15,0.0,0.1,14999.999999999998
2021_05_20_ABI_S7_ABI,Stefan Wilhelm,3,3,0.0,0.0,0.6666666666666666,0.0
2021_05_20_ABI_S7_ABI,Uzay Emir,9,9,0.0,0.1111111111111111,0.2222222222222222,0.0
2021_05_20_ABI_S7_ABI,Vivian Qian Liu,2,2,0.5,0.5,1.0,0.9999800003999921
2021_05_20_ABI_S8_ABI,Andrew Fegyveresi,2,2,0.5,0.5,0.0,0.9999800003999921
2021_05_20_ABI_S8_ABI,Andrew Hsu,3,3,0.0,0.0,0.0,0.0
2021_05_20_ABI_S8_ABI,Anil Ousmane,10,9,0.1111111111111111,0.0,0.0,11111.11111111111
2021_05_20_ABI_S8_ABI,Anila Das,3,3,0.0,0.0,0.0,0.0
2021_05_20_ABI_S8_ABI,Aniruddha Ray,1,1,0.0,1.0,1.0,0.0
2021_05_20_ABI_S8_ABI,Bill Mccleskey,5,5,0.0,0.0,0.0,0.0
2021_05_20_ABI_S8_ABI,Carl Ed Mccauley,3,3,0.0,0.0,0.0,0.0
2021_05_20_ABI_S8_ABI,Carolyn Bertozzi,7,5,0.0,0.2,0.0,0.0
2021_05_20_ABI_S8_ABI,Gail Mckee,1,1,0.0,0.0,0.0,0.0
2021_05_20_ABI_S8_ABI,Gail Robertson-Steele,5,5,0.0,0.0,0.0,0.0
2021_05_20_ABI_S8_ABI,Jeff Albert Finefield,6,6,0.0,0.0,0.0,0.0
2021_05_20_ABI_S8_ABI,Jeff Andrew Donahue,3,3,0.0,0.0,0.0,0.0
2021_05_20_ABI_S8_ABI,Jeff Baird Parente,9,8,0.0,0.0,0.0,0.0
2021_05_20_ABI_S8_ABI,Jeff Bodwin,3,3,0.0,0.0,0.0,0.0
2021_05_20_ABI_S8_ABI,Jeff Boyd Farinha,4,2,0.0,0.0,0.5,0.0
2021_05_20_ABI_S8_ABI,Jeff Douglas Winkler,18,18,0.0,0.0,0.05555555555555555,0.0
2021_05_20_ABI_S8_ABI,Jeff Elam,2,2,0.0,0.5,0.0,0.0
2021_05_20_ABI_S8_ABI,Jeff Squier,6,6,0.16666666666666666,0.0,0.16666666666666666,16666.666666666664
2021_05_20_ABI_S8_ABI,Jeff Tannebaum,1,1,0.0,0.0,0.0,0.0
2021_05_20_ABI_S8_ABI,Jeff Wheeler,43,2,0.5,0.0,0.0,49999.99999999999
2021_05_20_ABI_S8_ABI,Jeff Winkler,17,17,0.0,0.058823529411764705,0.11764705882352941,0.0
2021_05_20_ABI_S8_ABI,Joyati Deb Roy,1,1,0.0,1.0,1.0,0.0
2021_05_20_ABI_S8_ABI,Joyoni Dey,15,12,0.08333333333333333,0.0,0.08333333333333333,8333.333333333332
2021_05_20_ABI_S8_ABI,Jyoti Dube,4,4,0.0,0.0,0.0,0.0
2021_05_20_ABI_S8_ABI,Kevin Taufour,6,6,0.0,0.16666666666666666,0.16666666666666666,0.0
2021_05_20_ABI_S8_ABI,Larry Zhang,2,2,0.0,0.5,0.5,0.0
2021_05_20_ABI_S8_ABI,Layla Oesper,1,1,0.0,0.0,0.0,0.0
2021_05_20_ABI_S8_ABI,Linda Alvarez,1,1,0.0,0.0,0.0,0.0
2021_05_20_ABI_S8_ABI,Lingyan Shi,55,18,0.05555555555555555,0.05555555555555555,0.1111111111111111,0.999820032394169
2021_05_20_ABI_S8_ABI,Lingyang Luo,3,3,0.0,0.0,0.0,0.0
2021_05_20_ABI_S8_ABI,Lisa Poulikakos,3,3,0.3333333333333333,0.0,0.3333333333333333,33333.33333333333
2021_05_20_ABI_S8_ABI,Lisa Satterthwaite,4,4,0.0,0.0,0.0,0.0
2021_05_20_ABI_S8_ABI,Liying Lu,10,10,0.0,0.0,0.0,0.0
2021_05_20_ABI_S8_ABI,Mini Das,38,35,0.0,0.02857142857142857,0.11428571428571428,0.0
2021_05_20_ABI_S8_ABI,Pallavi Dhagat,8,8,0.0,0.0,0.0,0.0
2021_05_20_ABI_S8_ABI,Pallavi Raghunathan,7,7,0.0,0.0,0.0,0.0
2021_05_20_ABI_S8_ABI,Richard Wiener,2,2,0.0,0.0,0.5,0.0
2021_05_20_ABI_S8_ABI,Sanjukta Gayen,2,2,0.0,0.5,0.5,0.0
2021_05_20_ABI_S8_ABI,Sapun Parekh,1,1,0.0,1.0,1.0,0.0
2021_05_20_ABI_S8_ABI,Sayan Patra,2,2,0.0,0.0,0.0,0.0
2021_05_20_ABI_S8_ABI,Wan-Wei Tseng,8,8,0.0,0.0,0.125,0.0
2021_05_20_ABI_S8_ABI,Wei-Min Chen,1,1,0.0,0.0,0.0,0.0
2021_05_21_ABI_S10_ABI,Arnold Hayer,9,9,0.1111111111111111,0.1111111111111111,0.1111111111111111,0.9999100080992711
2021_05_21_ABI_S10_ABI,David Van Valen,28,27,0.037037037037037035,0.037037037037037035,0.14814814814814814,0.9997300728803222
2021_05_21_ABI_S10_ABI,Fanny Chapelin,12,12,0.08333333333333333,0.0,0.25,8333.333333333332
2021_05_21_ABI_S10_ABI,Maryellen Giger,13,13,0.0,0.07692307692307693,0.07692307692307693,0.0
2021_05_21_ABI_S10_ABI,Maryellen Giger UChicago,102,90,0.011111111111111112,0.022222222222222223,0.18888888888888888,0.499775101204458
2021_05_21_ABI_S10_ABI,Matt Lew,13,13,0.07692307692307693,0.0,0.23076923076923078,7692.307692307692
2021_05_21_ABI_S10_ABI,Matt Lovett-Barron,13,13,0.0,0.0,0.23076923076923078,0.0
2021_05_21_ABI_S10_ABI,Qian Liu,9,9,0.2222222222222222,0.0,0.0,22222.22222222222
2021_05_21_ABI_S10_ABI,Sapun Parekh,10,10,0.0,0.0,0.1,0.0
2021_05_21_ABI_S10_ABI,Srigokul Upadhyayula,6,6,0.16666666666666666,0.16666666666666666,0.16666666666666666,0.999940003599784
2021_05_21_ABI_S11_ABI,Alexandra Dickinson,7,7,0.2857142857142857,0.14285714285714285,0.2857142857142857,1.999860009799314
2021_05_21_ABI_S11_ABI,Andrew Feig,1,1,0.0,1.0,0.0,0.0
2021_05_21_ABI_S11_ABI,Aniruddha Ray,22,22,0.0,0.045454545454545456,0.13636363636363635,0.0
2021_05_21_ABI_S11_ABI,Barbara Smith,25,24,0.0,0.08333333333333333,0.125,0.0
2021_05_21_ABI_S11_ABI,Brad Smith,65,60,0.016666666666666666,0.0,0.06666666666666667,1666.6666666666665
2021_05_21_ABI_S11_ABI,Carolyn Bayer,25,25,0.0,0.08,0.12,0.0
2021_05_21_ABI_S11_ABI,Jim Mitchell,2,2,0.0,0.0,0.0,0.0
2021_05_21_ABI_S11_ABI,Luke Mortensen,11,10,0.1,0.0,0.1,10000.0
2021_05_21_ABI_S11_ABI,Sixian You,14,14,0.14285714285714285,0.07142857142857142,0.21428571428571427,1.999720039194513
2021_05_21_ABI_S11_ABI,Sixian You | MIT,5,5,0.0,0.2,0.4,0.0
2021_05_21_ABI_S11_ABI,Steve Jett,2,1,0.0,0.0,2.0,0.0
2021_05_21_ABI_S11_ABI,Yevgenia Kozorovitskiy,11,11,0.0,0.2727272727272727,0.09090909090909091,0.0
2021_05_21_ABI_S12_ABI,Andrew Feig,1,1,0.0,0.0,0.0,0.0
2021_05_21_ABI_S12_ABI,Benjamin Bartelle,35,32,0.0625,0.0625,0.09375,0.9998400255959047
2021_05_21_ABI_S12_ABI,Brian Pogue,61,56,0.0,0.0,0.10714285714285714,0.0
2021_05_21_ABI_S12_ABI,Joyoni Dey,25,25,0.04,0.08,0.24,0.4999375078115236
2021_05_21_ABI_S12_ABI,Kristen Maitland,24,20,0.0,0.05,0.05,0.0
2021_05_21_ABI_S12_ABI,Larry Cheng,4,4,0.25,0.25,0.5,0.9999600015999359
2021_05_21_ABI_S12_ABI,Mark Sellmyer,13,13,0.07692307692307693,0.07692307692307693,0.15384615384615385,0.9998700168978033
2021_05_21_ABI_S12_ABI,Mini Das,53,48,0.0,0.020833333333333332,0.1875,0.0
2021_05_21_ABI_S12_ABI,Morteza Mahmoudi,2,2,0.0,0.0,0.5,0.0
2021_05_21_ABI_S12_ABI,Shiva Abbaszadeh,12,12,0.16666666666666666,0.0,0.25,16666.666666666664
2021_05_21_ABI_S12_ABI,Ulugbek Kamilov,26,26,0.11538461538461539,0.038461538461538464,0.07692307692307693,2.9992202027472854
2021_05_21_ABI_S12_ABI,Uzay Emir,11,11,0.0,0.0,0.36363636363636365,0.0
2021_05_21_ABI_S13_ABI,Crystal Rogers,28,26,0.07692307692307693,0.038461538461538464,0.2692307692307692,1.999480135164857
2021_05_21_ABI_S13_ABI,Domenico (Nick) Galati,9,9,0.2222222222222222,0.1111111111111111,0.4444444444444444,1.9998200161985422
2021_05_21_ABI_S13_ABI,Dylan Burnette,12,12,0.0,0.08333333333333333,0.25,0.0
2021_05_21_ABI_S13_ABI,Dylan McCreedy,8,8,0.0,0.0,0.25,0.0
2021_05_21_ABI_S13_ABI,Dylan McCreedy | Texas A&M,38,15,0.0,0.0,0.06666666666666667,0.0
2021_05_21_ABI_S13_ABI,Ferdinand Schweser,23,21,0.09523809523809523,0.09523809523809523,0.047619047619047616,0.9998950110238425
2021_05_21_ABI_S13_ABI,Katy Keenan,12,12,0.16666666666666666,0.08333333333333333,0.25,1.9997600287965445
2021_05_21_ABI_S13_ABI,Melike Lakadamyali,18,16,0.0625,0.125,0.25,0.499960003199744
2021_05_21_ABI_S13_ABI,Mimi Sammarco,17,17,0.11764705882352941,0.058823529411764705,0.35294117647058826,1.9996600577901755
2021_05_21_ABI_S13_ABI,Samuel Achilefu,28,25,0.08,0.04,0.08,1.9995001249687576
2021_05_21_ABI_S13_ABI,Shannon Quinn,23,23,0.043478260869565216,0.0,0.13043478260869565,4347.826086956521
2021_05_21_ABI_S13_ABI,Unknown speaker,3,3,0.0,0.0,0.0,0.0
2021_05_21_ABI_S14_ABI,Alexandra Walsh,3,3,0.3333333333333333,0.0,0.0,33333.33333333333
2021_05_21_ABI_S14_ABI,Allison Dennis,5,5,0.0,0.0,0.2,0.0
2021_05_21_ABI_S14_ABI,Andrew Feig,2,2,0.0,0.0,0.0,0.0
2021_05_21_ABI_S14_ABI,Aniruddha Ray,0,1,0.0,0.0,0.0,0.0
2021_05_21_ABI_S14_ABI,Candace Fleischer,17,16,0.0,0.125,0.125,0.0
2021_05_21_ABI_S14_ABI,Jin Zhang,33,31,0.03225806451612903,0.03225806451612903,0.0,0.9996900960702182
2021_05_21_ABI_S14_ABI,Katharine White,8,8,0.125,0.125,0.125,0.999920006399488
2021_05_21_ABI_S14_ABI,Katharine White--Notre Dame,1,1,0.0,0.0,0.0,0.0
2021_05_21_ABI_S14_ABI,Kevin Cash,15,15,0.0,0.06666666666666667,0.13333333333333333,0.0
2021_05_21_ABI_S14_ABI,Lingyan Shi,11,10,0.1,0.1,0.1,0.9999000099990001
2021_05_21_ABI_S14_ABI,Lu Wei,9,10,0.0,0.0,0.2,0.0
2021_05_21_ABI_S14_ABI,Matt Bogyo,31,31,0.03225806451612903,0.0,0.03225806451612903,3225.806451612903
2021_05_21_ABI_S14_ABI,Molly Bright,5,5,0.0,0.4,0.6,0.0
2021_05_21_ABI_S14_ABI,Ping Wang,12,12,0.08333333333333333,0.0,0.08333333333333333,8333.333333333332
2021_05_21_ABI_S14_ABI,Seu Sim,33,6,0.16666666666666666,0.0,0.16666666666666666,16666.666666666664
2021_05_21_ABI_S14_ABI,Silvia Ronco,0,1,0.0,0.0,0.0,0.0
2021_05_21_ABI_S14_ABI,Walsh,1,1,0.0,0.0,1.0,0.0
2021_05_21_ABI_S15_ABI,Alexandra Dickinson,9,8,0.25,0.125,0.25,1.999840012798976
2021_05_21_ABI_S15_ABI,Andrew Feig,1,1,0.0,1.0,0.0,0.0
2021_05_21_ABI_S15_ABI,Aniruddha Ray,27,24,0.0,0.125,0.125,0.0
2021_05_21_ABI_S15_ABI,Barbara Smith,18,18,0.0,0.1111111111111111,0.1111111111111111,0.0
2021_05_21_ABI_S15_ABI,Brad Smith,82,73,0.0136986301369863,0.0273972602739726,0.0410958904109589,0.4998175665881953
2021_05_21_ABI_S15_ABI,Carolyn Bayer,43,37,0.0,0.05405405405405406,0.16216216216216217,0.0
2021_05_21_ABI_S15_ABI,Jim Mitchell,1,1,0.0,0.0,0.0,0.0
2021_05_21_ABI_S15_ABI,Luke Mortensen,12,11,0.0,0.09090909090909091,0.09090909090909091,0.0
2021_05_21_ABI_S15_ABI,Silvia Ronco,2,2,0.0,0.0,0.0,0.0
2021_05_21_ABI_S15_ABI,Sixian You,28,28,0.03571428571428571,0.03571428571428571,0.10714285714285714,0.9997200783780541
2021_05_21_ABI_S15_ABI,Steve Jett,6,6,0.0,0.0,0.16666666666666666,0.0
2021_05_21_ABI_S15_ABI,Yevgenia Kozorovitskiy,26,25,0.04,0.08,0.08,0.4999375078115236
2021_05_21_ABI_S16_ABI,Abhishek Shrivastava,8,8,0.125,0.125,0.0,0.999920006399488
2021_05_21_ABI_S16_ABI,Abhishek Shrivastava ASU,17,16,0.0625,0.0625,0.125,0.9998400255959047
2021_05_21_ABI_S16_ABI,Aida Ebrahimi,10,10,0.0,0.0,0.1,0.0
2021_05_21_ABI_S16_ABI,Aida Ebrahimi- Penn State U,20,18,0.0,0.0,0.16666666666666666,0.0
2021_05_21_ABI_S16_ABI,Aida Ebrahimi-Penn State U,5,5,0.2,0.2,0.2,0.999950002499875
2021_05_21_ABI_S16_ABI,Aisla Ibrahimi,2,2,0.0,0.0,0.5,0.0
2021_05_21_ABI_S16_ABI,Andrew Ferg,3,3,0.0,0.3333333333333333,0.3333333333333333,0.0
2021_05_21_ABI_S16_ABI,Carolina Tropini,13,13,0.0,0.0,0.0,0.0
2021_05_21_ABI_S16_ABI,Carolina Tropini-UBC,3,3,0.0,0.6666666666666666,0.3333333333333333,0.0
2021_05_21_ABI_S16_ABI,Chris Whitbey,5,5,0.0,0.2,0.4,0.0
2021_05_21_ABI_S16_ABI,Chris Whitbey-Scott,1,1,0.0,0.0,0.0,0.0
2021_05_21_ABI_S16_ABI,Chris Whtibey,2,2,0.0,0.0,0.5,0.0
2021_05_21_ABI_S16_ABI,Dr. Ali Keshavarzi,1,1,0.0,0.0,1.0,0.0
2021_05_21_ABI_S16_ABI,Dr. Ali Keshavarzian,55,19,0.0,0.05263157894736842,0.05263157894736842,0.0
2021_05_21_ABI_S16_ABI,Dr. Ali Keshavarziyan,13,13,0.0,0.07692307692307693,0.0,0.0
2021_05_21_ABI_S16_ABI,Lisa Ryne,2,2,0.5,0.0,1.0,49999.99999999999
2021_05_21_ABI_S16_ABI,Lisa Ryno,4,4,0.0,0.0,0.0,0.0
2021_05_21_ABI_S16_ABI,Silvia Ronco,17,17,0.0,0.11764705882352941,0.11764705882352941,0.0
2021_05_21_ABI_S16_ABI,Stavroula Hatzios,17,17,0.058823529411764705,0.0,0.0,5882.35294117647
2021_05_21_ABI_S16_ABI,Wenjing Wang,21,21,0.0,0.047619047619047616,0.09523809523809523,0.0
2021_05_21_ABI_S16_ABI,Wenshing Wang,3,3,0.3333333333333333,0.0,0.3333333333333333,33333.33333333333
2021_05_21_ABI_S16_ABI,Xin Qi,4,4,0.0,0.0,0.0,0.0
2021_05_21_ABI_S16_ABI,Xin Qi-CWRU,1,1,0.0,1.0,0.0,0.0
2021_05_21_ABI_S16_ABI,Ying-Hui Chou,8,8,0.0,0.0,0.0,0.0
2021_05_21_ABI_S1_ABI,Andrew Ferg,6,6,0.0,0.16666666666666666,0.0,0.0
2021_05_21_ABI_S1_ABI,Brian Pogue,106,95,0.010526315789473684,0.021052631578947368,0.12631578947368421,0.4997626127589395
2021_05_21_ABI_S1_ABI,Brian Pogue-DARTMOUTH,15,12,0.0,0.0,0.08333333333333333,0.0
2021_05_21_ABI_S1_ABI,Bryan Spring,11,10,0.0,0.0,0.1,0.0
2021_05_21_ABI_S1_ABI,Bryan Spring | Northeastern U,2,2,0.5,0.0,0.0,49999.99999999999
2021_05_21_ABI_S1_ABI,Carolyn Bayer,15,15,0.0,0.0,0.13333333333333333,0.0
2021_05_21_ABI_S1_ABI,Joshua Brake,26,25,0.08,0.0,0.12,7999.999999999999
2021_05_21_ABI_S1_ABI,Katharine White,39,37,0.08108108108108109,0.02702702702702703,0.08108108108108109,2.998890410548097
2021_05_21_ABI_S1_ABI,Katharine White-Notre Dame,4,4,0.25,0.0,0.0,24999.999999999996
2021_05_21_ABI_S1_ABI,Katy Keenan,11,11,0.09090909090909091,0.18181818181818182,0.09090909090909091,0.4999725015124168
2021_05_21_ABI_S1_ABI,Larry Cheng,3,3,0.3333333333333333,0.3333333333333333,0.3333333333333333,0.999970000899973
2021_05_21_ABI_S1_ABI,Nina Cardoza,1,1,0.0,0.0,0.0,0.0
2021_05_21_ABI_S1_ABI,Seu Sim,5,5,0.4,0.2,0.8,1.99990000499975
2021_05_21_ABI_S1_ABI,Shannon Quinn,27,25,0.0,0.08,0.16,0.0
2021_05_21_ABI_S1_ABI,Silvia Ronco RCS4,4,3,0.0,0.0,0.0,0.0
2021_05_21_ABI_S2_ABI,Arnold Hayer,5,5,0.2,0.2,0.2,0.999950002499875
2021_05_21_ABI_S2_ABI,Arnold Mayer-Mcgill,1,1,0.0,0.0,0.0,0.0
2021_05_21_ABI_S2_ABI,Aseema Mohanty,10,10,0.1,0.1,0.5,0.9999000099990001
2021_05_21_ABI_S2_ABI,Domenico (Nick) Galati,14,14,0.14285714285714285,0.21428571428571427,0.07142857142857142,0.6666355570073397
2021_05_21_ABI_S2_ABI,Douglas Shepherd,15,15,0.06666666666666667,0.06666666666666667,0.3333333333333333,0.9998500224966256
2021_05_21_ABI_S2_ABI,Jin Zhang,13,13,0.0,0.0,0.07692307692307693,0.0
2021_05_21_ABI_S2_ABI,Joyoni Dey,14,14,0.07142857142857142,0.07142857142857142,0.14285714285714285,0.9998600195972565
2021_05_21_ABI_S2_ABI,Kirsten Maclane,5,5,0.0,0.0,0.2,0.0
2021_05_21_ABI_S2_ABI,Kirsten Marlo,4,4,0.0,0.0,0.0,0.0
2021_05_21_ABI_S2_ABI,Kirsten Martinko,5,5,0.0,0.0,0.0,0.0
2021_05_21_ABI_S2_ABI,Kristen Madland,3,3,0.0,0.0,0.3333333333333333,0.0
2021_05_21_ABI_S2_ABI,Kristen Maitland,17,16,0.0,0.0,0.0,0.0
2021_05_21_ABI_S2_ABI,Lingyan Shi,14,14,0.21428571428571427,0.21428571428571427,0.07142857142857142,0.9999533355110094
2021_05_21_ABI_S2_ABI,Matt Lovett-Barron,22,22,0.0,0.0,0.09090909090909091,0.0
2021_05_21_ABI_S2_ABI,Melike Lakadamyali,10,9,0.2222222222222222,0.2222222222222222,0.0,0.9999550020249088
2021_05_21_ABI_S2_ABI,Mimi Sammarco,8,8,0.0,0.125,0.5,0.0
2021_05_21_ABI_S2_ABI,Nick Galan,3,3,0.0,0.3333333333333333,0.3333333333333333,0.0
2021_05_21_ABI_S2_ABI,Richard Wiener,3,3,0.0,0.0,0.3333333333333333,0.0
2021_05_21_ABI_S2_ABI,Vivian Qian Liu,8,8,0.25,0.125,0.625,1.999840012798976
2021_05_21_ABI_S3_ABI,Alexandra Dickinson,10,10,0.0,0.1,0.2,0.0
2021_05_21_ABI_S3_ABI,Alexandra Walsh,2,2,0.0,1.0,0.5,0.0
2021_05_21_ABI_S3_ABI,Barbara Smith,23,22,0.045454545454545456,0.045454545454545456,0.09090909090909091,0.9997800483893543
2021_05_21_ABI_S3_ABI,David Van Valen,35,16,0.0625,0.0625,0.1875,0.9998400255959047
2021_05_21_ABI_S3_ABI,Lu Wei,11,11,0.2727272727272727,0.18181818181818182,0.5454545454545454,1.4999175045372501
2021_05_21_ABI_S3_ABI,Luke Mortensen,5,5,0.2,0.2,0.4,0.999950002499875
2021_05_21_ABI_S3_ABI,Shwetadwip Chowdhury,66,59,0.01694915254237288,0.01694915254237288,0.11864406779661017,0.9994103478947421
2021_05_21_ABI_S3_ABI,Srigokul Upadhyayula,11,9,0.0,0.4444444444444444,0.3333333333333333,0.0
2021_05_21_ABI_S3_ABI,Stefan Wilhelm,8,8,0.125,0.25,0.5,0.49998000079996796
2021_05_21_ABI_S3_ABI,Walsh,2,2,0.0,0.5,0.0,0.0
2021_05_21_ABI_S3_ABI,Wei Min,59,58,0.0,0.06896551724137931,0.05172413793103448,0.0
2021_05_21_ABI_S4_ABI,Arne Bakker,1,1,0.0,1.0,1.0,0.0
2021_05_21_ABI_S4_ABI,Benjamin Bartelle,62,59,0.01694915254237288,0.03389830508474576,0.11864406779661017,0.49985254349966757
2021_05_21_ABI_S4_ABI,Crystal Rogers,11,10,0.3,0.1,0.0,2.9997000299970003
2021_05_21_ABI_S4_ABI,Dr. Anna Moore,69,59,0.05084745762711865,0.05084745762711865,0.15254237288135594,0.9998033720035059
2021_05_21_ABI_S4_ABI,Dylan Burnette,26,23,0.08695652173913043,0.13043478260869565,0.2608695652173913,0.6666155594737736
2021_05_21_ABI_S4_ABI,Lisa Poulikakos,12,11,0.18181818181818182,0.18181818181818182,0.36363636363636365,0.9999450030248336
2021_05_21_ABI_S4_ABI,Mark Sellmyer,21,20,0.05,0.05,0.05,0.9998000399920015
2021_05_21_ABI_S4_ABI,Molly Bright,25,23,0.043478260869565216,0.0,0.13043478260869565,4347.826086956521
2021_05_21_ABI_S4_ABI,Morteza Mahmoudi,4,4,0.25,0.25,0.25,0.9999600015999359
2021_05_21_ABI_S4_ABI,Paris Perdikaris,1,1,1.0,1.0,1.0,0.9999900000999989
2021_05_21_ABI_S4_ABI,Sandra Laney,1,1,0.0,0.0,1.0,0.0
2021_05_21_ABI_S4_ABI,Sixian You,21,21,0.047619047619047616,0.09523809523809523,0.19047619047619047,0.49994750551192124
2021_05_21_ABI_S4_ABI,Sixian You | MIT,5,4,0.0,0.0,0.25,0.0
2021_05_21_ABI_S5_ABI,Alexandra Basford,1,1,0.0,0.0,1.0,0.0
2021_05_21_ABI_S5_ABI,Anna-Karin Gustavsson,8,7,0.14285714285714285,0.0,0.14285714285714285,14285.714285714284
2021_05_21_ABI_S5_ABI,Bot 5,1,1,0.0,0.0,1.0,0.0
2021_05_21_ABI_S5_ABI,Candace Fleischer,4,4,0.5,0.0,0.75,49999.99999999999
2021_05_21_ABI_S5_ABI,Ellen Sletten,11,10,0.1,0.0,0.2,10000.0
2021_05_21_ABI_S5_ABI,Ferdinand Schweser,20,20,0.0,0.0,0.15,0.0
2021_05_21_ABI_S5_ABI,Maryellen Giger,65,58,0.017241379310344827,0.05172413793103448,0.1206896551724138,0.3332689013457398
2021_05_21_ABI_S5_ABI,Maryellen Giger UChicago,69,62,0.04838709677419355,0.04838709677419355,0.06451612903225806,0.9997933760356192
2021_05_21_ABI_S5_ABI,Ping Wang,17,17,0.058823529411764705,0.0,0.17647058823529413,5882.35294117647
2021_05_21_ABI_S5_ABI,Samuel Achilefu,1,1,0.0,0.0,0.0,0.0
2021_05_21_ABI_S5_ABI,Sapun Parekh,15,13,0.07692307692307693,0.0,0.3076923076923077,7692.307692307692
2021_05_21_ABI_S5_ABI,Shiva Abbaszadeh,7,7,0.0,0.0,0.2857142857142857,0.0
2021_05_21_ABI_S5_ABI,Ulugbek Kamilov,49,40,0.025,0.0,0.175,2500.0
2021_05_21_ABI_S5_ABI,Uzay Emir,30,27,0.07407407407407407,0.037037037037037035,0.14814814814814814,1.9994601457606445
2021_05_21_ABI_S6_ABI,Allison Dennis,12,12,0.08333333333333333,0.0,0.08333333333333333,8333.333333333332
2021_05_21_ABI_S6_ABI,Aniruddha Ray,11,8,0.0,0.25,0.0,0.0
2021_05_21_ABI_S6_ABI,Aniruddha Ray _U.toledo,8,7,0.0,0.0,0.0,0.0
2021_05_21_ABI_S6_ABI,Brad Smith,31,28,0.03571428571428571,0.03571428571428571,0.07142857142857142,0.9997200783780541
2021_05_21_ABI_S6_ABI,Dylan McCreedy,4,4,0.5,0.25,0.5,1.9999200031998718
2021_05_21_ABI_S6_ABI,Dylan McCreedy | Texas A&M,3,3,0.0,0.0,0.3333333333333333,0.0
2021_05_21_ABI_S6_ABI,Fanny Chapelin,23,18,0.0,0.0,0.05555555555555555,0.0
2021_05_21_ABI_S6_ABI,Girgis Obaid,6,5,0.0,0.0,0.2,0.0
2021_05_21_ABI_S6_ABI,Girgis Obaid | UT Dallas,13,13,0.0,0.07692307692307693,0.07692307692307693,0.0
2021_05_21_ABI_S6_ABI,Kevin Cash,19,17,0.058823529411764705,0.11764705882352941,0.0,0.499957503612193
2021_05_21_ABI_S6_ABI,Matt Bogyo,84,55,0.0,0.01818181818181818,0.07272727272727272,0.0
2021_05_21_ABI_S6_ABI,Matt Lew,7,7,0.14285714285714285,0.0,0.2857142857142857,14285.714285714284
2021_05_21_ABI_S6_ABI,Mini Das,56,45,0.08888888888888889,0.022222222222222223,0.13333333333333333,3.998200809635664
2021_05_21_ABI_S6_ABI,Yevgenia Kozorovitskiy,11,10,0.0,0.1,0.0,0.0
2021_05_21_ABI_S7_ABI,Arnold Hayer,6,6,0.3333333333333333,0.16666666666666666,0.16666666666666666,1.999880007199568
2021_05_21_ABI_S7_ABI,Aseema Mohanty,4,4,0.0,0.25,0.5,0.0
2021_05_21_ABI_S7_ABI,Domenico (Nick) Galati,14,14,0.21428571428571427,0.35714285714285715,0.14285714285714285,0.5999832004703868
2021_05_21_ABI_S7_ABI,Douglas Shepherd,7,7,0.0,0.0,0.42857142857142855,0.0
2021_05_21_ABI_S7_ABI,Jin Zhang,19,17,0.11764705882352941,0.0,0.0,11764.70588235294
2021_05_21_ABI_S7_ABI,Joyoni Dey,14,14,0.2857142857142857,0.21428571428571427,0.14285714285714285,1.3332711140146793
2021_05_21_ABI_S7_ABI,Kristen Maitland,29,29,0.0,0.0,0.034482758620689655,0.0
2021_05_21_ABI_S7_ABI,Lingyan Shi,10,10,0.3,0.5,0.1,0.5999880002399952
2021_05_21_ABI_S7_ABI,Matt Lovett-Barron,18,18,0.05555555555555555,0.05555555555555555,0.16666666666666666,0.999820032394169
2021_05_21_ABI_S7_ABI,Melike Lakadamyali,9,8,0.125,0.125,0.25,0.999920006399488
2021_05_21_ABI_S7_ABI,Mimi Sammarco,6,6,0.3333333333333333,0.16666666666666666,0.3333333333333333,1.999880007199568
2021_05_21_ABI_S7_ABI,Richard Wiener,1,1,0.0,0.0,0.0,0.0
2021_05_21_ABI_S7_ABI,Vivian Qian Liu,2,2,0.5,0.5,1.0,0.9999800003999921
2021_05_21_ABI_S8_ABI,Arne Bakker,1,1,0.0,1.0,1.0,0.0
2021_05_21_ABI_S8_ABI,Benjamin Bartelle,54,50,0.04,0.02,0.16,1.999000499750125
2021_05_21_ABI_S8_ABI,Crystal Rogers,10,10,0.1,0.1,0.1,0.9999000099990001
2021_05_21_ABI_S8_ABI,Dr. Anna Moore,63,61,0.01639344262295082,0.04918032786885246,0.09836065573770492,0.3332655693342354
2021_05_21_ABI_S8_ABI,Dylan Burnette,12,12,0.16666666666666666,0.16666666666666666,0.4166666666666667,0.999940003599784
2021_05_21_ABI_S8_ABI,Lisa Poulikakos,14,14,0.14285714285714285,0.07142857142857142,0.2857142857142857,1.999720039194513
2021_05_21_ABI_S8_ABI,Mark Sellmyer,27,25,0.0,0.0,0.0,0.0
2021_05_21_ABI_S8_ABI,Molly Bright,15,15,0.06666666666666667,0.13333333333333333,0.2,0.49996250281228904
2021_05_21_ABI_S8_ABI,Morteza Mahmoudi,9,8,0.125,0.25,0.125,0.49998000079996796
2021_05_21_ABI_S8_ABI,Paris Perdikaris,1,1,1.0,1.0,1.0,0.9999900000999989
2021_05_21_ABI_S8_ABI,Sandra Laney,1,1,0.0,1.0,1.0,0.0
2021_05_21_ABI_S8_ABI,Sixian You,28,28,0.07142857142857142,0.07142857142857142,0.17857142857142858,0.9998600195972565
2021_05_21_ABI_S8_ABI,Sixian You | MIT,2,2,0.0,0.0,0.5,0.0
2021_05_21_ABI_S9_ABI,Alexandra Walsh,4,4,0.0,0.0,0.25,0.0
2021_05_21_ABI_S9_ABI,Allison Dennis,6,6,0.0,0.0,0.3333333333333333,0.0
2021_05_21_ABI_S9_ABI,Andrew Feig,2,2,0.0,0.0,0.0,0.0
2021_05_21_ABI_S9_ABI,Candace Fleischer,22,22,0.0,0.13636363636363635,0.13636363636363635,0.0
2021_05_21_ABI_S9_ABI,Jin Zhang,38,38,0.10526315789473684,0.02631578947368421,0.02631578947368421,3.9984805773805956
2021_05_21_ABI_S9_ABI,Katharine Miller,1,1,0.0,0.0,0.0,0.0
2021_05_21_ABI_S9_ABI,Katharine White,4,4,0.0,0.25,0.5,0.0
2021_05_21_ABI_S9_ABI,Katharine White-Andre Danino,2,2,0.5,0.0,0.0,49999.99999999999
2021_05_21_ABI_S9_ABI,Kevin Carlo,5,5,0.0,0.2,0.4,0.0
2021_05_21_ABI_S9_ABI,Kevin Carlo O'Mines,4,4,0.0,0.0,0.0,0.0
2021_05_21_ABI_S9_ABI,Kevin Cash,6,6,0.0,0.0,0.3333333333333333,0.0
2021_05_21_ABI_S9_ABI,Kevin Cavallo,1,1,0.0,0.0,0.0,0.0
2021_05_21_ABI_S9_ABI,Lingyan Shi,13,12,0.25,0.16666666666666666,0.16666666666666666,1.4999100053996761
2021_05_21_ABI_S9_ABI,Lu Wei,7,7,0.0,0.14285714285714285,0.2857142857142857,0.0
2021_05_21_ABI_S9_ABI,Matt Baggott,6,5,0.0,0.0,0.0,0.0
2021_05_21_ABI_S9_ABI,Matt Bogyo,25,24,0.0,0.08333333333333333,0.041666666666666664,0.0
2021_05_21_ABI_S9_ABI,Matt Scruggs,6,6,0.16666666666666666,0.0,0.3333333333333333,16666.666666666664
2021_05_21_ABI_S9_ABI,Molly Bright,4,4,0.0,0.5,0.5,0.0
2021_05_21_ABI_S9_ABI,Ping Wang,11,11,0.0,0.18181818181818182,0.09090909090909091,0.0
2021_05_21_ABI_S9_ABI,Seu Sim,7,7,0.14285714285714285,0.14285714285714285,0.14285714285714285,0.999930004899657
2021_06_10_SLU_S1_SLU,Andrew Feig,4,4,0.0,0.0,0.0,0.0
2021_06_10_SLU_S1_SLU,Christopher Hamilton,0,1,0.0,0.0,0.0,0.0
2021_06_10_SLU_S1_SLU,Erik Sperling,8,9,0.2222222222222222,0.1111111111111111,0.1111111111111111,1.9998200161985422
2021_06_10_SLU_S1_SLU,Jav Forsythe,3,3,0.0,0.0,0.3333333333333333,0.0
2021_06_10_SLU_S1_SLU,Jay Forsythe,2,2,0.0,0.0,1.0,0.0
2021_06_10_SLU_S1_SLU,Jay Forsythe(he/him),1,1,0.0,1.0,1.0,0.0
2021_06_10_SLU_S1_SLU,Jeffrey Marlow,17,17,0.0,0.0,0.058823529411764705,0.0
2021_06_10_SLU_S1_SLU,Ji Wang,2,2,0.0,0.0,0.0,0.0
2021_06_10_SLU_S1_SLU,Joseph Levy,1,1,0.0,0.0,0.0,0.0
2021_06_10_SLU_S1_SLU,Morgan Raven,6,6,0.0,0.0,0.16666666666666666,0.0
2021_06_10_SLU_S1_SLU,Niki Parenteau,83,77,0.0,0.012987012987012988,0.09090909090909091,0.0
2021_06_10_SLU_S1_SLU,Noah Planavsky,28,26,0.0,0.0,0.07692307692307693,0.0
2021_06_10_SLU_S1_SLU,Richard Wiener,2,2,0.0,0.0,0.0,0.0
2021_06_10_SLU_S1_SLU,Rika Anderson,14,12,0.08333333333333333,0.0,0.16666666666666666,8333.333333333332
2021_06_10_SLU_S1_SLU,Simon Darroch,9,9,0.0,0.0,0.4444444444444444,0.0
2021_06_10_SLU_S1_SLU,Smadar Naoz,12,12,0.16666666666666666,0.16666666666666666,0.3333333333333333,0.999940003599784
2021_06_10_SLU_S1_SLU,Solange Duhamel,5,5,0.0,0.2,0.4,0.0
2021_06_10_SLU_S1_SLU,Stilianos Louca,14,14,0.07142857142857142,0.07142857142857142,0.2857142857142857,0.9998600195972565
2021_06_10_SLU_S2_SLU,Aaron Engelhart,33,33,0.06060606060606061,0.06060606060606061,0.030303030303030304,0.9998350272205085
2021_06_10_SLU_S2_SLU,Dimitar Sasselov,56,53,0.03773584905660377,0.05660377358490566,0.09433962264150944,0.6665489096926209
2021_06_10_SLU_S2_SLU,Gongjie Li,8,8,0.25,0.0,0.125,24999.999999999996
2021_06_10_SLU_S2_SLU,Kimberly Lau,12,12,0.0,0.0,0.3333333333333333,0.0
2021_06_10_SLU_S2_SLU,Laura Barge,29,25,0.08,0.16,0.08,0.4999687519530029
2021_06_10_SLU_S2_SLU,Liming Li,3,3,0.3333333333333333,0.6666666666666666,0.3333333333333333,0.49999250011249835
2021_06_10_SLU_S2_SLU,Meredith MacGregor,10,9,0.0,0.0,0.2222222222222222,0.0
2021_06_10_SLU_S2_SLU,Peter Driscoll,13,10,0.0,0.0,0.1,0.0
2021_06_10_SLU_S2_SLU,Richard Wiener,4,4,0.0,0.0,0.0,0.0
2021_06_10_SLU_S2_SLU,Trinity Hamilton,8,8,0.125,0.0,0.0,12499.999999999998
2021_06_10_SLU_S2_SLU,Ziming Yang,14,14,0.0,0.0,0.07142857142857142,0.0
2021_06_10_SLU_S3_SLU,Andrew Vanderburg,8,8,0.0,0.125,0.375,0.0
2021_06_10_SLU_S3_SLU,Andy Skemer,6,5,0.2,0.0,0.2,20000.0
2021_06_10_SLU_S3_SLU,Coco Zhang,9,9,0.0,0.0,0.1111111111111111,0.0
2021_06_10_SLU_S3_SLU,Courtney Dressing,9,7,0.0,0.14285714285714285,0.14285714285714285,0.0
2021_06_10_SLU_S3_SLU,Daniel Apai,19,17,0.0,0.11764705882352941,0.058823529411764705,0.0
2021_06_10_SLU_S3_SLU,Daniel Apai / Univ Arizona,7,6,0.0,0.0,0.3333333333333333,0.0
2021_06_10_SLU_S3_SLU,Eliza Kempton,11,11,0.2727272727272727,0.09090909090909091,0.18181818181818182,2.999670036296007
2021_06_10_SLU_S3_SLU,Keith Hawkins,10,10,0.3,0.2,0.4,1.4999250037498122
2021_06_10_SLU_S3_SLU,Leslie Rogers,17,14,0.0,0.07142857142857142,0.14285714285714285,0.0
2021_06_10_SLU_S3_SLU,Lisa Kaltenegger,55,47,0.0851063829787234,0.0,0.1276595744680851,8510.63829787234
2021_06_10_SLU_S3_SLU,Natasha Batalha,10,10,0.0,0.1,0.1,0.0
2021_06_10_SLU_S3_SLU,Nikole Lewis,17,17,0.0,0.058823529411764705,0.17647058823529413,0.0
2021_06_10_SLU_S4_SLU,Andro Rios,26,24,0.0,0.041666666666666664,0.041666666666666664,0.0
2021_06_10_SLU_S4_SLU,Caroline Sinders,1,1,0.0,1.0,1.0,0.0
2021_06_10_SLU_S4_SLU,Christopher Reinhard,17,17,0.0,0.0,0.17647058823529413,0.0
2021_06_10_SLU_S4_SLU,Edward Schwieterman,13,13,0.0,0.07692307692307693,0.07692307692307693,0.0
2021_06_10_SLU_S4_SLU,Edwin Kite,23,22,0.09090909090909091,0.045454545454545456,0.13636363636363635,1.9995600967787086
2021_06_10_SLU_S4_SLU,Jennifer Glass,40,37,0.02702702702702703,0.02702702702702703,0.10810810810810811,0.9996301368493657
2021_06_10_SLU_S4_SLU,Katherine de Kleer,11,11,0.09090909090909091,0.09090909090909091,0.2727272727272727,0.9998900120986692
2021_06_10_SLU_S4_SLU,Nicolas Cowan,16,15,0.06666666666666667,0.0,0.06666666666666667,6666.666666666666
2021_06_10_SLU_S4_SLU,Silvia Ronco,7,7,0.0,0.2857142857142857,0.0,0.0
2021_06_10_SLU_S4_SLU,Stephanie Olson,11,11,0.09090909090909091,0.0,0.09090909090909091,9090.90909090909
2021_06_10_SLU_S4_SLU,Tori Hoehler,24,26,0.0,0.07692307692307693,0.038461538461538464,0.0
2021_06_10_SLU_S4_SLU,Tyler Robinson,19,19,0.05263157894736842,0.10526315789473684,0.10526315789473684,0.49995250451207135
2021_06_10_SLU_S4_SLU,Victoria S Meadows,97,91,0.01098901098901099,0.03296703296703297,0.07692307692307693,0.33323225288329206
2021_06_10_SLU_S5_SLU,Aaron Engelhart,31,28,0.0,0.07142857142857142,0.07142857142857142,0.0
2021_06_10_SLU_S5_SLU,Dimitar Sasselov,76,71,0.0,0.028169014084507043,0.11267605633802817,0.0
2021_06_10_SLU_S5_SLU,Gongjie Li,9,9,0.3333333333333333,0.1111111111111111,0.1111111111111111,2.999730024297813
2021_06_10_SLU_S5_SLU,Kimberly Lau,13,13,0.07692307692307693,0.0,0.23076923076923078,7692.307692307692
2021_06_10_SLU_S5_SLU,Laura Barge,26,26,0.07692307692307693,0.11538461538461539,0.15384615384615385,0.6666088938958624
2021_06_10_SLU_S5_SLU,Liming Li,4,4,0.5,0.75,0.5,0.6666577778962948
2021_06_10_SLU_S5_SLU,Meredith MacGregor,14,14,0.07142857142857142,0.0,0.35714285714285715,7142.857142857142
2021_06_10_SLU_S5_SLU,Peter Driscoll,5,5,0.0,0.0,0.2,0.0
2021_06_10_SLU_S5_SLU,Richard Wiener,6,6,0.0,0.0,0.0,0.0
2021_06_10_SLU_S5_SLU,Trinity Hamilton,5,5,0.0,0.2,0.2,0.0
2021_06_10_SLU_S5_SLU,Ziming Yang,13,12,0.0,0.25,0.16666666666666666,0.0
2021_06_10_SLU_S6_SLU,Anat Shahar,61,58,0.0,0.017241379310344827,0.0,0.0
2021_06_10_SLU_S6_SLU,Bradford Foley,10,10,0.0,0.0,0.2,0.0
2021_06_10_SLU_S6_SLU,Christopher Hamilton,22,22,0.13636363636363635,0.2727272727272727,0.22727272727272727,0.49998166733886423
2021_06_10_SLU_S6_SLU,Gregory Fournier,43,25,0.08,0.0,0.12,7999.999999999999
2021_06_10_SLU_S6_SLU,Hilke Schlichting,29,27,0.1111111111111111,0.07407407407407407,0.14814814814814814,1.49979752733381
2021_06_10_SLU_S6_SLU,Jamie Bender,1,1,0.0,0.0,1.0,0.0
2021_06_10_SLU_S6_SLU,Jochen Marschall,1,1,0.0,0.0,1.0,0.0
2021_06_10_SLU_S6_SLU,Joseph Levy,19,19,0.05263157894736842,0.10526315789473684,0.15789473684210525,0.49995250451207135
2021_06_10_SLU_S6_SLU,Laura Schaefer,27,17,0.0,0.058823529411764705,0.17647058823529413,0.0
2021_06_10_SLU_S6_SLU,Mathieu Lapotre,12,12,0.0,0.16666666666666666,0.16666666666666666,0.0
2021_06_10_SLU_S6_SLU,Morgan Cable,14,13,0.0,0.0,0.23076923076923078,0.0
2021_06_10_SLU_S6_SLU,Shannon MacKenzie,9,9,0.0,0.0,0.3333333333333333,0.0
2021_06_10_SLU_S6_SLU,Victoria S Meadows,1,1,0.0,0.0,0.0,0.0
2021_06_10_SLU_S7_SLU,Amanda Stockton,7,7,0.14285714285714285,0.0,0.2857142857142857,14285.714285714284
2021_06_10_SLU_S7_SLU,Amanda Stockton Georgia Institute of Technology,2,1,0.0,0.0,1.0,0.0
2021_06_10_SLU_S7_SLU,Bet√ºl Ka√ßar,8,9,0.0,0.1111111111111111,0.2222222222222222,0.0
2021_06_10_SLU_S7_SLU,Daniel Huber,9,9,0.1111111111111111,0.1111111111111111,0.3333333333333333,0.9999100080992711
2021_06_10_SLU_S7_SLU,France Cordova,1,1,0.0,1.0,1.0,0.0
2021_06_10_SLU_S7_SLU,Ji Wang,16,16,0.0625,0.0,0.25,6249.999999999999
2021_06_10_SLU_S7_SLU,Maggie Osburn,11,11,0.0,0.09090909090909091,0.5454545454545454,0.0
2021_06_10_SLU_S7_SLU,Marc Neveu,17,17,0.0,0.11764705882352941,0.23529411764705882,0.0
2021_06_10_SLU_S7_SLU,Nathaniel Gabor,29,27,0.1111111111111111,0.07407407407407407,0.07407407407407407,1.49979752733381
2021_06_10_SLU_S7_SLU,Paul Robertson,3,3,0.0,0.0,0.0,0.0
2021_06_10_SLU_S7_SLU,Paula Driedger,1,1,0.0,1.0,1.0,0.0
2021_06_10_SLU_S7_SLU,Richard Wiener,1,1,0.0,0.0,0.0,0.0
2021_06_10_SLU_S7_SLU,Shawn Domagal,60,55,0.07272727272727272,0.03636363636363636,0.18181818181818182,1.9994501512084175
2021_06_10_SLU_S7_SLU,Timothy W Lyons,39,37,0.0,0.02702702702702703,0.02702702702702703,0.0
2021_06_11_SLU_S10_SLU,Anat Shahar,31,30,0.0,0.06666666666666667,0.03333333333333333,0.0
2021_06_11_SLU_S10_SLU,Daniel Apai,22,17,0.058823529411764705,0.11764705882352941,0.29411764705882354,0.499957503612193
2021_06_11_SLU_S10_SLU,Jennifer Glass,31,17,0.058823529411764705,0.0,0.11764705882352941,5882.35294117647
2021_06_11_SLU_S10_SLU,Kimberly Lau,15,15,0.06666666666666667,0.06666666666666667,0.3333333333333333,0.9998500224966256
2021_06_11_SLU_S10_SLU,Laura Schaefer,38,38,0.15789473684210525,0.07894736842105263,0.15789473684210525,1.9997466987514916
2021_06_11_SLU_S10_SLU,Morgan Raven,20,13,0.15384615384615385,0.15384615384615385,0.07692307692307693,0.9999350042247254
2021_06_11_SLU_S10_SLU,Nicolas Cowan,47,43,0.06976744186046512,0.06976744186046512,0.23255813953488372,0.9998566872081669
2021_06_11_SLU_S10_SLU,Nikole Lewis,11,10,0.2,0.1,0.3,1.9998000199980002
2021_06_11_SLU_S10_SLU,Simon Darroch,23,22,0.09090909090909091,0.045454545454545456,0.09090909090909091,1.9995600967787086
2021_06_11_SLU_S10_SLU,Trinity Hamilton,8,8,0.125,0.25,0.125,0.49998000079996796
2021_06_11_SLU_S11_SLU,Andro Rios,12,12,0.08333333333333333,0.0,0.0,8333.333333333332
2021_06_11_SLU_S11_SLU,Bet√ºl Ka√ßar,21,20,0.1,0.05,0.35,1.999600079984003
2021_06_11_SLU_S11_SLU,Dimitar Sasselov,37,36,0.0,0.0,0.027777777777777776,0.0
2021_06_11_SLU_S11_SLU,Gregory Fournier,19,19,0.05263157894736842,0.05263157894736842,0.05263157894736842,0.9998100360931422
2021_06_11_SLU_S11_SLU,Jay Forsythe,11,11,0.2727272727272727,0.0,0.5454545454545454,27272.72727272727
2021_06_11_SLU_S11_SLU,Jochen Marschall | Heising,1,1,0.0,0.0,1.0,0.0
2021_06_11_SLU_S11_SLU,Laura Barge,28,26,0.07692307692307693,0.038461538461538464,0.15384615384615385,1.999480135164857
2021_06_11_SLU_S11_SLU,Niki Parenteau,50,47,0.0,0.0,0.10638297872340426,0.0
2021_06_11_SLU_S11_SLU,Rika Anderson,8,8,0.125,0.125,0.25,0.999920006399488
2021_06_11_SLU_S11_SLU,Shannon Mackenzie,8,8,0.0,0.0,0.25,0.0
2021_06_11_SLU_S11_SLU,Shannon Mackenzie | JHU APL,1,1,0.0,1.0,1.0,0.0
2021_06_11_SLU_S11_SLU,Stilianos Louca,5,5,0.2,0.2,0.4,0.999950002499875
2021_06_11_SLU_S12_SLU,Andrew Vanderburg,41,39,0.05128205128205128,0.15384615384615385,0.02564102564102564,0.3333116680749084
2021_06_11_SLU_S12_SLU,Bradford Foley,11,11,0.0,0.09090909090909091,0.18181818181818182,0.0
2021_06_11_SLU_S12_SLU,Daniel Huber,17,16,0.125,0.125,0.25,0.999920006399488
2021_06_11_SLU_S12_SLU,Katherine de Kleer,37,35,0.08571428571428572,0.02857142857142857,0.14285714285714285,2.99895036737142
2021_06_11_SLU_S12_SLU,Keith Hawkins,56,30,0.0,0.06666666666666667,0.13333333333333333,0.0
2021_06_11_SLU_S12_SLU,Lisa Kaltenegger,52,47,0.0,0.02127659574468085,0.06382978723404255,0.0
2021_06_11_SLU_S12_SLU,Meredith MacGregor,32,31,0.06451612903225806,0.0,0.03225806451612903,6451.612903225806
2021_06_11_SLU_S12_SLU,Noah Planavsky,6,6,0.0,0.16666666666666666,0.16666666666666666,0.0
2021_06_11_SLU_S12_SLU,Richard Wiener,5,5,0.0,0.0,0.2,0.0
2021_06_11_SLU_S13_SLU,Aaron Engelhart,19,17,0.0,0.058823529411764705,0.17647058823529413,0.0
2021_06_11_SLU_S13_SLU,Amanda Stockton,55,37,0.02702702702702703,0.0,0.13513513513513514,2702.7027027027025
2021_06_11_SLU_S13_SLU,Christopher Hamilton,21,21,0.09523809523809523,0.0,0.047619047619047616,9523.809523809523
2021_06_11_SLU_S13_SLU,Jeffrey Marlow,13,13,0.07692307692307693,0.0,0.0,7692.307692307692
2021_06_11_SLU_S13_SLU,Leslie Rogers,15,15,0.0,0.06666666666666667,0.06666666666666667,0.0
2021_06_11_SLU_S13_SLU,Maggie Osburn,43,42,0.0,0.07142857142857142,0.023809523809523808,0.0
2021_06_11_SLU_S13_SLU,Rachel Parker,1,1,0.0,1.0,1.0,0.0
2021_06_11_SLU_S13_SLU,Solange Duhamel,3,3,0.0,0.3333333333333333,0.0,0.0
2021_06_11_SLU_S13_SLU,Stephanie Olson,13,12,0.0,0.0,0.08333333333333333,0.0
2021_06_11_SLU_S13_SLU,Timothy W Lyons,57,49,0.02040816326530612,0.02040816326530612,0.061224489795918366,0.9995102399824086
2021_06_11_SLU_S13_SLU,Tori Hoehler,17,17,0.058823529411764705,0.0,0.11764705882352941,5882.35294117647
2021_06_11_SLU_S1_SLU,Andrew Skemer,2,2,0.0,0.0,0.0,0.0
2021_06_11_SLU_S1_SLU,Andy Skemer,18,18,0.0,0.05555555555555555,0.05555555555555555,0.0
2021_06_11_SLU_S1_SLU,Andy skemer,1,1,0.0,0.0,0.0,0.0
2021_06_11_SLU_S1_SLU,Diane Matar,3,3,0.0,0.3333333333333333,0.6666666666666666,0.0
2021_06_11_SLU_S1_SLU,Edward Schwieterman,16,15,0.0,0.0,0.13333333333333333,0.0
2021_06_11_SLU_S1_SLU,Jeffrey Marlow,4,4,0.0,0.0,0.25,0.0
2021_06_11_SLU_S1_SLU,Kimberly Lau,2,2,0.5,0.0,0.5,49999.99999999999
2021_06_11_SLU_S1_SLU,Laura Barge,5,5,0.2,0.2,0.2,0.999950002499875
2021_06_11_SLU_S1_SLU,Mary Voytek,1,1,0.0,0.0,1.0,0.0
2021_06_11_SLU_S1_SLU,Nathaniel Gabor,26,23,0.21739130434782608,0.13043478260869565,0.17391304347826086,1.666538898684434
2021_06_11_SLU_S1_SLU,Niki Parenteau,60,56,0.03571428571428571,0.03571428571428571,0.07142857142857142,0.9997200783780541
2021_06_11_SLU_S1_SLU,Nikole Lewis,6,6,0.0,0.0,0.5,0.0
2021_06_11_SLU_S1_SLU,Noah Planavsky,42,41,0.0,0.04878048780487805,0.07317073170731707,0.0
2021_06_11_SLU_S1_SLU,Tyler Robinson,12,11,0.0,0.09090909090909091,0.36363636363636365,0.0
2021_06_11_SLU_S1_SLU,Victoria S Meadows,71,64,0.0,0.0,0.0625,0.0
2021_06_11_SLU_S2_SLU,Amanda Stockton,37,32,0.0,0.03125,0.375,0.0
2021_06_11_SLU_S2_SLU,Andro Rios,25,23,0.0,0.0,0.17391304347826086,0.0
2021_06_11_SLU_S2_SLU,Chris Martin,1,1,0.0,0.0,1.0,0.0
2021_06_11_SLU_S2_SLU,Eliza Kempton,23,21,0.14285714285714285,0.2857142857142857,0.23809523809523808,0.49998250061247856
2021_06_11_SLU_S2_SLU,Hilke Schlichting,10,9,0.3333333333333333,0.0,0.3333333333333333,33333.33333333333
2021_06_11_SLU_S2_SLU,Jay Forsythe,26,25,0.0,0.04,0.24,0.0
2021_06_11_SLU_S2_SLU,Liz Mccormack,1,1,0.0,0.0,1.0,0.0
2021_06_11_SLU_S2_SLU,Maggie Osburn,11,10,0.2,0.0,0.3,20000.0
2021_06_11_SLU_S2_SLU,Morgan Raven,45,21,0.0,0.047619047619047616,0.42857142857142855,0.0
2021_06_11_SLU_S2_SLU,Natasha Batalha,8,8,0.125,0.25,0.125,0.49998000079996796
2021_06_11_SLU_S2_SLU,Tori Hoehler,53,49,0.061224489795918366,0.0,0.08163265306122448,6122.448979591836
2021_06_11_SLU_S2_SLU,Ziming Yang,4,4,0.0,0.25,0.25,0.0
2021_06_11_SLU_S2_SLU,[Unintelligible Speaker],3,3,0.0,0.0,0.0,0.0
2021_06_11_SLU_S3_SLU,Aaron Engelhart,24,24,0.0,0.0,0.125,0.0
2021_06_11_SLU_S3_SLU,Jennifer Glass,22,20,0.0,0.05,0.2,0.0
2021_06_11_SLU_S3_SLU,Keith Hawkins,6,6,0.16666666666666666,0.16666666666666666,0.16666666666666666,0.999940003599784
2021_06_11_SLU_S3_SLU,Marc Neveu,9,9,0.1111111111111111,0.0,0.3333333333333333,11111.11111111111
2021_06_11_SLU_S3_SLU,Meredith MacGregor,22,20,0.05,0.15,0.1,0.33331111259249385
2021_06_11_SLU_S3_SLU,Rika Anderson,9,9,0.1111111111111111,0.0,0.3333333333333333,11111.11111111111
2021_06_11_SLU_S3_SLU,Shannon Mackenzie,7,7,0.0,0.2857142857142857,0.14285714285714285,0.0
2021_06_11_SLU_S3_SLU,Shannon Mackenzie | JHU APL,34,2,0.0,0.0,0.5,0.0
2021_06_11_SLU_S3_SLU,Silvia Ronco,2,2,0.0,0.0,0.0,0.0
2021_06_11_SLU_S3_SLU,Stilianos Louca,23,21,0.19047619047619047,0.09523809523809523,0.14285714285714285,1.999790022047685
2021_06_11_SLU_S3_SLU,Timothy W Lyons,71,66,0.06060606060606061,0.09090909090909091,0.12121212121212122,0.6665933413991127
2021_06_11_SLU_S4_SLU,Bradford Foley,11,11,0.09090909090909091,0.18181818181818182,0.09090909090909091,0.4999725015124168
2021_06_11_SLU_S4_SLU,Christopher Hamilton,28,27,0.1111111111111111,0.0,0.14814814814814814,11111.11111111111
2021_06_11_SLU_S4_SLU,Dimitar Sasselov,22,22,0.13636363636363635,0.045454545454545456,0.09090909090909091,2.9993401451680626
2021_06_11_SLU_S4_SLU,Joseph Levy,23,13,0.15384615384615385,0.07692307692307693,0.3076923076923077,1.9997400337956066
2021_06_11_SLU_S4_SLU,Laura Schaefer,6,5,0.2,0.4,0.2,0.4999875003124922
2021_06_11_SLU_S4_SLU,Liming Li,5,5,0.2,0.6,0.2,0.3333277778703689
2021_06_11_SLU_S4_SLU,Lisa Kaltenegger,58,46,0.06521739130434782,0.043478260869565216,0.10869565217391304,1.4996550793317536
2021_06_11_SLU_S4_SLU,Lisa Kaltenegger(she/her),16,16,0.0,0.0,0.0625,0.0
2021_06_11_SLU_S4_SLU,Simon Darroch,9,9,0.0,0.2222222222222222,0.3333333333333333,0.0
2021_06_11_SLU_S4_SLU,Stephanie Olson,22,21,0.0,0.047619047619047616,0.14285714285714285,0.0
2021_06_11_SLU_S4_SLU,Trinity Hamilton,9,9,0.1111111111111111,0.1111111111111111,0.4444444444444444,0.9999100080992711
2021_06_11_SLU_S5_SLU,Amanda Stockton,20,16,0.0,0.125,0.4375,0.0
2021_06_11_SLU_S5_SLU,Andro Rios,21,21,0.047619047619047616,0.0,0.19047619047619047,4761.9047619047615
2021_06_11_SLU_S5_SLU,Chris Martin,1,1,0.0,1.0,1.0,0.0
2021_06_11_SLU_S5_SLU,Eliza Kempton,23,18,0.0,0.16666666666666666,0.3333333333333333,0.0
2021_06_11_SLU_S5_SLU,Hilke Schlichting,10,10,0.3,0.0,0.3,29999.999999999996
2021_06_11_SLU_S5_SLU,Jay Forsythe,18,18,0.0,0.16666666666666666,0.5,0.0
2021_06_11_SLU_S5_SLU,Liz McCormack,1,1,0.0,1.0,1.0,0.0
2021_06_11_SLU_S5_SLU,Maggie Osburn,10,10,0.1,0.0,0.1,10000.0
2021_06_11_SLU_S5_SLU,Morgan Raven,20,19,0.0,0.0,0.47368421052631576,0.0
2021_06_11_SLU_S5_SLU,Natasha Batalha,11,11,0.0,0.18181818181818182,0.09090909090909091,0.0
2021_06_11_SLU_S5_SLU,Tori Hoehler,39,35,0.11428571428571428,0.0,0.08571428571428572,11428.571428571428
2021_06_11_SLU_S5_SLU,Ziming Yang,5,5,0.6,0.8,0.6,0.7499906251171861
2021_06_11_SLU_S6_SLU,Andrew Vanderburg,15,15,0.0,0.06666666666666667,0.26666666666666666,0.0
2021_06_11_SLU_S6_SLU,Coco Zhang,12,15,0.13333333333333333,0.0,0.26666666666666666,13333.333333333332
2021_06_11_SLU_S6_SLU,Courtney Dressing,15,15,0.06666666666666667,0.0,0.13333333333333333,6666.666666666666
2021_06_11_SLU_S6_SLU,Daniel Apai,57,56,0.0,0.017857142857142856,0.07142857142857142,0.0
2021_06_11_SLU_S6_SLU,Daniel Huber,24,25,0.0,0.04,0.24,0.0
2021_06_11_SLU_S6_SLU,Ke Zhang,2,2,0.0,0.0,0.0,0.0
2021_06_11_SLU_S6_SLU,Leslie Rogers,28,29,0.0,0.034482758620689655,0.034482758620689655,0.0
2021_06_11_SLU_S6_SLU,Nicolas Cowan,32,32,0.09375,0.03125,0.0625,2.999040307101727
2021_06_11_SLU_S6_SLU,Paul Robertson,26,25,0.08,0.0,0.24,7999.999999999999
2021_06_11_SLU_S6_SLU,Smadar Naoz,30,29,0.034482758620689655,0.10344827586206896,0.10344827586206896,0.33330111422562486
2021_06_11_SLU_S7_SLU,Anat Shahar,48,47,0.0,0.0425531914893617,0.02127659574468085,0.0
2021_06_11_SLU_S7_SLU,Bet√ºl Ka√ßar,13,13,0.0,0.07692307692307693,0.46153846153846156,0.0
2021_06_11_SLU_S7_SLU,Christopher Reinhard,27,26,0.038461538461538464,0.038461538461538464,0.19230769230769232,0.9997400675824285
2021_06_11_SLU_S7_SLU,Edwin Kite,18,18,0.1111111111111111,0.05555555555555555,0.1111111111111111,1.999640064788338
2021_06_11_SLU_S7_SLU,Gregory Fournier,25,25,0.08,0.0,0.08,7999.999999999999
2021_06_11_SLU_S7_SLU,Ji Wang,23,23,0.08695652173913043,0.08695652173913043,0.17391304347826086,0.9998850132234793
2021_06_11_SLU_S7_SLU,Katherine de Kleer,6,6,0.0,0.0,0.16666666666666666,0.0
2021_06_11_SLU_S7_SLU,Mathieu Lapotre,13,13,0.07692307692307693,0.0,0.3076923076923077,7692.307692307692
2021_06_11_SLU_S7_SLU,Peter Driscoll,6,6,0.0,0.16666666666666666,0.16666666666666666,0.0
2021_06_11_SLU_S7_SLU,Shawn Domagal,18,18,0.0,0.0,0.16666666666666666,0.0
2021_06_11_SLU_S7_SLU,Solange Duhamel,2,2,0.0,0.5,0.5,0.0
2021_06_11_SLU_S8_SLU,Christopher Reinhard,39,40,0.0,0.05,0.0,0.0
2021_06_11_SLU_S8_SLU,Courtney Dressing,40,40,0.075,0.05,0.2,1.4997000599880022
2021_06_11_SLU_S8_SLU,Edwin Kite,34,32,0.0625,0.09375,0.03125,0.6665955631399317
2021_06_11_SLU_S8_SLU,Joseph Levy,27,25,0.0,0.04,0.08,0.0
2021_06_11_SLU_S8_SLU,Joseph Levy(he/him,4,4,0.0,0.0,0.0,0.0
2021_06_11_SLU_S8_SLU,Peter Driscoll,5,5,0.0,0.0,0.4,0.0
2021_06_11_SLU_S8_SLU,Richard Wiener,3,3,0.0,0.0,0.0,0.0
2021_06_11_SLU_S8_SLU,Shawn Domagal,57,50,0.02,0.02,0.1,0.9995002498750625
2021_06_11_SLU_S8_SLU,Silvia Ronco,4,4,0.0,0.0,0.0,0.0
2021_06_11_SLU_S8_SLU,Smadar Naoz,36,36,0.05555555555555555,0.027777777777777776,0.1111111111111111,1.9992802591067216
2021_06_11_SLU_S8_SLU,Ziming Yang,6,6,0.3333333333333333,0.0,0.16666666666666666,33333.33333333333
2021_06_11_SLU_S9_SLU,Andrew Vanderburg,38,28,0.03571428571428571,0.0,0.03571428571428571,3571.428571428571
2021_06_11_SLU_S9_SLU,Bradford Foley,10,10,0.0,0.2,0.2,0.0
2021_06_11_SLU_S9_SLU,Daniel Huber,14,14,0.07142857142857142,0.0,0.35714285714285715,7142.857142857142
2021_06_11_SLU_S9_SLU,Katherine de Kleer,37,33,0.0,0.0,0.18181818181818182,0.0
2021_06_11_SLU_S9_SLU,Keith Hawkins,27,22,0.09090909090909091,0.09090909090909091,0.2727272727272727,0.9998900120986692
2021_06_11_SLU_S9_SLU,Lisa Kaltenegger,92,79,0.05063291139240506,0.0759493670886076,0.0379746835443038,0.6665789004447747
2021_06_11_SLU_S9_SLU,Meredith MacGregor,28,28,0.14285714285714285,0.07142857142857142,0.07142857142857142,1.999720039194513
2021_06_11_SLU_S9_SLU,Noah Planavsky,9,9,0.1111111111111111,0.1111111111111111,0.2222222222222222,0.9999100080992711
2021_06_11_SLU_S9_SLU,Richard Wiener,5,5,0.0,0.0,0.2,0.0
2021_09_30_MZT_S2_MZT,Andrew Feig,6,6,0.16666666666666666,0.0,0.3333333333333333,16666.666666666664
2021_09_30_MZT_S2_MZT,Avery Strait,11,11,0.0,0.18181818181818182,0.0,0.0
2021_09_30_MZT_S2_MZT,Bethany McGregor,8,8,0.125,0.125,0.0,0.999920006399488
2021_09_30_MZT_S2_MZT,Daniel Becker,6,5,0.4,0.0,0.2,40000.0
2021_09_30_MZT_S2_MZT,Gonzalo Vazquez Prokopec,1,1,1.0,0.0,0.0,99999.99999999999
2021_09_30_MZT_S2_MZT,Guillaume Bastille-Rousseau,38,21,0.19047619047619047,0.0,0.09523809523809523,19047.619047619046
2021_09_30_MZT_S2_MZT,Kezia Manlove,20,18,0.1111111111111111,0.0,0.3888888888888889,11111.11111111111
2021_09_30_MZT_S2_MZT,Lauren Charles,31,28,0.0,0.03571428571428571,0.10714285714285714,0.0
2021_09_30_MZT_S2_MZT,Liliana Salvador,12,12,0.0,0.0,0.08333333333333333,0.0
2021_09_30_MZT_S2_MZT,Mark Wilber,8,7,0.0,0.0,0.14285714285714285,0.0
2021_09_30_MZT_S2_MZT,Mike Wimberly,4,4,0.0,0.25,0.75,0.0
2021_09_30_MZT_S3_MZT,Angad Mehta,34,33,0.0,0.030303030303030304,0.030303030303030304,0.0
2021_09_30_MZT_S3_MZT,Arenas,1,1,0.0,0.0,1.0,0.0
2021_09_30_MZT_S3_MZT,Brenda Rubenstein,6,6,0.3333333333333333,0.0,0.16666666666666666,33333.33333333333
2021_09_30_MZT_S3_MZT,Danae Schulz,10,10,0.0,0.0,0.2,0.0
2021_09_30_MZT_S3_MZT,Diego Huet,3,3,0.0,0.6666666666666666,0.3333333333333333,0.0
2021_09_30_MZT_S3_MZT,Erik Procko,7,6,0.0,0.16666666666666666,0.16666666666666666,0.0
2021_09_30_MZT_S3_MZT,Gisselle Medina,9,9,0.1111111111111111,0.2222222222222222,0.3333333333333333,0.4999775010124544
2021_09_30_MZT_S3_MZT,Peter Dorhout,18,18,0.0,0.05555555555555555,0.1111111111111111,0.0
2021_09_30_MZT_S3_MZT,Richard Wiener,3,3,0.0,0.0,0.3333333333333333,0.0
2021_09_30_MZT_S3_MZT,Wilfred van der Donk,7,7,0.0,0.2857142857142857,0.14285714285714285,0.0
2021_09_30_MZT_S3_MZT,Wilfred van der Donk UIUC/HHMI,13,13,0.0,0.0,0.0,0.0
2021_09_30_MZT_S3_MZT,William Witola,12,12,0.08333333333333333,0.25,0.08333333333333333,0.33332000053331196
2021_09_30_MZT_S4_MZT,Chang,4,4,0.5,0.0,0.25,49999.99999999999
2021_09_30_MZT_S4_MZT,Christoph Thaiss,3,3,0.0,0.0,0.6666666666666666,0.0
2021_09_30_MZT_S4_MZT,Claudia Herrera,4,4,0.25,0.0,0.25,24999.999999999996
2021_09_30_MZT_S4_MZT,Curt Horvath,25,24,0.08333333333333333,0.0,0.041666666666666664,8333.333333333332
2021_09_30_MZT_S4_MZT,Efrem Lim,4,4,0.0,0.25,0.0,0.0
2021_09_30_MZT_S4_MZT,Jenny Maloney,64,49,0.04081632653061224,0.0,0.04081632653061224,4081.6326530612237
2021_09_30_MZT_S4_MZT,Laurene Tetard,19,18,0.0,0.0,0.0,0.0
2021_09_30_MZT_S4_MZT,Paola Boggiatto,17,16,0.125,0.0,0.0625,12499.999999999998
2021_09_30_MZT_S4_MZT,Prashant Singh,4,4,0.25,0.25,0.25,0.9999600015999359
2021_09_30_MZT_S4_MZT,Sandra Laney,1,1,0.0,1.0,0.0,0.0
2021_09_30_MZT_S4_MZT,Yanling Chang,2,2,0.0,0.0,0.0,0.0
2021_09_30_MZT_S5_MZT,Ana Bento,17,16,0.25,0.125,0.25,1.999840012798976
2021_09_30_MZT_S5_MZT,Chuck Lewis,5,5,0.2,0.2,0.2,0.999950002499875
2021_09_30_MZT_S5_MZT,Hongfu Liu,3,4,0.0,0.25,0.0,0.0
2021_09_30_MZT_S5_MZT,Joyce Jose,23,22,0.0,0.0,0.09090909090909091,0.0
2021_09_30_MZT_S5_MZT,Maria Fernandez,20,20,0.15,0.25,0.25,0.5999760009599615
2021_09_30_MZT_S5_MZT,Matt Erdman,23,24,0.0,0.0,0.08333333333333333,0.0
2021_09_30_MZT_S5_MZT,Matthew Hopken,17,16,0.0625,0.0,0.25,6249.999999999999
2021_09_30_MZT_S5_MZT,Nicole Eikmeier,3,3,0.6666666666666666,0.0,0.3333333333333333,66666.66666666666
2021_09_30_MZT_S5_MZT,Troy Clavell Sutton,15,16,0.125,0.0625,0.0625,1.9996800511918094
2021_09_30_MZT_S6_MZT,Ana Bento,3,1,0.0,0.0,1.0,0.0
2021_09_30_MZT_S6_MZT,Joyce Jose,5,5,0.0,0.0,0.0,0.0
2021_09_30_MZT_S6_MZT,Maria Fernandez,10,4,0.0,0.5,0.25,0.0
2021_09_30_MZT_S6_MZT,Matt Erdman,14,14,0.0,0.0,0.14285714285714285,0.0
2021_09_30_MZT_S6_MZT,Matthew Hopken,2,2,0.0,0.0,0.5,0.0
2021_09_30_MZT_S6_MZT,Sandra Laney,1,1,0.0,0.0,1.0,0.0
2021_09_30_MZT_S6_MZT,Troy Clavell Sutton,4,4,0.0,0.25,0.25,0.0
2021_09_30_MZT_S7_MZT,Adela Oliva Chavez,2,2,0.0,0.5,0.5,0.0
2021_09_30_MZT_S7_MZT,Andrew Feig,10,10,0.1,0.0,0.1,10000.0
2021_09_30_MZT_S7_MZT,Avery Strait,16,16,0.0625,0.1875,0.125,0.33331555650365313
2021_09_30_MZT_S7_MZT,Bethany McGregor,15,14,0.07142857142857142,0.14285714285714285,0.14285714285714285,0.4999650024498285
2021_09_30_MZT_S7_MZT,Cheryl Andam,8,8,0.125,0.0,0.125,12499.999999999998
2021_09_30_MZT_S7_MZT,Crystal Hepp,8,8,0.0,0.0,0.0,0.0
2021_09_30_MZT_S7_MZT,Daniel Becker,6,6,0.0,0.0,0.5,0.0
2021_09_30_MZT_S7_MZT,Daren Ginete,1,1,0.0,1.0,1.0,0.0
2021_09_30_MZT_S7_MZT,Gonzalo Vazquez Prokopec,7,5,0.2,0.0,0.2,20000.0
2021_09_30_MZT_S7_MZT,Guillaume Bastille-Rousseau,11,11,0.09090909090909091,0.09090909090909091,0.2727272727272727,0.9998900120986692
2021_09_30_MZT_S7_MZT,Hannah Frank,26,26,0.0,0.038461538461538464,0.2692307692307692,0.0
2021_09_30_MZT_S7_MZT,Hannah Frank Tulane,2,2,0.0,0.0,0.5,0.0
2021_09_30_MZT_S7_MZT,Jason Ladner,1,1,0.0,1.0,1.0,0.0
2021_09_30_MZT_S7_MZT,Justin Bahl,13,12,0.4166666666666667,0.08333333333333333,0.5,4.999400071991362
2021_09_30_MZT_S7_MZT,Kezia Manlove,21,21,0.23809523809523808,0.047619047619047616,0.47619047619047616,4.998950220453704
2021_09_30_MZT_S7_MZT,Kim Pepin,19,18,0.1111111111111111,0.05555555555555555,0.16666666666666666,1.999640064788338
2021_09_30_MZT_S7_MZT,Lauren Charles,57,30,0.06666666666666667,0.0,0.1,6666.666666666666
2021_09_30_MZT_S7_MZT,Liliana Salvador,15,15,0.0,0.13333333333333333,0.06666666666666667,0.0
2021_09_30_MZT_S7_MZT,Linda Detwiler,90,78,0.0,0.02564102564102564,0.16666666666666666,0.0
2021_09_30_MZT_S7_MZT,Mark Wilber,9,8,0.125,0.375,0.5,0.33332444468147515
2021_09_30_MZT_S7_MZT,Mike Wimberly,10,9,0.1111111111111111,0.2222222222222222,0.3333333333333333,0.4999775010124544
2021_09_30_MZT_S7_MZT,Rebecca Garabed,21,21,0.047619047619047616,0.0,0.19047619047619047,4761.9047619047615
2021_09_30_MZT_S7_MZT,Richard Wiener,3,3,0.0,0.0,0.0,0.0
2021_09_30_MZT_S7_MZT,Salvador Almagro,7,7,0.14285714285714285,0.0,0.14285714285714285,14285.714285714284
2021_09_30_MZT_S7_MZT,Sara Zimmer,12,11,0.18181818181818182,0.09090909090909091,0.2727272727272727,1.9997800241973385
2021_09_30_MZT_S7_MZT,Tavis Anderson,27,25,0.16,0.0,0.24,15999.999999999998
2021_09_30_MZT_S7_MZT,adela,8,8,0.0,0.125,0.0,0.0
2021_10_01_MZT_S11_MZT,Brenda Rubenstein,4,4,0.25,0.0,0.0,24999.999999999996
2021_10_01_MZT_S11_MZT,Cheryl Andam,7,7,0.14285714285714285,0.0,0.0,14285.714285714284
2021_10_01_MZT_S11_MZT,Dana Mitzel,12,11,0.0,0.18181818181818182,0.18181818181818182,0.0
2021_10_01_MZT_S11_MZT,Danae Schulz,12,11,0.09090909090909091,0.0,0.18181818181818182,9090.90909090909
2021_10_01_MZT_S11_MZT,Joyce Jose,14,14,0.14285714285714285,0.14285714285714285,0.2857142857142857,0.999930004899657
2021_10_01_MZT_S11_MZT,Kristin Koutmou,26,24,0.08333333333333333,0.041666666666666664,0.25,1.9995201151723585
2021_10_01_MZT_S11_MZT,Wilfred van der Donk,42,40,0.05,0.025,0.1,1.9992003198720512
2021_10_01_MZT_S11_MZT,William Witola,15,15,0.0,0.06666666666666667,0.26666666666666666,0.0
2021_10_01_MZT_S1_MZT,Amy Vincent,22,19,0.0,0.0,0.05263157894736842,0.0
2021_10_01_MZT_S1_MZT,Claudia Herrera,41,18,0.0,0.0,0.2222222222222222,0.0
2021_10_01_MZT_S1_MZT,Danae Schulz,8,8,0.0,0.125,0.125,0.0
2021_10_01_MZT_S1_MZT,Diego Huet,1,1,0.0,0.0,1.0,0.0
2021_10_01_MZT_S1_MZT,Heather Walden,3,3,0.0,0.3333333333333333,0.6666666666666666,0.0
2021_10_01_MZT_S1_MZT,Jenny Maloney,7,7,0.0,0.0,0.0,0.0
2021_10_01_MZT_S1_MZT,Kristin Koutmou,6,6,0.0,0.0,0.16666666666666666,0.0
2021_10_01_MZT_S1_MZT,Maria Fernandez,33,30,0.06666666666666667,0.03333333333333333,0.23333333333333334,1.999400179946016
2021_10_01_MZT_S1_MZT,Sara Zimmer,40,37,0.02702702702702703,0.02702702702702703,0.13513513513513514,0.9996301368493657
2021_10_01_MZT_S1_MZT,Silvie Huijben,28,28,0.0,0.03571428571428571,0.14285714285714285,0.0
2021_10_01_MZT_S1_MZT,William Witola,12,12,0.08333333333333333,0.08333333333333333,0.08333333333333333,0.9998800143982722
2021_10_01_MZT_S2_MZT,Adela Oliva Chavez,17,17,0.17647058823529413,0.058823529411764705,0.17647058823529413,2.9994900866852636
2021_10_01_MZT_S2_MZT,Adela Oliva Chavez Oliva Chavez,10,10,0.1,0.1,0.1,0.9999000099990001
2021_10_01_MZT_S2_MZT,Amy Hartman,12,12,0.0,0.0,0.08333333333333333,0.0
2021_10_01_MZT_S2_MZT,Daniel Becker,9,8,0.125,0.125,0.25,0.999920006399488
2021_10_01_MZT_S2_MZT,Guillaume Bastille-Rousseau,4,4,0.25,0.0,0.5,24999.999999999996
2021_10_01_MZT_S2_MZT,Katia Koelle,6,6,0.0,0.0,0.0,0.0
2021_10_01_MZT_S2_MZT,Kezia Manlove,12,11,0.2727272727272727,0.09090909090909091,0.18181818181818182,2.999670036296007
2021_10_01_MZT_S2_MZT,Kim Pepin,18,16,0.0625,0.0,0.3125,6249.999999999999
2021_10_01_MZT_S2_MZT,Linda Detwiler,76,73,0.0,0.0273972602739726,0.0958904109589041,0.0
2021_10_01_MZT_S2_MZT,Matthew Hopken,5,4,0.0,0.0,0.25,0.0
2021_10_01_MZT_S2_MZT,Mike Wimberly,8,8,0.125,0.0,0.25,12499.999999999998
2021_10_01_MZT_S2_MZT,Troy Sutton,4,4,0.0,0.25,0.25,0.0
2021_10_01_MZT_S3_MZT,A Ali Yanik,28,25,0.0,0.08,0.36,0.0
2021_10_01_MZT_S3_MZT,Adela Oliva Chavez,4,4,0.25,0.0,0.0,24999.999999999996
2021_10_01_MZT_S3_MZT,Andrew Feig,23,22,0.0,0.045454545454545456,0.09090909090909091,0.0
2021_10_01_MZT_S3_MZT,Beth Lautner,2,2,0.0,0.5,0.5,0.0
2021_10_01_MZT_S3_MZT,Bethany McGregor,14,13,0.07692307692307693,0.07692307692307693,0.07692307692307693,0.9998700168978033
2021_10_01_MZT_S3_MZT,Brenda Rubenstein,13,9,0.2222222222222222,0.0,0.4444444444444444,22222.22222222222
2021_10_01_MZT_S3_MZT,Christine K Johnson,3,3,0.0,0.0,0.0,0.0
2021_10_01_MZT_S3_MZT,Chuck Lewis,7,7,0.0,0.14285714285714285,0.0,0.0
2021_10_01_MZT_S3_MZT,Crystal Hepp,19,19,0.05263157894736842,0.05263157894736842,0.21052631578947367,0.9998100360931422
2021_10_01_MZT_S3_MZT,Daren Ginete,2,2,0.0,0.0,1.0,0.0
2021_10_01_MZT_S3_MZT,Gisselle Medina,1,1,0.0,0.0,0.0,0.0
2021_10_01_MZT_S3_MZT,Laurene Tetard,12,12,0.0,0.0,0.0,0.0
2021_10_01_MZT_S3_MZT,Linda Detwiler,5,5,0.4,0.2,0.0,1.99990000499975
2021_10_01_MZT_S3_MZT,Maria Fernandez,5,5,0.0,0.0,0.0,0.0
2021_10_01_MZT_S3_MZT,Mark Wilber,2,2,0.0,0.0,0.0,0.0
2021_10_01_MZT_S3_MZT,Paola Boggiatto,17,16,0.125,0.1875,0.25,0.6666311130073063
2021_10_01_MZT_S3_MZT,Peter Dorhout,31,30,0.03333333333333333,0.1,0.23333333333333334,0.33330000333300003
2021_10_01_MZT_S3_MZT,Peter Dornhout,3,3,0.0,0.0,0.6666666666666666,0.0
2021_10_01_MZT_S3_MZT,Prashant Singh,12,12,0.0,0.08333333333333333,0.16666666666666666,0.0
2021_10_01_MZT_S3_MZT,Rebecca Garabed,5,5,0.0,0.0,0.0,0.0
2021_10_01_MZT_S3_MZT,Rebecca Smith,12,12,0.08333333333333333,0.0,0.16666666666666666,8333.333333333332
2021_10_01_MZT_S3_MZT,Richard Wiener,0,1,0.0,0.0,0.0,0.0
2021_10_01_MZT_S3_MZT,Sara Zimmer,8,8,0.125,0.125,0.25,0.999920006399488
2021_10_01_MZT_S3_MZT,Sen Pei,20,20,0.0,0.0,0.25,0.0
2021_10_01_MZT_S4_MZT,Adela Detwiler,1,1,1.0,0.0,0.0,99999.99999999999
2021_10_01_MZT_S4_MZT,Adela Oliva Chavez,3,3,0.0,0.0,0.0,0.0
2021_10_01_MZT_S4_MZT,Ana Bento,6,6,0.0,0.0,0.16666666666666666,0.0
2021_10_01_MZT_S4_MZT,Andrew Feig,24,24,0.0,0.0,0.041666666666666664,0.0
2021_10_01_MZT_S4_MZT,Angela Arenas,8,8,0.125,0.0,0.375,12499.999999999998
2021_10_01_MZT_S4_MZT,Bethany McGregor,2,2,0.5,1.0,0.0,0.49999500004999947
2021_10_01_MZT_S4_MZT,Chuck Lewis,5,3,0.3333333333333333,0.3333333333333333,0.3333333333333333,0.999970000899973
2021_10_01_MZT_S4_MZT,Dana Mitzel,9,8,0.0,0.0,0.25,0.0
2021_10_01_MZT_S4_MZT,Efrem Lim,12,11,0.18181818181818182,0.2727272727272727,0.36363636363636365,0.6666422231184856
2021_10_01_MZT_S4_MZT,Gisselle Medina,5,5,0.0,0.0,0.2,0.0
2021_10_01_MZT_S4_MZT,Joyce Jose,9,8,0.0,0.0,0.0,0.0
2021_10_01_MZT_S4_MZT,Joyce Jose Penn State,13,13,0.07692307692307693,0.07692307692307693,0.15384615384615385,0.9998700168978033
2021_10_01_MZT_S4_MZT,Justin Bahl,44,36,0.05555555555555555,0.1111111111111111,0.19444444444444445,0.49995500404963555
2021_10_01_MZT_S4_MZT,Lauren Charles,1,1,1.0,0.0,0.0,99999.99999999999
2021_10_01_MZT_S4_MZT,Maria Fernandez,4,4,0.0,0.0,0.0,0.0
2021_10_01_MZT_S4_MZT,Mark Wilber,3,3,0.3333333333333333,0.0,0.0,33333.33333333333
2021_10_01_MZT_S4_MZT,Rebecca Garabed,57,53,0.0,0.03773584905660377,0.1320754716981132,0.0
2021_10_01_MZT_S4_MZT,Sara Zimmer,13,13,0.07692307692307693,0.07692307692307693,0.15384615384615385,0.9998700168978033
2021_10_01_MZT_S4_MZT,Silvie Huijben,1,1,0.0,0.0,0.0,0.0
2021_10_01_MZT_S7_MZT,Amy Hartman,2,3,0.0,0.0,0.3333333333333333,0.0
2021_10_01_MZT_S7_MZT,Amy Vincent,4,4,0.0,0.25,0.5,0.0
2021_10_01_MZT_S7_MZT,Chuck Lewis,18,18,0.1111111111111111,0.1111111111111111,0.2222222222222222,0.9999100080992711
2021_10_01_MZT_S7_MZT,Colin Basler,1,1,1.0,1.0,1.0,0.9999900000999989
2021_10_01_MZT_S7_MZT,Crystal Hepp,11,11,0.18181818181818182,0.09090909090909091,0.18181818181818182,1.9997800241973385
2021_10_01_MZT_S7_MZT,Erik Procko,6,5,0.2,0.6,0.4,0.3333277778703689
2021_10_01_MZT_S7_MZT,Liliana Salvador,12,12,0.25,0.08333333333333333,0.16666666666666666,2.999640043194817
2021_10_01_MZT_S7_MZT,Maria Fernandez,32,27,0.037037037037037035,0.1111111111111111,0.18518518518518517,0.33330333603309037
2021_10_01_MZT_S7_MZT,Mark Wilber,21,20,0.05,0.05,0.15,0.9998000399920015
2021_10_01_MZT_S7_MZT,Mike Wimberly,29,29,0.0,0.0,0.13793103448275862,0.0
2021_10_01_MZT_S7_MZT,Paola Boggiatto,8,8,0.25,0.0,0.5,24999.999999999996
2021_10_01_MZT_S7_MZT,Sara Zimmer,39,34,0.08823529411764706,0.058823529411764705,0.058823529411764705,1.4997450433426318
2021_10_01_MZT_S8_MZT,Adela Oliva Chavez,8,8,0.25,0.0,0.125,24999.999999999996
2021_10_01_MZT_S8_MZT,Andrew Feig,2,2,0.5,0.0,0.0,49999.99999999999
2021_10_01_MZT_S8_MZT,Angela Arenas,12,12,0.25,0.0,0.4166666666666667,24999.999999999996
2021_10_01_MZT_S8_MZT,Christoph Thaiss,38,37,0.02702702702702703,0.05405405405405406,0.08108108108108109,0.49990751710933473
2021_10_01_MZT_S8_MZT,Claudia Herrera,4,4,0.0,0.0,0.0,0.0
2021_10_01_MZT_S8_MZT,Curt Horvath,42,42,0.0,0.047619047619047616,0.047619047619047616,0.0
2021_10_01_MZT_S8_MZT,Gisselle Medina,8,8,0.0,0.125,0.125,0.0
2021_10_01_MZT_S8_MZT,Hongfu Liu,7,7,0.42857142857142855,0.42857142857142855,0.2857142857142857,0.9999766672110983
2021_10_01_MZT_S8_MZT,Matt Erdman,45,45,0.0,0.0,0.022222222222222223,0.0
2021_10_01_MZT_S8_MZT,Yanling Chang,11,10,0.0,0.1,0.4,0.0
2021_10_01_MZT_S9_MZT,A Ali Yanik,16,15,0.13333333333333333,0.06666666666666667,0.13333333333333333,1.9997000449932512
2021_10_01_MZT_S9_MZT,Andrew Feig,4,4,0.0,0.0,0.0,0.0
2021_10_01_MZT_S9_MZT,Audrey Ruple,14,13,0.07692307692307693,0.07692307692307693,0.07692307692307693,0.9998700168978033
2021_10_01_MZT_S9_MZT,Beth Lautner,1,1,0.0,1.0,1.0,0.0
2021_10_01_MZT_S9_MZT,Bethany McGregor,12,12,0.08333333333333333,0.16666666666666666,0.25,0.499970001799892
2021_10_01_MZT_S9_MZT,Christine K Johnson,54,48,0.0,0.0,0.08333333333333333,0.0
2021_10_01_MZT_S9_MZT,Curt Horvath,1,1,0.0,0.0,1.0,0.0
2021_10_01_MZT_S9_MZT,Efrem Lim,5,5,0.0,0.0,0.2,0.0
2021_10_01_MZT_S9_MZT,Gonzalo Vazquez Prokopec,26,25,0.04,0.0,0.12,3999.9999999999995
2021_10_01_MZT_S9_MZT,Kim Pepin,15,14,0.0,0.0,0.14285714285714285,0.0
2021_10_01_MZT_S9_MZT,Lauren Charles,24,23,0.043478260869565216,0.0,0.17391304347826086,4347.826086956521
2021_10_01_MZT_S9_MZT,Peter Dorhout,14,14,0.0,0.0,0.21428571428571427,0.0
2021_10_01_MZT_S9_MZT,Rebecca Smith,2,2,0.0,0.0,0.0,0.0
2021_10_01_MZT_S9_MZT,Sen Pei,3,3,0.0,0.0,0.0,0.0
2021_10_01_MZT_S9_MZT,Silvia Ronco,2,2,0.0,0.0,0.5,0.0
2021_10_01_MZT_S9_MZT,Wilfred van der Donk,4,4,0.0,0.0,0.0,0.0
