predictor,coef,std_err,p_value,ci_low,ci_high,model,n_obs,llf,llnull,pseudo_r2,llr_pvalue
Intercept,0.0,,,,,Facilitator vs Non-facilitator,273,-12.497776450971724,-146.26140206575994,0.9145517800700922,1.830508401482674e-42
C(conference)[T.CMC],0.0,,,,,Facilitator vs Non-facilitator,273,-12.497776450971724,-146.26140206575994,0.9145517800700922,1.830508401482674e-42
C(conference)[T.MND],0.0,,,,,Facilitator vs Non-facilitator,273,-12.497776450971724,-146.26140206575994,0.9145517800700922,1.830508401482674e-42
C(conference)[T.MZT],0.0,,,,,Facilitator vs Non-facilitator,273,-12.497776450971724,-146.26140206575994,0.9145517800700922,1.830508401482674e-42
C(conference)[T.NES],0.0,,,,,Facilitator vs Non-facilitator,273,-12.497776450971724,-146.26140206575994,0.9145517800700922,1.830508401482674e-42
C(conference)[T.SLU],0.0,,,,,Facilitator vs Non-facilitator,273,-12.497776450971724,-146.26140206575994,0.9145517800700922,1.830508401482674e-42
C(year)[T.2021],0.0,,,,,Facilitator vs Non-facilitator,273,-12.497776450971724,-146.26140206575994,0.9145517800700922,1.830508401482674e-42
C(year)[T.2022],0.0,,,,,Facilitator vs Non-facilitator,273,-12.497776450971724,-146.26140206575994,0.9145517800700922,1.830508401482674e-42
sessions_total,-1.6379171214853976,0.6169487358334719,0.007933957563699794,-2.8471144240265183,-0.4287198189442769,Facilitator vs Non-facilitator,273,-12.497776450971724,-146.26140206575994,0.9145517800700922,1.830508401482674e-42
ann_coordination_and_decision_practices_count,0.7949552414467321,0.40351386697779146,0.048829020251289594,0.004082594907774628,1.5858278879856895,Facilitator vs Non-facilitator,273,-12.497776450971724,-146.26140206575994,0.9145517800700922,1.830508401482674e-42
ann_coordination_and_decision_practices_mean_score,0.0,,,,,Facilitator vs Non-facilitator,273,-12.497776450971724,-146.26140206575994,0.9145517800700922,1.830508401482674e-42
ann_coordination_and_decision_practices_sum_score,-0.4874433936168158,0.2820156176533509,0.08391170740821846,-1.0401838472952019,0.06529706006157027,Facilitator vs Non-facilitator,273,-12.497776450971724,-146.26140206575994,0.9145517800700922,1.830508401482674e-42
ann_evaluation_practices_count,-0.05792963788092018,0.44135141962171204,0.8955734858412245,-0.9229625248651003,0.8071032491032599,Facilitator vs Non-facilitator,273,-12.497776450971724,-146.26140206575994,0.9145517800700922,1.830508401482674e-42
ann_evaluation_practices_mean_score,-1.0045598311053467,1.2101401593045893,0.4064717429160565,-3.3763909595879054,1.3672712973772119,Facilitator vs Non-facilitator,273,-12.497776450971724,-146.26140206575994,0.9145517800700922,1.830508401482674e-42
ann_evaluation_practices_sum_score,0.022410465675407238,0.29887639172701735,0.9402287244951018,-0.5633764979388317,0.6081974292896463,Facilitator vs Non-facilitator,273,-12.497776450971724,-146.26140206575994,0.9145517800700922,1.830508401482674e-42
ann_idea_management_count,-0.38014399424634987,0.4830383422487251,0.43129056893778617,-1.3268817482057835,0.5665937597130837,Facilitator vs Non-facilitator,273,-12.497776450971724,-146.26140206575994,0.9145517800700922,1.830508401482674e-42
ann_idea_management_mean_score,0.0,,,,,Facilitator vs Non-facilitator,273,-12.497776450971724,-146.26140206575994,0.9145517800700922,1.830508401482674e-42
ann_idea_management_sum_score,0.2738803827129939,0.27661375427056356,0.32211622442348853,-0.2682726132857232,0.8160333787117111,Facilitator vs Non-facilitator,273,-12.497776450971724,-146.26140206575994,0.9145517800700922,1.830508401482674e-42
ann_information_seeking_count,-0.8769026958915602,0.6250726265704201,0.16065223951889895,-2.1020225316914383,0.3482171399083176,Facilitator vs Non-facilitator,273,-12.497776450971724,-146.26140206575994,0.9145517800700922,1.830508401482674e-42
ann_information_seeking_mean_score,0.0,,,,,Facilitator vs Non-facilitator,273,-12.497776450971724,-146.26140206575994,0.9145517800700922,1.830508401482674e-42
ann_information_seeking_sum_score,0.3596104483375365,0.33563559810997823,0.28397559481849466,-0.2982232358875806,1.0174441325626535,Facilitator vs Non-facilitator,273,-12.497776450971724,-146.26140206575994,0.9145517800700922,1.830508401482674e-42
ann_integration_practices_count,0.0,,,,,Facilitator vs Non-facilitator,273,-12.497776450971724,-146.26140206575994,0.9145517800700922,1.830508401482674e-42
ann_integration_practices_mean_score,-0.6984927965159927,1.3729307951758547,0.6109201920287134,-3.3893877083266055,1.9924021152946203,Facilitator vs Non-facilitator,273,-12.497776450971724,-146.26140206575994,0.9145517800700922,1.830508401482674e-42
ann_integration_practices_sum_score,-0.29249124068629884,0.1856559782665776,0.11515319525150582,-0.6563702716033419,0.07138779023074426,Facilitator vs Non-facilitator,273,-12.497776450971724,-146.26140206575994,0.9145517800700922,1.830508401482674e-42
ann_knowledge_sharing_count,-0.3212853795336234,0.1987344705202366,0.10595244211334362,-0.7107977842399242,0.06822702517267742,Facilitator vs Non-facilitator,273,-12.497776450971724,-146.26140206575994,0.9145517800700922,1.830508401482674e-42
ann_knowledge_sharing_mean_score,0.0,,,,,Facilitator vs Non-facilitator,273,-12.497776450971724,-146.26140206575994,0.9145517800700922,1.830508401482674e-42
ann_knowledge_sharing_sum_score,0.0,,,,,Facilitator vs Non-facilitator,273,-12.497776450971724,-146.26140206575994,0.9145517800700922,1.830508401482674e-42
ann_none_count,-0.4169754955323775,0.3275916793519467,0.20307081262159343,-1.0590433886971868,0.22509239763243177,Facilitator vs Non-facilitator,273,-12.497776450971724,-146.26140206575994,0.9145517800700922,1.830508401482674e-42
ann_participation_dynamics_count,-0.1387029775795891,0.27115502398858865,0.6089824445101567,-0.6701570588243173,0.39275110366513905,Facilitator vs Non-facilitator,273,-12.497776450971724,-146.26140206575994,0.9145517800700922,1.830508401482674e-42
ann_participation_dynamics_mean_score,0.0,,,,,Facilitator vs Non-facilitator,273,-12.497776450971724,-146.26140206575994,0.9145517800700922,1.830508401482674e-42
ann_participation_dynamics_sum_score,0.22064141940651089,0.22528440705496552,0.32738704441813793,-0.2209079046996828,0.6621907435127046,Facilitator vs Non-facilitator,273,-12.497776450971724,-146.26140206575994,0.9145517800700922,1.830508401482674e-42
ann_relational_climate_count,-0.5129479352606995,0.20932810093905113,0.014267798456556312,-0.9232234740534048,-0.1026723964679942,Facilitator vs Non-facilitator,273,-12.497776450971724,-146.26140206575994,0.9145517800700922,1.830508401482674e-42
ann_relational_climate_mean_score,0.0,,,,,Facilitator vs Non-facilitator,273,-12.497776450971724,-146.26140206575994,0.9145517800700922,1.830508401482674e-42
ann_relational_climate_sum_score,0.43780366496975937,0.13914939759036704,0.0016535877654227295,0.16507585722219537,0.7105314727173233,Facilitator vs Non-facilitator,273,-12.497776450971724,-146.26140206575994,0.9145517800700922,1.830508401482674e-42
p_interruptions_made,0.049671248635950856,0.11520656439649118,0.6663596956746398,-0.17612946836376633,0.27547196563566806,Facilitator vs Non-facilitator,273,-12.497776450971724,-146.26140206575994,0.9145517800700922,1.830508401482674e-42
p_nods_received,0.14936026288293822,0.2189239984002373,0.49508271718903596,-0.27972288933303124,0.5784434150989077,Facilitator vs Non-facilitator,273,-12.497776450971724,-146.26140206575994,0.9145517800700922,1.830508401482674e-42
p_overlaps,-0.21236321389108073,0.4085869545470999,0.6032375865492652,-1.0131789293563007,0.5884525015741392,Facilitator vs Non-facilitator,273,-12.497776450971724,-146.26140206575994,0.9145517800700922,1.830508401482674e-42
p_screenshare_segments,0.035591084776559534,0.03597669484204773,0.3225253494054806,-0.03492194139664194,0.10610411094976101,Facilitator vs Non-facilitator,273,-12.497776450971724,-146.26140206575994,0.9145517800700922,1.830508401482674e-42
p_smile_other_total,0.0018526998484840352,0.0015426583090589726,0.2297594442395806,-0.001170854877723011,0.004876254574691081,Facilitator vs Non-facilitator,273,-12.497776450971724,-146.26140206575994,0.9145517800700922,1.830508401482674e-42
p_smile_self_total,-0.0004581251269788037,0.0012816243579673267,0.7207499867688325,-0.0029700627103040338,0.0020538124563464267,Facilitator vs Non-facilitator,273,-12.497776450971724,-146.26140206575994,0.9145517800700922,1.830508401482674e-42
p_speaking_duration_sec,0.0012552852175544444,0.0026494632890724373,0.6356507414554973,-0.003937567407388567,0.006448137842497455,Facilitator vs Non-facilitator,273,-12.497776450971724,-146.26140206575994,0.9145517800700922,1.830508401482674e-42
p_turns,0.2165976088641385,0.16453184345776178,0.18802373582767817,-0.1058788786230567,0.5390740963513337,Facilitator vs Non-facilitator,273,-12.497776450971724,-146.26140206575994,0.9145517800700922,1.830508401482674e-42
Intercept,10.740668531084848,5.232058688910945,0.04008644422939114,0.4860219358195419,20.995315126350157,On-team vs Not-on-team,273,-104.55727920506688,-188.56747334679574,0.4455179498917352,2.6252123985744337e-17
C(conference)[T.CMC],1.2626573420102842,1.1638974037070928,0.27798686166602415,-1.018539650955293,3.5438543349758618,On-team vs Not-on-team,273,-104.55727920506688,-188.56747334679574,0.4455179498917352,2.6252123985744337e-17
C(conference)[T.MND],0.26986911417528536,0.6232023501483824,0.6649885450970415,-0.9515850471962641,1.4913232755468349,On-team vs Not-on-team,273,-104.55727920506688,-188.56747334679574,0.4455179498917352,2.6252123985744337e-17
C(conference)[T.MZT],1.763578009563058,0.8215300994043095,0.03181723627717791,0.15340860251500077,3.373747416611115,On-team vs Not-on-team,273,-104.55727920506688,-188.56747334679574,0.4455179498917352,2.6252123985744337e-17
C(conference)[T.NES],2.0032894541043946,0.8771852648395045,0.02238504751102672,0.28403792724973664,3.7225409809590526,On-team vs Not-on-team,273,-104.55727920506688,-188.56747334679574,0.4455179498917352,2.6252123985744337e-17
C(conference)[T.SLU],1.60967169482536,0.7827708425347677,0.03974622373151569,0.0754690353091414,3.1438743543415786,On-team vs Not-on-team,273,-104.55727920506688,-188.56747334679574,0.4455179498917352,2.6252123985744337e-17
C(year)[T.2021],-0.3824846034807746,0.9694895165858404,0.6931959464947801,-2.282649139378169,1.5176799324166197,On-team vs Not-on-team,273,-104.55727920506688,-188.56747334679574,0.4455179498917352,2.6252123985744337e-17
C(year)[T.2022],-0.9911665699973872,1.4223861110993552,0.4859068762732873,-3.7789921198621115,1.796658979867337,On-team vs Not-on-team,273,-104.55727920506688,-188.56747334679574,0.4455179498917352,2.6252123985744337e-17
sessions_total,0.7951073400401574,0.30582159919680285,0.009324936234273884,0.19570801991998021,1.3945066601603346,On-team vs Not-on-team,273,-104.55727920506688,-188.56747334679574,0.4455179498917352,2.6252123985744337e-17
ann_coordination_and_decision_practices_count,0.03506148508784063,0.20351785509938797,0.8632196125164178,-0.3638261811178012,0.43394915129348244,On-team vs Not-on-team,273,-104.55727920506688,-188.56747334679574,0.4455179498917352,2.6252123985744337e-17
ann_coordination_and_decision_practices_mean_score,0.01259289699299069,0.6921087413579033,0.9854833162457595,-1.3439153094538472,1.3691011034398286,On-team vs Not-on-team,273,-104.55727920506688,-188.56747334679574,0.4455179498917352,2.6252123985744337e-17
ann_coordination_and_decision_practices_sum_score,-0.1360213424438782,0.1560233700277851,0.38331690550352027,-0.44182152844490313,0.16977884355714673,On-team vs Not-on-team,273,-104.55727920506688,-188.56747334679574,0.4455179498917352,2.6252123985744337e-17
ann_evaluation_practices_count,0.18592573774345716,0.2166971975412584,0.390893629851391,-0.23879296498817087,0.6106444404750853,On-team vs Not-on-team,273,-104.55727920506688,-188.56747334679574,0.4455179498917352,2.6252123985744337e-17
ann_evaluation_practices_mean_score,1.022484106456015,0.9439775891663913,0.2787348999482583,-0.8276779705230595,2.87264618343509,On-team vs Not-on-team,273,-104.55727920506688,-188.56747334679574,0.4455179498917352,2.6252123985744337e-17
ann_evaluation_practices_sum_score,-0.13831630749714005,0.13672630895111354,0.3117154455648624,-0.40629494878041905,0.12966233378613892,On-team vs Not-on-team,273,-104.55727920506688,-188.56747334679574,0.4455179498917352,2.6252123985744337e-17
ann_idea_management_count,0.6117413078800374,0.2610903124698373,0.01912806628850009,0.10001369872684729,1.1234689170332275,On-team vs Not-on-team,273,-104.55727920506688,-188.56747334679574,0.4455179498917352,2.6252123985744337e-17
ann_idea_management_mean_score,0.002370151345929132,1.576435115096091,0.9988003905551794,-3.087385898206664,3.092126200898522,On-team vs Not-on-team,273,-104.55727920506688,-188.56747334679574,0.4455179498917352,2.6252123985744337e-17
ann_idea_management_sum_score,-0.36834661524923956,0.15244097462179607,0.015678151737774496,-0.6671254352761442,-0.06956779522233486,On-team vs Not-on-team,273,-104.55727920506688,-188.56747334679574,0.4455179498917352,2.6252123985744337e-17
ann_information_seeking_count,-0.08496498240838594,0.28706814935302927,0.7672492084423347,-0.6476082162488885,0.4776782514321167,On-team vs Not-on-team,273,-104.55727920506688,-188.56747334679574,0.4455179498917352,2.6252123985744337e-17
ann_information_seeking_mean_score,-0.332730298205153,1.3904605827124499,0.810876823788235,-3.0579829622441315,2.392522365833826,On-team vs Not-on-team,273,-104.55727920506688,-188.56747334679574,0.4455179498917352,2.6252123985744337e-17
ann_information_seeking_sum_score,0.061572739449297004,0.15687474104086396,0.6946916198786635,-0.24589610307484386,0.36904158197343784,On-team vs Not-on-team,273,-104.55727920506688,-188.56747334679574,0.4455179498917352,2.6252123985744337e-17
ann_integration_practices_count,-0.23674770421640057,0.397794505146889,0.5517426973880515,-1.0164106075522361,0.5429151991194351,On-team vs Not-on-team,273,-104.55727920506688,-188.56747334679574,0.4455179498917352,2.6252123985744337e-17
ann_integration_practices_mean_score,0.8686762167244255,0.750938168580123,0.24735901047044973,-0.603135548309083,2.340487981757934,On-team vs Not-on-team,273,-104.55727920506688,-188.56747334679574,0.4455179498917352,2.6252123985744337e-17
ann_integration_practices_sum_score,0.1917445393491728,0.2742550584675337,0.48446030995764156,-0.34578549782512,0.7292745765234656,On-team vs Not-on-team,273,-104.55727920506688,-188.56747334679574,0.4455179498917352,2.6252123985744337e-17
ann_knowledge_sharing_count,-0.5249793584229883,0.24366021479896427,0.031196665832961164,-1.0025446038942518,-0.04741411295172482,On-team vs Not-on-team,273,-104.55727920506688,-188.56747334679574,0.4455179498917352,2.6252123985744337e-17
ann_knowledge_sharing_mean_score,-8.768444896144649,3.196502233470649,0.0060855212022090325,-15.033474150248963,-2.5034156420403333,On-team vs Not-on-team,273,-104.55727920506688,-188.56747334679574,0.4455179498917352,2.6252123985744337e-17
ann_knowledge_sharing_sum_score,0.3202759642517087,0.1378907294177733,0.020196378771328533,0.05001510079091526,0.590536827712502,On-team vs Not-on-team,273,-104.55727920506688,-188.56747334679574,0.4455179498917352,2.6252123985744337e-17
ann_none_count,0.10087215889842374,0.08120909926199564,0.21418905371796082,-0.058294750872025985,0.2600390686688735,On-team vs Not-on-team,273,-104.55727920506688,-188.56747334679574,0.4455179498917352,2.6252123985744337e-17
ann_participation_dynamics_count,-0.06642639100044577,0.24962624709839965,0.7901595829803538,-0.5556848449092052,0.4228320629083137,On-team vs Not-on-team,273,-104.55727920506688,-188.56747334679574,0.4455179498917352,2.6252123985744337e-17
ann_participation_dynamics_mean_score,-0.36189776443985644,0.7167002180411836,0.6135939650554304,-1.76660437951258,1.0428088506328672,On-team vs Not-on-team,273,-104.55727920506688,-188.56747334679574,0.4455179498917352,2.6252123985744337e-17
ann_participation_dynamics_sum_score,-0.10881990257640549,0.2095057307210893,0.6034730923060918,-0.5194435893444873,0.3018037841916763,On-team vs Not-on-team,273,-104.55727920506688,-188.56747334679574,0.4455179498917352,2.6252123985744337e-17
ann_relational_climate_count,0.05484407126731682,0.07698622726532615,0.4762244896636053,-0.09604616147833797,0.20573430401297163,On-team vs Not-on-team,273,-104.55727920506688,-188.56747334679574,0.4455179498917352,2.6252123985744337e-17
ann_relational_climate_mean_score,0.3936302441429955,1.096712293641464,0.7196561190070709,-1.75588635279659,2.543146841082581,On-team vs Not-on-team,273,-104.55727920506688,-188.56747334679574,0.4455179498917352,2.6252123985744337e-17
ann_relational_climate_sum_score,-0.08969754351206086,0.062382979283012285,0.15047581495557927,-0.21196593615507325,0.03257084913095154,On-team vs Not-on-team,273,-104.55727920506688,-188.56747334679574,0.4455179498917352,2.6252123985744337e-17
p_interruptions_made,-0.0029742140632083554,0.0553982857166869,0.9571838745069385,-0.11155285887317438,0.10560443074675767,On-team vs Not-on-team,273,-104.55727920506688,-188.56747334679574,0.4455179498917352,2.6252123985744337e-17
p_nods_received,-0.13452996920105134,0.0670134530406347,0.044695716947834155,-0.26587392364036155,-0.003186014761741157,On-team vs Not-on-team,273,-104.55727920506688,-188.56747334679574,0.4455179498917352,2.6252123985744337e-17
p_overlaps,-0.01431196075346236,0.12123039357612127,0.9060233818487732,-0.251919165994276,0.22329524448735125,On-team vs Not-on-team,273,-104.55727920506688,-188.56747334679574,0.4455179498917352,2.6252123985744337e-17
p_screenshare_segments,-0.010167005992198549,0.020210445165301582,0.6149241948872534,-0.04977875062771131,0.02944473864331421,On-team vs Not-on-team,273,-104.55727920506688,-188.56747334679574,0.4455179498917352,2.6252123985744337e-17
p_smile_other_total,0.00016086666197230083,0.0005720873002747159,0.7785627517434162,-0.0009604038425788938,0.0012821371665234955,On-team vs Not-on-team,273,-104.55727920506688,-188.56747334679574,0.4455179498917352,2.6252123985744337e-17
p_smile_self_total,0.00022835835016638532,0.0004992479425549809,0.6473801942880009,-0.0007501496365970989,0.0012068663369298697,On-team vs Not-on-team,273,-104.55727920506688,-188.56747334679574,0.4455179498917352,2.6252123985744337e-17
p_speaking_duration_sec,0.00034843746269310567,0.0008172146591293173,0.6698367883787391,-0.0012532738368385332,0.0019501487622247445,On-team vs Not-on-team,273,-104.55727920506688,-188.56747334679574,0.4455179498917352,2.6252123985744337e-17
p_turns,0.0007636284860453267,0.052453344768406414,0.9883846137882494,-0.1020430381286937,0.10357029510078436,On-team vs Not-on-team,273,-104.55727920506688,-188.56747334679574,0.4455179498917352,2.6252123985744337e-17
