burst_id,conference,session,center_time_sec,burst_score,num_participants,nearest_speaker,nearest_sentence,nearest_time_sec,sent_time_sec,rel_sec,speaker,sentence,is_nearest,annotations,dialogue_act
5,2021_06_10_SLU_S1,2021_06_10_SLU_S1,746.2363636363636,0.3333333333333333,2,Morgan Raven,"And like how much of phosphorus and nitrogen being the story and iron being the story is something we could assume is something fundamental that comes out of continental differentiation and crustal differentiation and how much of it is a weird quirk of the way our minerals work on the surface Earth and I don't know, have you guys thought about that before?",746.2363636363636,726.5,-19.73636363636365,Niki Parenteau,So anybody else want to jump in on that?,False,"{'encourage particpatioin': 'Niki is inviting others to participate in the introductions, as she asks if anyone else wants to jump in.'}",
5,2021_06_10_SLU_S1,2021_06_10_SLU_S1,746.2363636363636,0.3333333333333333,2,Morgan Raven,"And like how much of phosphorus and nitrogen being the story and iron being the story is something we could assume is something fundamental that comes out of continental differentiation and crustal differentiation and how much of it is a weird quirk of the way our minerals work on the surface Earth and I don't know, have you guys thought about that before?",746.2363636363636,727.9926235554462,-18.243740080917405,Jay Forsythe(he/him),"But there are other there are other meteorites where it's like the complete opposite, right?",False,"[{'explain or define term or concept': 'Jay explains how the history of a meteorite, including heating and melting cycles, affects the organic compounds detected, and also explains the structural isomers of amino acids.', 'provide supporting evidence': 'Jay provides supporting evidence by mentioning the Murchison meteorite and how the alpha amino acids are upregulated in that meteorite relative to other structural isomers.', 'expand on existing idea': 'Jay expands on the idea of delivery versus destruction of building blocks by discussing the limitations of sample preparation techniques and analytical instrumentation used on extraterrestrial rovers, highlighting the complexity of organic analysis.', 'express enthusiasm': 'Jay expresses enthusiasm for the Benu sample return mission, highlighting its potential for in-depth analysis of organic content.'}]",
5,2021_06_10_SLU_S1,2021_06_10_SLU_S1,746.2363636363636,0.3333333333333333,2,Morgan Raven,"And like how much of phosphorus and nitrogen being the story and iron being the story is something we could assume is something fundamental that comes out of continental differentiation and crustal differentiation and how much of it is a weird quirk of the way our minerals work on the surface Earth and I don't know, have you guys thought about that before?",746.2363636363636,728.3515057113189,-17.8848579250448,Smadar Naoz,"So that puts into play exomoons, for example, if there is a moon very near uh you know, orbiting a a giant planet that can be very near a giant planet and can be an interesting thing.",False,"[{'present new idea': 'The speaker introduces the idea that tidal effects and the environment of free-floating planets can contribute to temperature, which is an alternative to the common focus on proximity to a star.'}, {'expand on existing idea': 'The speaker expands on the discussion about temperature as a factor for habitability by suggesting tidal effects from exomoons and the environment of free-floating planets as additional factors influencing temperature.'}]",
5,2021_06_10_SLU_S1,2021_06_10_SLU_S1,746.2363636363636,0.3333333333333333,2,Morgan Raven,"And like how much of phosphorus and nitrogen being the story and iron being the story is something we could assume is something fundamental that comes out of continental differentiation and crustal differentiation and how much of it is a weird quirk of the way our minerals work on the surface Earth and I don't know, have you guys thought about that before?",746.2363636363636,731.2363636363636,-15.0,Morgan Raven,"Along those lines, one random thought that's come up a lot for me this morning and thinking about these sort of deep time limiting nutrients is just how universal even their identity would be.",False,"{'present new idea': ""Morgan introduces a new idea about questioning the universality of limiting nutrients like phosphorus, nitrogen, and iron, and whether their importance is fundamental or a quirk of Earth's specific mineral composition, which hasn't been discussed before."", 'ask clarifying question': 'Morgan ends the utterance by asking if others have considered this idea before, seeking to understand if this perspective has been previously explored by the group.'}",
5,2021_06_10_SLU_S1,2021_06_10_SLU_S1,746.2363636363636,0.3333333333333333,2,Morgan Raven,"And like how much of phosphorus and nitrogen being the story and iron being the story is something we could assume is something fundamental that comes out of continental differentiation and crustal differentiation and how much of it is a weird quirk of the way our minerals work on the surface Earth and I don't know, have you guys thought about that before?",746.2363636363636,732.9342560553633,-13.302107581000314,Stilianos Louca,"Well, I can start, I guess.",False,"[{'explain or define term or concept': 'Stilianos explains his background and current research focus, including areas like microbial ecology, evolution, sequencing techniques, and phylogenomics, to provide context for his expertise.'}, {'assign task': 'Stilianos asks Jeff to share the link to the document so that others can contribute, assigning Jeff the task of sharing the document.'}, {'encourage particpatioin': 'Stilianos suggests that others contribute to the document if Jeff misses something, encouraging participation from the group.'}]",
5,2021_06_10_SLU_S1,2021_06_10_SLU_S1,746.2363636363636,0.3333333333333333,2,Morgan Raven,"And like how much of phosphorus and nitrogen being the story and iron being the story is something we could assume is something fundamental that comes out of continental differentiation and crustal differentiation and how much of it is a weird quirk of the way our minerals work on the surface Earth and I don't know, have you guys thought about that before?",746.2363636363636,734.0643939393939,-12.171969696969768,Jeffrey Marlow,"Uh, and then maybe I think we've come back to this a couple times of like structure, compartmentalization, um, if it's necessary, if it's diagnostic um, in terms of complexity.",False,"[{'summarize discussion': {'explanation': 'Jeffrey is summarizing the key discussion points to report out, as requested by Richard and Niki in the previous utterances.'}}]",
5,2021_06_10_SLU_S1,2021_06_10_SLU_S1,746.2363636363636,0.3333333333333333,2,Morgan Raven,"And like how much of phosphorus and nitrogen being the story and iron being the story is something we could assume is something fundamental that comes out of continental differentiation and crustal differentiation and how much of it is a weird quirk of the way our minerals work on the surface Earth and I don't know, have you guys thought about that before?",746.2363636363636,735.2559709241953,-10.980392712168396,Smadar Naoz,Um and also the environment itself.,False,"[{'present new idea': 'The speaker introduces the idea that tidal effects and the environment of free-floating planets can contribute to temperature, which is an alternative to the common focus on proximity to a star.'}, {'expand on existing idea': 'The speaker expands on the discussion about temperature as a factor for habitability by suggesting tidal effects from exomoons and the environment of free-floating planets as additional factors influencing temperature.'}]",
5,2021_06_10_SLU_S1,2021_06_10_SLU_S1,746.2363636363636,0.3333333333333333,2,Morgan Raven,"And like how much of phosphorus and nitrogen being the story and iron being the story is something we could assume is something fundamental that comes out of continental differentiation and crustal differentiation and how much of it is a weird quirk of the way our minerals work on the surface Earth and I don't know, have you guys thought about that before?",746.2363636363636,736.0484429065743,-10.187920729789312,Stilianos Louca,"Um, I'm Stilianos Louca, uh short you can just call me Stilian.",False,"[{'explain or define term or concept': 'Stilianos explains his background and current research focus, including areas like microbial ecology, evolution, sequencing techniques, and phylogenomics, to provide context for his expertise.'}, {'assign task': 'Stilianos asks Jeff to share the link to the document so that others can contribute, assigning Jeff the task of sharing the document.'}, {'encourage particpatioin': 'Stilianos suggests that others contribute to the document if Jeff misses something, encouraging participation from the group.'}]",
5,2021_06_10_SLU_S1,2021_06_10_SLU_S1,746.2363636363636,0.3333333333333333,2,Morgan Raven,"And like how much of phosphorus and nitrogen being the story and iron being the story is something we could assume is something fundamental that comes out of continental differentiation and crustal differentiation and how much of it is a weird quirk of the way our minerals work on the surface Earth and I don't know, have you guys thought about that before?",746.2363636363636,736.3552631578948,-9.881100478468852,Niki Parenteau,question?,False,"[{'encourage particpatioin': 'Niki encourages someone to speak, indicating she wants to hear their thoughts.'}]",
5,2021_06_10_SLU_S1,2021_06_10_SLU_S1,746.2363636363636,0.3333333333333333,2,Morgan Raven,"And like how much of phosphorus and nitrogen being the story and iron being the story is something we could assume is something fundamental that comes out of continental differentiation and crustal differentiation and how much of it is a weird quirk of the way our minerals work on the surface Earth and I don't know, have you guys thought about that before?",746.2363636363636,737.2318662404721,-9.004497395891576,Jay Forsythe(he/him),"And so they the like the history of those in terms of their kind of weathering and and things like like melting cycles, things like that is really plays a huge role in the content, the organic content that we detect.",False,"[{'explain or define term or concept': 'Jay explains how the history of a meteorite, including heating and melting cycles, affects the organic compounds detected, and also explains the structural isomers of amino acids.', 'provide supporting evidence': 'Jay provides supporting evidence by mentioning the Murchison meteorite and how the alpha amino acids are upregulated in that meteorite relative to other structural isomers.', 'expand on existing idea': 'Jay expands on the idea of delivery versus destruction of building blocks by discussing the limitations of sample preparation techniques and analytical instrumentation used on extraterrestrial rovers, highlighting the complexity of organic analysis.', 'express enthusiasm': 'Jay expresses enthusiasm for the Benu sample return mission, highlighting its potential for in-depth analysis of organic content.'}]",
5,2021_06_10_SLU_S1,2021_06_10_SLU_S1,746.2363636363636,0.3333333333333333,2,Morgan Raven,"And like how much of phosphorus and nitrogen being the story and iron being the story is something we could assume is something fundamental that comes out of continental differentiation and crustal differentiation and how much of it is a weird quirk of the way our minerals work on the surface Earth and I don't know, have you guys thought about that before?",746.2363636363636,737.3846153846154,-8.85174825174829,Niki Parenteau,So how are we doing?,False,"{'ask clarifying question': 'Niki is asking the group if they need more time, which is a request for information about their progress on the task she assigned.'}",
5,2021_06_10_SLU_S1,2021_06_10_SLU_S1,746.2363636363636,0.3333333333333333,2,Morgan Raven,"And like how much of phosphorus and nitrogen being the story and iron being the story is something we could assume is something fundamental that comes out of continental differentiation and crustal differentiation and how much of it is a weird quirk of the way our minerals work on the surface Earth and I don't know, have you guys thought about that before?",746.2363636363636,737.8552631578947,-8.381100478468966,Niki Parenteau,"Oh sorry, go ahead, go ahead.",False,"[{'encourage particpatioin': 'Niki encourages someone to speak, indicating she wants to hear their thoughts.'}]",
5,2021_06_10_SLU_S1,2021_06_10_SLU_S1,746.2363636363636,0.3333333333333333,2,Morgan Raven,"And like how much of phosphorus and nitrogen being the story and iron being the story is something we could assume is something fundamental that comes out of continental differentiation and crustal differentiation and how much of it is a weird quirk of the way our minerals work on the surface Earth and I don't know, have you guys thought about that before?",746.2363636363636,738.3846153846154,-7.85174825174829,Niki Parenteau,Do we need another minute or so?,False,"{'ask clarifying question': 'Niki is asking the group if they need more time, which is a request for information about their progress on the task she assigned.'}",
5,2021_06_10_SLU_S1,2021_06_10_SLU_S1,746.2363636363636,0.3333333333333333,2,Morgan Raven,"And like how much of phosphorus and nitrogen being the story and iron being the story is something we could assume is something fundamental that comes out of continental differentiation and crustal differentiation and how much of it is a weird quirk of the way our minerals work on the surface Earth and I don't know, have you guys thought about that before?",746.2363636363636,739.3356401384083,-6.900723497955369,Stilianos Louca,I'm at the University of Oregon.,False,"[{'explain or define term or concept': 'Stilianos explains his background and current research focus, including areas like microbial ecology, evolution, sequencing techniques, and phylogenomics, to provide context for his expertise.'}, {'assign task': 'Stilianos asks Jeff to share the link to the document so that others can contribute, assigning Jeff the task of sharing the document.'}, {'encourage particpatioin': 'Stilianos suggests that others contribute to the document if Jeff misses something, encouraging participation from the group.'}]",
5,2021_06_10_SLU_S1,2021_06_10_SLU_S1,746.2363636363636,0.3333333333333333,2,Morgan Raven,"And like how much of phosphorus and nitrogen being the story and iron being the story is something we could assume is something fundamental that comes out of continental differentiation and crustal differentiation and how much of it is a weird quirk of the way our minerals work on the surface Earth and I don't know, have you guys thought about that before?",746.2363636363636,741.6185983827493,-4.61776525361438,Morgan Raven,"Yeah, I mean I guess I just any place you can get kerogen, you can theoretically crack it and obviously some types of molecules are going to be better for that than others and lipids are the main thing that we're thinking about here, but I mean it took them forever to even figure out uh petroleum was biogenic and they kind of needed biomarkers to do it because there I mean there certainly are theoretically ways to produce stuff like that that would not necessarily require life unless you had some sort of sort of more detailed molecular information about what that is and that could be a bio strictly defined or just something about complexity.",False,"{'expand on existing idea': ""Morgan expands on the idea of using kerogen as a potential biosignature, building on Niki's previous statement about kerogen on Mars and the challenge of distinguishing biotic from abiotic kerogen."", 'provide supporting evidence': 'Morgan provides supporting evidence by mentioning that it took a long time to figure out petroleum was biogenic and biomarkers were needed, implying that detailed molecular information is necessary to avoid false positives.', 'offer constructive criticism': 'Morgan offers constructive criticism by pointing out the potential for false positives when analyzing kerogen, suggesting the need for detailed molecular information to differentiate between biogenic and abiogenic sources.'}",
5,2021_06_10_SLU_S1,2021_06_10_SLU_S1,746.2363636363636,0.3333333333333333,2,Morgan Raven,"And like how much of phosphorus and nitrogen being the story and iron being the story is something we could assume is something fundamental that comes out of continental differentiation and crustal differentiation and how much of it is a weird quirk of the way our minerals work on the surface Earth and I don't know, have you guys thought about that before?",746.2363636363636,742.4210858585859,-3.8152777777777374,Jeffrey Marlow,So that's what jumped out at me at least.,False,"[{'summarize discussion': {'explanation': 'Jeffrey is summarizing the key discussion points to report out, as requested by Richard and Niki in the previous utterances.'}}]",
5,2021_06_10_SLU_S1,2021_06_10_SLU_S1,746.2363636363636,0.3333333333333333,2,Morgan Raven,"And like how much of phosphorus and nitrogen being the story and iron being the story is something we could assume is something fundamental that comes out of continental differentiation and crustal differentiation and how much of it is a weird quirk of the way our minerals work on the surface Earth and I don't know, have you guys thought about that before?",746.2363636363636,744.7012539955741,-1.5351096407895284,Jay Forsythe(he/him),I also wanted to related to that.,False,"[{'explain or define term or concept': 'Jay explains how the history of a meteorite, including heating and melting cycles, affects the organic compounds detected, and also explains the structural isomers of amino acids.', 'provide supporting evidence': 'Jay provides supporting evidence by mentioning the Murchison meteorite and how the alpha amino acids are upregulated in that meteorite relative to other structural isomers.', 'expand on existing idea': 'Jay expands on the idea of delivery versus destruction of building blocks by discussing the limitations of sample preparation techniques and analytical instrumentation used on extraterrestrial rovers, highlighting the complexity of organic analysis.', 'express enthusiasm': 'Jay expresses enthusiasm for the Benu sample return mission, highlighting its potential for in-depth analysis of organic content.'}]",
5,2021_06_10_SLU_S1,2021_06_10_SLU_S1,746.2363636363636,0.3333333333333333,2,Morgan Raven,"And like how much of phosphorus and nitrogen being the story and iron being the story is something we could assume is something fundamental that comes out of continental differentiation and crustal differentiation and how much of it is a weird quirk of the way our minerals work on the surface Earth and I don't know, have you guys thought about that before?",746.2363636363636,745.7346938775511,-0.501669758812568,Erik Sperling,I just want to clarify really quick that oxygen is really important.,False,"[{'expand on existing idea': 'Erik is building on the previous discussion about the overemphasis on oxygen, clarifying that oxygen is still important but other factors should also be considered.'}]",
5,2021_06_10_SLU_S1,2021_06_10_SLU_S1,746.2363636363636,0.3333333333333333,2,Morgan Raven,"And like how much of phosphorus and nitrogen being the story and iron being the story is something we could assume is something fundamental that comes out of continental differentiation and crustal differentiation and how much of it is a weird quirk of the way our minerals work on the surface Earth and I don't know, have you guys thought about that before?",746.2363636363636,746.2363636363636,0.0,Morgan Raven,"And like how much of phosphorus and nitrogen being the story and iron being the story is something we could assume is something fundamental that comes out of continental differentiation and crustal differentiation and how much of it is a weird quirk of the way our minerals work on the surface Earth and I don't know, have you guys thought about that before?",True,"{'present new idea': ""Morgan introduces a new idea about questioning the universality of limiting nutrients like phosphorus, nitrogen, and iron, and whether their importance is fundamental or a quirk of Earth's specific mineral composition, which hasn't been discussed before."", 'ask clarifying question': 'Morgan ends the utterance by asking if others have considered this idea before, seeking to understand if this perspective has been previously explored by the group.'}",
5,2021_06_10_SLU_S1,2021_06_10_SLU_S1,746.2363636363636,0.3333333333333333,2,Morgan Raven,"And like how much of phosphorus and nitrogen being the story and iron being the story is something we could assume is something fundamental that comes out of continental differentiation and crustal differentiation and how much of it is a weird quirk of the way our minerals work on the surface Earth and I don't know, have you guys thought about that before?",746.2363636363636,746.2461059190031,0.009742282639422228,Smadar Naoz,"So not necessarily, I mean, there is a prediction of a lot of free floating planets that usually people think that are completely not interesting, but if this free floating planet isn't actually a very dense area, um and there are lots of stars around, you know, overall it gets uh the temperature that it needs.",False,"[{'present new idea': 'The speaker introduces the idea that tidal effects and the environment of free-floating planets can contribute to temperature, which is an alternative to the common focus on proximity to a star.'}, {'expand on existing idea': 'The speaker expands on the discussion about temperature as a factor for habitability by suggesting tidal effects from exomoons and the environment of free-floating planets as additional factors influencing temperature.'}]",
5,2021_06_10_SLU_S1,2021_06_10_SLU_S1,746.2363636363636,0.3333333333333333,2,Morgan Raven,"And like how much of phosphorus and nitrogen being the story and iron being the story is something we could assume is something fundamental that comes out of continental differentiation and crustal differentiation and how much of it is a weird quirk of the way our minerals work on the surface Earth and I don't know, have you guys thought about that before?",746.2363636363636,747.4010327022376,1.164669065873909,Jay Forsythe(he/him),I wanted to mention um um uh smarter is it is that right?,False,"[{'explain or define term or concept': 'Jay explains how the history of a meteorite, including heating and melting cycles, affects the organic compounds detected, and also explains the structural isomers of amino acids.', 'provide supporting evidence': 'Jay provides supporting evidence by mentioning the Murchison meteorite and how the alpha amino acids are upregulated in that meteorite relative to other structural isomers.', 'expand on existing idea': 'Jay expands on the idea of delivery versus destruction of building blocks by discussing the limitations of sample preparation techniques and analytical instrumentation used on extraterrestrial rovers, highlighting the complexity of organic analysis.', 'express enthusiasm': 'Jay expresses enthusiasm for the Benu sample return mission, highlighting its potential for in-depth analysis of organic content.'}]",
5,2021_06_10_SLU_S1,2021_06_10_SLU_S1,746.2363636363636,0.3333333333333333,2,Morgan Raven,"And like how much of phosphorus and nitrogen being the story and iron being the story is something we could assume is something fundamental that comes out of continental differentiation and crustal differentiation and how much of it is a weird quirk of the way our minerals work on the surface Earth and I don't know, have you guys thought about that before?",746.2363636363636,747.8000000000001,1.5636363636364194,Noah Planavsky,I'd take another minute.,False,"{'express frustration': 'Noah expresses frustration with the pace of the meeting, indicating he needs more time to complete the task.'}",
5,2021_06_10_SLU_S1,2021_06_10_SLU_S1,746.2363636363636,0.3333333333333333,2,Morgan Raven,"And like how much of phosphorus and nitrogen being the story and iron being the story is something we could assume is something fundamental that comes out of continental differentiation and crustal differentiation and how much of it is a weird quirk of the way our minerals work on the surface Earth and I don't know, have you guys thought about that before?",746.2363636363636,748.719387755102,2.483024118738399,Erik Sperling,"It's just you know, there's other things as well.",False,"[{'expand on existing idea': 'Erik is building on the previous discussion about the overemphasis on oxygen, clarifying that oxygen is still important but other factors should also be considered.'}]",
5,2021_06_10_SLU_S1,2021_06_10_SLU_S1,746.2363636363636,0.3333333333333333,2,Morgan Raven,"And like how much of phosphorus and nitrogen being the story and iron being the story is something we could assume is something fundamental that comes out of continental differentiation and crustal differentiation and how much of it is a weird quirk of the way our minerals work on the surface Earth and I don't know, have you guys thought about that before?",746.2363636363636,748.8,2.5636363636363058,Noah Planavsky,Sorry.,False,"{'express frustration': 'Noah expresses frustration with the pace of the meeting, indicating he needs more time to complete the task.'}",
5,2021_06_10_SLU_S1,2021_06_10_SLU_S1,746.2363636363636,0.3333333333333333,2,Morgan Raven,"And like how much of phosphorus and nitrogen being the story and iron being the story is something we could assume is something fundamental that comes out of continental differentiation and crustal differentiation and how much of it is a weird quirk of the way our minerals work on the surface Earth and I don't know, have you guys thought about that before?",746.2363636363636,749.1280276816609,2.8916640452972615,Stilianos Louca,"I'm coming long back, coming from physics, um, and and mathematics and then moved to sort of biological modeling, bioinformatics and nowadays my lab we do uh we study microbial ecology and evolution using a lot of sequencing techniques, phylogenomics.",False,"[{'explain or define term or concept': 'Stilianos explains his background and current research focus, including areas like microbial ecology, evolution, sequencing techniques, and phylogenomics, to provide context for his expertise.'}, {'assign task': 'Stilianos asks Jeff to share the link to the document so that others can contribute, assigning Jeff the task of sharing the document.'}, {'encourage particpatioin': 'Stilianos suggests that others contribute to the document if Jeff misses something, encouraging participation from the group.'}]",
5,2021_06_10_SLU_S1,2021_06_10_SLU_S1,746.2363636363636,0.3333333333333333,2,Morgan Raven,"And like how much of phosphorus and nitrogen being the story and iron being the story is something we could assume is something fundamental that comes out of continental differentiation and crustal differentiation and how much of it is a weird quirk of the way our minerals work on the surface Earth and I don't know, have you guys thought about that before?",746.2363636363636,749.5,3.2636363636363512,Niki Parenteau,No worries.,False,"{'express agreement': ""Niki Parenteau expresses agreement with Noah Planavsky's request for another minute, indicating that it is not a problem.""}",
5,2021_06_10_SLU_S1,2021_06_10_SLU_S1,746.2363636363636,0.3333333333333333,2,Morgan Raven,"And like how much of phosphorus and nitrogen being the story and iron being the story is something we could assume is something fundamental that comes out of continental differentiation and crustal differentiation and how much of it is a weird quirk of the way our minerals work on the surface Earth and I don't know, have you guys thought about that before?",746.2363636363636,750.4545454545454,4.218181818181733,Noah Planavsky,That's a tricky.,False,"{'express humor': 'Noah makes a humorous remark about the difficulty of the task, acknowledging the goal of the meeting is to encourage participation and avoid silence.'}",
5,2021_06_10_SLU_S1,2021_06_10_SLU_S1,746.2363636363636,0.3333333333333333,2,Morgan Raven,"And like how much of phosphorus and nitrogen being the story and iron being the story is something we could assume is something fundamental that comes out of continental differentiation and crustal differentiation and how much of it is a weird quirk of the way our minerals work on the surface Earth and I don't know, have you guys thought about that before?",746.2363636363636,751.1079545454545,4.871590909090855,Noah Planavsky,I know.,False,"{'express humor': 'Noah makes a humorous remark about the difficulty of the task, acknowledging the goal of the meeting is to encourage participation and avoid silence.'}",
5,2021_06_10_SLU_S1,2021_06_10_SLU_S1,746.2363636363636,0.3333333333333333,2,Morgan Raven,"And like how much of phosphorus and nitrogen being the story and iron being the story is something we could assume is something fundamental that comes out of continental differentiation and crustal differentiation and how much of it is a weird quirk of the way our minerals work on the surface Earth and I don't know, have you guys thought about that before?",746.2363636363636,751.9006638800098,5.664300243646153,Jay Forsythe(he/him),"You you brought up um, you know, like deliver like net delivery versus um destruction, right?",False,"[{'explain or define term or concept': 'Jay explains how the history of a meteorite, including heating and melting cycles, affects the organic compounds detected, and also explains the structural isomers of amino acids.', 'provide supporting evidence': 'Jay provides supporting evidence by mentioning the Murchison meteorite and how the alpha amino acids are upregulated in that meteorite relative to other structural isomers.', 'expand on existing idea': 'Jay expands on the idea of delivery versus destruction of building blocks by discussing the limitations of sample preparation techniques and analytical instrumentation used on extraterrestrial rovers, highlighting the complexity of organic analysis.', 'express enthusiasm': 'Jay expresses enthusiasm for the Benu sample return mission, highlighting its potential for in-depth analysis of organic content.'}]",
5,2021_06_10_SLU_S1,2021_06_10_SLU_S1,746.2363636363636,0.3333333333333333,2,Morgan Raven,"And like how much of phosphorus and nitrogen being the story and iron being the story is something we could assume is something fundamental that comes out of continental differentiation and crustal differentiation and how much of it is a weird quirk of the way our minerals work on the surface Earth and I don't know, have you guys thought about that before?",746.2363636363636,751.984693877551,5.748330241187318,Erik Sperling,"And yeah, everyone's known that but we need to, you know, kind of refocus that.",False,"[{'expand on existing idea': 'Erik is building on the previous discussion about the overemphasis on oxygen, clarifying that oxygen is still important but other factors should also be considered.'}]",
5,2021_06_10_SLU_S1,2021_06_10_SLU_S1,746.2363636363636,0.3333333333333333,2,Morgan Raven,"And like how much of phosphorus and nitrogen being the story and iron being the story is something we could assume is something fundamental that comes out of continental differentiation and crustal differentiation and how much of it is a weird quirk of the way our minerals work on the surface Earth and I don't know, have you guys thought about that before?",746.2363636363636,753.1534090909091,6.917045454545473,Noah Planavsky,Even though the goal of this is to not sit silently by ourselves.,False,"{'express humor': 'Noah makes a humorous remark about the difficulty of the task, acknowledging the goal of the meeting is to encourage participation and avoid silence.'}",
5,2021_06_10_SLU_S1,2021_06_10_SLU_S1,746.2363636363636,0.3333333333333333,2,Morgan Raven,"And like how much of phosphorus and nitrogen being the story and iron being the story is something we could assume is something fundamental that comes out of continental differentiation and crustal differentiation and how much of it is a weird quirk of the way our minerals work on the surface Earth and I don't know, have you guys thought about that before?",746.2363636363636,754.5,8.263636363636351,Jeffrey Marlow,Sure.,False,"{'express agreement': 'Jeffrey agrees to be the recorder for the session, as requested by Niki in the previous turn.'}",
5,2021_06_10_SLU_S1,2021_06_10_SLU_S1,746.2363636363636,0.3333333333333333,2,Morgan Raven,"And like how much of phosphorus and nitrogen being the story and iron being the story is something we could assume is something fundamental that comes out of continental differentiation and crustal differentiation and how much of it is a weird quirk of the way our minerals work on the surface Earth and I don't know, have you guys thought about that before?",746.2363636363636,757.0145379023883,10.778174266024621,Smadar Naoz,That's a very extreme place.,False,"[{'present new idea': 'The speaker introduces the idea that tidal effects and the environment of free-floating planets can contribute to temperature, which is an alternative to the common focus on proximity to a star.'}, {'expand on existing idea': 'The speaker expands on the discussion about temperature as a factor for habitability by suggesting tidal effects from exomoons and the environment of free-floating planets as additional factors influencing temperature.'}]",
5,2021_06_10_SLU_S1,2021_06_10_SLU_S1,746.2363636363636,0.3333333333333333,2,Morgan Raven,"And like how much of phosphorus and nitrogen being the story and iron being the story is something we could assume is something fundamental that comes out of continental differentiation and crustal differentiation and how much of it is a weird quirk of the way our minerals work on the surface Earth and I don't know, have you guys thought about that before?",746.2363636363636,757.1883495145631,10.95198587819948,Niki Parenteau,So thanks Jeff for summarizing that.,False,"{'acknowledge contribution': {'Explanation': ""The speaker acknowledges Jeff's contribution of summarizing the discussion.""}, 'assign task': {'Explanation': 'The speaker assigns the task of recording key points in the slide deck, including potential projects, to the group.'}, 'expand on existing idea': {'Explanation': ""The speaker expands on the idea of summarizing key points by suggesting including potential projects as a bullet point, referencing Rika and Noah's discussion on nutrient limitation and its application to ocean worlds.""}}",
5,2021_06_10_SLU_S1,2021_06_10_SLU_S1,746.2363636363636,0.3333333333333333,2,Morgan Raven,"And like how much of phosphorus and nitrogen being the story and iron being the story is something we could assume is something fundamental that comes out of continental differentiation and crustal differentiation and how much of it is a weird quirk of the way our minerals work on the surface Earth and I don't know, have you guys thought about that before?",746.2363636363636,758.0,11.763636363636351,Niki Parenteau,We'll just do that at the beginning and then we'll chat.,False,"{'encourage particpatioin': 'Niki encourages the group to chat after the initial silent work, inviting participation.'}",
5,2021_06_10_SLU_S1,2021_06_10_SLU_S1,746.2363636363636,0.3333333333333333,2,Morgan Raven,"And like how much of phosphorus and nitrogen being the story and iron being the story is something we could assume is something fundamental that comes out of continental differentiation and crustal differentiation and how much of it is a weird quirk of the way our minerals work on the surface Earth and I don't know, have you guys thought about that before?",746.2363636363636,758.0,11.763636363636351,Morgan Raven,"I was gonna say it does seem like there might be some sort of broad first principles you could put on a question like this if we just think about like if you're living in an aqueous system, you need something that's hydrophobic and you need something that's hydrophilic and you have an edge and you have an inside and like so there's going to be some bounds on how much, you know, cell membrane that you need and how much volume that you need and at some point maybe just those like super basic functional classes are able to tell us something about we need something that's going to, you know, fold in a hydrophilic way or something like that and I mean those bounds might be way too big to be useful and cell size, who knows, but um.",False,"{'expand on existing idea': 'Morgan expands on the discussion about universal composition of life by suggesting that basic first principles, such as the need for hydrophobic and hydrophilic components in an aqueous system, might provide some bounds on the composition of life, building on the previous discussion about nutrient availability and the Redfield ratio.', 'present new idea': 'Morgan presents the idea that there are broad first principles that could be applied to the question of universal composition of life, such as the need for hydrophobic and hydrophilic components in an aqueous system.', 'provide supporting evidence': 'Morgan supports her idea by providing the reasoning that if life exists in an aqueous system, it needs hydrophobic and hydrophilic components, an edge, and an inside, which places bounds on cell membrane and volume.'}",
5,2021_06_10_SLU_S1,2021_06_10_SLU_S1,746.2363636363636,0.3333333333333333,2,Morgan Raven,"And like how much of phosphorus and nitrogen being the story and iron being the story is something we could assume is something fundamental that comes out of continental differentiation and crustal differentiation and how much of it is a weird quirk of the way our minerals work on the surface Earth and I don't know, have you guys thought about that before?",746.2363636363636,758.5700808625337,12.333717226170052,Morgan Raven,I don't know.,False,"{'expand on existing idea': ""Morgan expands on the idea of using kerogen as a potential biosignature, building on Niki's previous statement about kerogen on Mars and the challenge of distinguishing biotic from abiotic kerogen."", 'provide supporting evidence': 'Morgan provides supporting evidence by mentioning that it took a long time to figure out petroleum was biogenic and biomarkers were needed, implying that detailed molecular information is necessary to avoid false positives.', 'offer constructive criticism': 'Morgan offers constructive criticism by pointing out the potential for false positives when analyzing kerogen, suggesting the need for detailed molecular information to differentiate between biogenic and abiogenic sources.'}",
5,2021_06_10_SLU_S1,2021_06_10_SLU_S1,746.2363636363636,0.3333333333333333,2,Morgan Raven,"And like how much of phosphorus and nitrogen being the story and iron being the story is something we could assume is something fundamental that comes out of continental differentiation and crustal differentiation and how much of it is a weird quirk of the way our minerals work on the surface Earth and I don't know, have you guys thought about that before?",746.2363636363636,759.7221311475411,13.485767511177414,Smadar Naoz,"Maybe to follow up on this question, I I have another question along these lines.",False,"{'present new idea': 'The speaker introduces the idea of connecting planetary habitability and nutrient availability to the type of star a planet orbits, which is a novel concept not previously discussed.', 'expand on existing idea': ""The speaker builds upon the previous discussion about limiting nutrients and their universality by adding the dimension of the host star's influence on planetary processes."", 'ask clarifying question': ""The speaker poses a question about whether the type of star a planet orbits can be connected to the planet's internal processes and habitability.""}",
5,2021_06_10_SLU_S1,2021_06_10_SLU_S1,746.2363636363636,0.3333333333333333,2,Morgan Raven,"And like how much of phosphorus and nitrogen being the story and iron being the story is something we could assume is something fundamental that comes out of continental differentiation and crustal differentiation and how much of it is a weird quirk of the way our minerals work on the surface Earth and I don't know, have you guys thought about that before?",746.2363636363636,760.9514824797843,14.715118843420669,Morgan Raven,Um I think there are certainly ways to get false positive on that kind of thing.,False,"{'expand on existing idea': ""Morgan expands on the idea of using kerogen as a potential biosignature, building on Niki's previous statement about kerogen on Mars and the challenge of distinguishing biotic from abiotic kerogen."", 'provide supporting evidence': 'Morgan provides supporting evidence by mentioning that it took a long time to figure out petroleum was biogenic and biomarkers were needed, implying that detailed molecular information is necessary to avoid false positives.', 'offer constructive criticism': 'Morgan offers constructive criticism by pointing out the potential for false positives when analyzing kerogen, suggesting the need for detailed molecular information to differentiate between biogenic and abiogenic sources.'}",
5,2021_06_10_SLU_S1,2021_06_10_SLU_S1,746.2363636363636,0.3333333333333333,2,Morgan Raven,"And like how much of phosphorus and nitrogen being the story and iron being the story is something we could assume is something fundamental that comes out of continental differentiation and crustal differentiation and how much of it is a weird quirk of the way our minerals work on the surface Earth and I don't know, have you guys thought about that before?",746.2363636363636,761.5,15.263636363636351,Noah Planavsky,Struggling to throw anything other than a word salad on the old page.,False,"{'express humor': 'Noah is making a joke about his difficulty in articulating his thoughts, which is humorous in the context of the task.'}",
5,2021_06_10_SLU_S1,2021_06_10_SLU_S1,746.2363636363636,0.3333333333333333,2,Morgan Raven,"And like how much of phosphorus and nitrogen being the story and iron being the story is something we could assume is something fundamental that comes out of continental differentiation and crustal differentiation and how much of it is a weird quirk of the way our minerals work on the surface Earth and I don't know, have you guys thought about that before?",746.2363636363636,763.4122533748701,17.1758897385065,Smadar Naoz,"I don't know if people are interested in that at all, but I'm trying to be very if you notice because I'm so out of the field of all of you guys, so I'm trying to push a lot.",False,"[{'present new idea': 'The speaker introduces the idea that tidal effects and the environment of free-floating planets can contribute to temperature, which is an alternative to the common focus on proximity to a star.'}, {'expand on existing idea': 'The speaker expands on the discussion about temperature as a factor for habitability by suggesting tidal effects from exomoons and the environment of free-floating planets as additional factors influencing temperature.'}]",
5,2021_06_10_SLU_S1,2021_06_10_SLU_S1,746.2363636363636,0.3333333333333333,2,Morgan Raven,"And like how much of phosphorus and nitrogen being the story and iron being the story is something we could assume is something fundamental that comes out of continental differentiation and crustal differentiation and how much of it is a weird quirk of the way our minerals work on the surface Earth and I don't know, have you guys thought about that before?",746.2363636363636,764.0,17.76363636363635,Niki Parenteau,"Mhm, yeah, thank you.",False,"{'acknowledge contribution': ""Niki acknowledges Morgan's contribution to the discussion about kerogen and its potential as a biosignature, without necessarily agreeing or expanding on the idea.""}",
