i_rowid,j_rowid,t_i,t_j,sim,speaker_i,speaker_j,t_center,session,sim_z
0,8,2.3125,40.0,0.3576923608779907,Brad Smith,Aniruddha Ray,21.15625,2021_05_21_ABI_S15,-0.6044809318694132
0,9,2.3125,44.0,0.36181384325027466,Brad Smith,Aniruddha Ray,23.15625,2021_05_21_ABI_S15,-0.5651421946029385
2,9,11.5625,44.0,0.35641562938690186,Brad Smith,Aniruddha Ray,27.78125,2021_05_21_ABI_S15,-0.6166670824218289
3,8,16.1875,40.0,0.34843260049819946,Brad Smith,Aniruddha Ray,28.09375,2021_05_21_ABI_S15,-0.6928635204207407
3,9,16.1875,44.0,0.49068590998649597,Brad Smith,Aniruddha Ray,30.09375,2021_05_21_ABI_S15,0.6649162931916923
4,19,20.8125,83.25,0.4686436355113983,Brad Smith,Aniruddha Ray,52.03125,2021_05_21_ABI_S15,0.45452712589534566
4,20,20.8125,89.75,0.7031834125518799,Brad Smith,Aniruddha Ray,55.28125,2021_05_21_ABI_S15,2.6931630908528184
4,21,20.8125,96.25,0.6044608354568481,Brad Smith,Aniruddha Ray,58.53125,2021_05_21_ABI_S15,1.750875541905078
4,22,20.8125,102.75,0.548204779624939,Brad Smith,Aniruddha Ray,61.78125,2021_05_21_ABI_S15,1.2139225720460218
4,23,20.8125,109.25,0.345089852809906,Brad Smith,Aniruddha Ray,65.03125,2021_05_21_ABI_S15,-0.7247693885477517
4,24,20.8125,115.75,0.455788791179657,Brad Smith,Aniruddha Ray,68.28125,2021_05_21_ABI_S15,0.33183016929340053
4,26,20.8125,127.08333333333333,0.6585566401481628,Brad Smith,Alexandra Dickinson,73.94791666666666,2021_05_21_ABI_S15,2.267209340220194
4,27,20.8125,135.25,0.3756060302257538,Brad Smith,Alexandra Dickinson,78.03125,2021_05_21_ABI_S15,-0.4334984871332394
5,20,25.4375,89.75,0.34626689553260803,Brad Smith,Aniruddha Ray,57.59375,2021_05_21_ABI_S15,-0.713534747649814
5,21,25.4375,96.25,0.757158637046814,Brad Smith,Aniruddha Ray,60.84375,2021_05_21_ABI_S15,3.208345974949095
5,22,25.4375,102.75,0.4552233815193176,Brad Smith,Aniruddha Ray,64.09375,2021_05_21_ABI_S15,0.3264334454773307
5,24,25.4375,115.75,0.30331769585609436,Brad Smith,Aniruddha Ray,70.59375,2021_05_21_ABI_S15,-1.1234763971014048
5,26,25.4375,127.08333333333333,0.3579745292663574,Brad Smith,Alexandra Dickinson,76.26041666666666,2021_05_21_ABI_S15,-0.6017876901927028
5,27,25.4375,135.25,0.7186617851257324,Brad Smith,Alexandra Dickinson,80.34375,2021_05_21_ABI_S15,2.8409011076620394
5,28,25.4375,143.41666666666669,0.4366684556007385,Brad Smith,Alexandra Dickinson,84.42708333333334,2021_05_21_ABI_S15,0.1493303331072557
7,17,34.6875,70.25,0.33387163281440735,Brad Smith,Aniruddha Ray,52.46875,2021_05_21_ABI_S15,-0.8318450882931036
10,31,48.5,167.91666666666666,0.31226903200149536,Brad Smith,Alexandra Dickinson,108.20833333333333,2021_05_21_ABI_S15,-1.0380376571043943
11,20,53.5,89.75,0.3113933205604553,Brad Smith,Aniruddha Ray,71.625,2021_05_21_ABI_S15,-1.0463961502844172
11,21,53.5,96.25,0.552638828754425,Brad Smith,Aniruddha Ray,74.875,2021_05_21_ABI_S15,1.2562446974309311
11,27,53.5,135.25,0.7292202711105347,Brad Smith,Alexandra Dickinson,94.375,2021_05_21_ABI_S15,2.9416797762500893
11,31,53.5,167.91666666666666,0.3001687228679657,Brad Smith,Alexandra Dickinson,110.70833333333333,2021_05_21_ABI_S15,-1.153532723891072
12,32,56.66666666666667,173.0,0.5414210557937622,Aniruddha Ray,Brad Smith,114.83333333333334,2021_05_21_ABI_S15,1.1491732645450166
13,32,58.0,173.0,0.38889509439468384,Aniruddha Ray,Brad Smith,115.5,2021_05_21_ABI_S15,-0.30665698773137134
14,32,59.33333333333333,173.0,0.30216479301452637,Aniruddha Ray,Brad Smith,116.16666666666666,2021_05_21_ABI_S15,-1.134480627589738
17,32,70.25,173.0,0.3136546015739441,Aniruddha Ray,Brad Smith,121.625,2021_05_21_ABI_S15,-1.0248126685076877
19,26,83.25,127.08333333333333,0.3306211829185486,Aniruddha Ray,Alexandra Dickinson,105.16666666666666,2021_05_21_ABI_S15,-0.8628699921749972
19,31,83.25,167.91666666666666,0.37024834752082825,Aniruddha Ray,Alexandra Dickinson,125.58333333333333,2021_05_21_ABI_S15,-0.48463651302983085
19,35,83.25,200.0,0.4275127649307251,Aniruddha Ray,Barbara Smith,141.625,2021_05_21_ABI_S15,0.061941069432889795
20,26,89.75,127.08333333333333,0.6067600250244141,Aniruddha Ray,Alexandra Dickinson,108.41666666666666,2021_05_21_ABI_S15,1.7728208533620755
20,27,89.75,135.25,0.3345610499382019,Aniruddha Ray,Alexandra Dickinson,112.5,2021_05_21_ABI_S15,-0.8252647376691765
20,28,89.75,143.41666666666669,0.3803469240665436,Aniruddha Ray,Alexandra Dickinson,116.58333333333334,2021_05_21_ABI_S15,-0.3882475894306907
20,31,89.75,167.91666666666666,0.35893744230270386,Aniruddha Ray,Alexandra Dickinson,128.83333333333331,2021_05_21_ABI_S15,-0.5925968749651456
20,35,89.75,200.0,0.6145568490028381,Aniruddha Ray,Barbara Smith,144.875,2021_05_21_ABI_S15,1.8472400021767788
20,36,89.75,209.60000000000002,0.6419320106506348,Aniruddha Ray,Barbara Smith,149.675,2021_05_21_ABI_S15,2.1085305268996044
21,26,96.25,127.08333333333333,0.5451250672340393,Aniruddha Ray,Alexandra Dickinson,111.66666666666666,2021_05_21_ABI_S15,1.1845273240118124
21,27,96.25,135.25,0.6987549066543579,Aniruddha Ray,Alexandra Dickinson,115.75,2021_05_21_ABI_S15,2.6508938745249293
21,28,96.25,143.41666666666669,0.5547815561294556,Aniruddha Ray,Alexandra Dickinson,119.83333333333334,2021_05_21_ABI_S15,1.2766966080849365
21,29,96.25,151.58333333333331,0.3931697607040405,Aniruddha Ray,Alexandra Dickinson,123.91666666666666,2021_05_21_ABI_S15,-0.2658561399644434
21,31,96.25,167.91666666666666,0.3039536476135254,Aniruddha Ray,Alexandra Dickinson,132.08333333333331,2021_05_21_ABI_S15,-1.1174063628661572
21,35,96.25,200.0,0.6150213479995728,Aniruddha Ray,Barbara Smith,148.125,2021_05_21_ABI_S15,1.8516735535892426
21,36,96.25,209.60000000000002,0.5857306122779846,Aniruddha Ray,Barbara Smith,152.925,2021_05_21_ABI_S15,1.5720992517210604
22,26,102.75,127.08333333333333,0.5943751335144043,Aniruddha Ray,Alexandra Dickinson,114.91666666666666,2021_05_21_ABI_S15,1.654609503857727
22,27,102.75,135.25,0.3357028067111969,Aniruddha Ray,Alexandra Dickinson,119.0,2021_05_21_ABI_S15,-0.8143668942094754
22,28,102.75,143.41666666666669,0.45396846532821655,Aniruddha Ray,Alexandra Dickinson,123.08333333333334,2021_05_21_ABI_S15,0.3144555176654465
22,29,102.75,151.58333333333331,0.3488146960735321,Aniruddha Ray,Alexandra Dickinson,127.16666666666666,2021_05_21_ABI_S15,-0.6892164934311861
22,35,102.75,200.0,0.5147801637649536,Aniruddha Ray,Barbara Smith,151.375,2021_05_21_ABI_S15,0.8948911986763087
22,36,102.75,209.60000000000002,0.4225534200668335,Aniruddha Ray,Barbara Smith,156.175,2021_05_21_ABI_S15,0.014605099752068331
23,26,109.25,127.08333333333333,0.36277297139167786,Aniruddha Ray,Alexandra Dickinson,118.16666666666666,2021_05_21_ABI_S15,-0.5559875054519489
23,35,109.25,200.0,0.40443411469459534,Aniruddha Ray,Barbara Smith,154.625,2021_05_21_ABI_S15,-0.1583401003251808
23,36,109.25,209.60000000000002,0.4425268769264221,Aniruddha Ray,Barbara Smith,159.425,2021_05_21_ABI_S15,0.2052478104880136
24,26,115.75,127.08333333333333,0.5239200592041016,Aniruddha Ray,Alexandra Dickinson,121.41666666666666,2021_05_21_ABI_S15,0.9821296999838964
24,28,115.75,143.41666666666669,0.41717350482940674,Aniruddha Ray,Alexandra Dickinson,129.58333333333334,2021_05_21_ABI_S15,-0.03674513128719595
24,29,115.75,151.58333333333331,0.34521421790122986,Aniruddha Ray,Alexandra Dickinson,133.66666666666666,2021_05_21_ABI_S15,-0.7235823482523449
24,35,115.75,200.0,0.48060259222984314,Aniruddha Ray,Barbara Smith,157.875,2021_05_21_ABI_S15,0.5686730117280059
24,36,115.75,209.60000000000002,0.6477704048156738,Aniruddha Ray,Barbara Smith,162.675,2021_05_21_ABI_S15,2.1642568489775793
26,35,127.08333333333333,200.0,0.6959919929504395,Alexandra Dickinson,Barbara Smith,163.54166666666666,2021_05_21_ABI_S15,2.624522407545159
26,36,127.08333333333333,209.60000000000002,0.5777553915977478,Alexandra Dickinson,Barbara Smith,168.34166666666667,2021_05_21_ABI_S15,1.4959773415336501
27,35,135.25,200.0,0.3606942594051361,Alexandra Dickinson,Barbara Smith,167.625,2021_05_21_ABI_S15,-0.5758284018345584
27,36,135.25,209.60000000000002,0.403732031583786,Alexandra Dickinson,Barbara Smith,172.425,2021_05_21_ABI_S15,-0.16504134529982623
28,35,143.41666666666669,200.0,0.5470784902572632,Alexandra Dickinson,Barbara Smith,171.70833333333334,2021_05_21_ABI_S15,1.2031723619228452
28,36,143.41666666666669,209.60000000000002,0.40531837940216064,Alexandra Dickinson,Barbara Smith,176.50833333333335,2021_05_21_ABI_S15,-0.14989996790126098
28,41,143.41666666666669,252.1875,0.40193772315979004,Alexandra Dickinson,Yevgenia Kozorovitskiy,197.80208333333334,2021_05_21_ABI_S15,-0.18216766570853984
28,42,143.41666666666669,261.0625,0.549453616142273,Alexandra Dickinson,Yevgenia Kozorovitskiy,202.23958333333334,2021_05_21_ABI_S15,1.2258424705695612
29,35,151.58333333333331,200.0,0.3658100962638855,Alexandra Dickinson,Barbara Smith,175.79166666666666,2021_05_21_ABI_S15,-0.526998746893449
29,36,151.58333333333331,209.60000000000002,0.3115388751029968,Alexandra Dickinson,Barbara Smith,180.59166666666667,2021_05_21_ABI_S15,-1.045006860851691
29,42,151.58333333333331,261.0625,0.39564967155456543,Alexandra Dickinson,Yevgenia Kozorovitskiy,206.32291666666666,2021_05_21_ABI_S15,-0.2421858794656662
31,35,167.91666666666666,200.0,0.31621578335762024,Alexandra Dickinson,Barbara Smith,183.95833333333331,2021_05_21_ABI_S15,-1.0003666929632422
31,45,167.91666666666666,287.6875,0.3019256889820099,Alexandra Dickinson,Yevgenia Kozorovitskiy,227.80208333333331,2021_05_21_ABI_S15,-1.136762828474006
32,33,173.0,180.8,0.421996146440506,Brad Smith,Barbara Smith,176.9,2021_05_21_ABI_S15,0.009286032777754112
35,41,200.0,252.1875,0.40858104825019836,Barbara Smith,Yevgenia Kozorovitskiy,226.09375,2021_05_21_ABI_S15,-0.11875843652808606
35,42,200.0,261.0625,0.634344220161438,Barbara Smith,Yevgenia Kozorovitskiy,230.53125,2021_05_21_ABI_S15,2.0361065615576988
35,43,200.0,269.9375,0.36007535457611084,Barbara Smith,Yevgenia Kozorovitskiy,234.96875,2021_05_21_ABI_S15,-0.5817357264966037
35,45,200.0,287.6875,0.31199270486831665,Barbara Smith,Yevgenia Kozorovitskiy,243.84375,2021_05_21_ABI_S15,-1.0406751451511265
35,46,200.0,296.5625,0.33357083797454834,Barbara Smith,Yevgenia Kozorovitskiy,248.28125,2021_05_21_ABI_S15,-0.834716115779694
36,41,209.60000000000002,252.1875,0.5424041748046875,Barbara Smith,Yevgenia Kozorovitskiy,230.89375,2021_05_21_ABI_S15,1.1585569418191315
36,42,209.60000000000002,261.0625,0.5556988716125488,Barbara Smith,Yevgenia Kozorovitskiy,235.33125,2021_05_21_ABI_S15,1.2854522036499072
36,43,209.60000000000002,269.9375,0.30398234724998474,Barbara Smith,Yevgenia Kozorovitskiy,239.76875,2021_05_21_ABI_S15,-1.117132430490294
36,46,209.60000000000002,296.5625,0.3498185873031616,Barbara Smith,Yevgenia Kozorovitskiy,253.08125,2021_05_21_ABI_S15,-0.6796345494218928
36,51,209.60000000000002,327.0,0.4671366512775421,Barbara Smith,Sixian You,268.3,2021_05_21_ABI_S15,0.4401432582755172
41,51,252.1875,327.0,0.4798332750797272,Yevgenia Kozorovitskiy,Sixian You,289.59375,2021_05_21_ABI_S15,0.5613300310940176
41,52,252.1875,334.1428571428571,0.3142894506454468,Yevgenia Kozorovitskiy,Sixian You,293.16517857142856,2021_05_21_ABI_S15,-1.0187531591923853
41,53,252.1875,341.28571428571433,0.4378378093242645,Yevgenia Kozorovitskiy,Sixian You,296.73660714285717,2021_05_21_ABI_S15,0.1604915840228751
41,54,252.1875,348.42857142857144,0.43996989727020264,Yevgenia Kozorovitskiy,Sixian You,300.3080357142857,2021_05_21_ABI_S15,0.18084194342227689
41,55,252.1875,357.0,0.38530460000038147,Yevgenia Kozorovitskiy,Sixian You,304.59375,2021_05_21_ABI_S15,-0.3409275493584345
42,51,261.0625,327.0,0.5022132992744446,Yevgenia Kozorovitskiy,Sixian You,294.03125,2021_05_21_ABI_S15,0.7749429529237565
42,52,261.0625,334.1428571428571,0.4090370237827301,Yevgenia Kozorovitskiy,Sixian You,297.60267857142856,2021_05_21_ABI_S15,-0.1144062399022233
42,53,261.0625,341.28571428571433,0.5647441744804382,Yevgenia Kozorovitskiy,Sixian You,301.17410714285717,2021_05_21_ABI_S15,1.3717878375006003
42,54,261.0625,348.42857142857144,0.5391722321510315,Yevgenia Kozorovitskiy,Sixian You,304.7455357142857,2021_05_21_ABI_S15,1.1277086859179346
42,55,261.0625,357.0,0.32313138246536255,Yevgenia Kozorovitskiy,Sixian You,309.03125,2021_05_21_ABI_S15,-0.9343586619282862
42,57,261.0625,377.0,0.5808422565460205,Yevgenia Kozorovitskiy,Sixian You,319.03125,2021_05_21_ABI_S15,1.5254408593188535
43,51,269.9375,327.0,0.36220335960388184,Yevgenia Kozorovitskiy,Sixian You,298.46875,2021_05_21_ABI_S15,-0.5614243377467276
43,52,269.9375,334.1428571428571,0.4985491633415222,Yevgenia Kozorovitskiy,Sixian You,302.04017857142856,2021_05_21_ABI_S15,0.7399694973187517
43,54,269.9375,348.42857142857144,0.42195165157318115,Yevgenia Kozorovitskiy,Sixian You,309.1830357142857,2021_05_21_ABI_S15,0.008861338035112734
44,51,278.8125,327.0,0.3628074526786804,Yevgenia Kozorovitskiy,Sixian You,302.90625,2021_05_21_ABI_S15,-0.555658388360699
44,52,278.8125,334.1428571428571,0.41683247685432434,Yevgenia Kozorovitskiy,Sixian You,306.47767857142856,2021_05_21_ABI_S15,-0.04000017612312716
44,53,278.8125,341.28571428571433,0.3044516444206238,Yevgenia Kozorovitskiy,Sixian You,310.04910714285717,2021_05_21_ABI_S15,-1.1126530814532052
44,54,278.8125,348.42857142857144,0.3919851779937744,Yevgenia Kozorovitskiy,Sixian You,313.6205357142857,2021_05_21_ABI_S15,-0.2771627485582207
44,55,278.8125,357.0,0.35456761717796326,Yevgenia Kozorovitskiy,Sixian You,317.90625,2021_05_21_ABI_S15,-0.6343059948775885
44,58,278.8125,385.83333333333337,0.5273468494415283,Yevgenia Kozorovitskiy,Sixian You,332.3229166666667,2021_05_21_ABI_S15,1.0148377376850861
44,59,278.8125,393.5,0.39742639660835266,Yevgenia Kozorovitskiy,Sixian You,336.15625,2021_05_21_ABI_S15,-0.2252273888614793
45,51,287.6875,327.0,0.4297336935997009,Yevgenia Kozorovitskiy,Sixian You,307.34375,2021_05_21_ABI_S15,0.08313939603109527
45,54,287.6875,348.42857142857144,0.40312331914901733,Yevgenia Kozorovitskiy,Sixian You,318.0580357142857,2021_05_21_ABI_S15,-0.1708513855667051
45,55,287.6875,357.0,0.46170106530189514,Yevgenia Kozorovitskiy,Sixian You,322.34375,2021_05_21_ABI_S15,0.38826166100768356
45,57,287.6875,377.0,0.35873275995254517,Yevgenia Kozorovitskiy,Sixian You,332.34375,2021_05_21_ABI_S15,-0.5945505276727551
45,58,287.6875,385.83333333333337,0.4689983129501343,Yevgenia Kozorovitskiy,Sixian You,336.7604166666667,2021_05_21_ABI_S15,0.45791245217275695
45,59,287.6875,393.5,0.31772923469543457,Yevgenia Kozorovitskiy,Sixian You,340.59375,2021_05_21_ABI_S15,-0.9859210981102233
46,51,296.5625,327.0,0.3064870238304138,Yevgenia Kozorovitskiy,Sixian You,311.78125,2021_05_21_ABI_S15,-1.0932257859787005
46,52,296.5625,334.1428571428571,0.3579975366592407,Yevgenia Kozorovitskiy,Sixian You,315.35267857142856,2021_05_21_ABI_S15,-0.601568089160339
46,53,296.5625,341.28571428571433,0.47736597061157227,Yevgenia Kozorovitskiy,Sixian You,318.92410714285717,2021_05_21_ABI_S15,0.5377800960313671
46,54,296.5625,348.42857142857144,0.3190956115722656,Yevgenia Kozorovitskiy,Sixian You,322.4955357142857,2021_05_21_ABI_S15,-0.9728793000120171
46,60,296.5625,401.16666666666663,0.4075184464454651,Yevgenia Kozorovitskiy,Sixian You,348.8645833333333,2021_05_21_ABI_S15,-0.1289007614101211
50,65,319.8571428571429,427.16666666666663,0.5156520009040833,Sixian You,Luke Mortensen,373.51190476190476,2021_05_21_ABI_S15,0.9032127124078766
50,66,319.8571428571429,432.83333333333337,0.4405709505081177,Sixian You,Luke Mortensen,376.34523809523813,2021_05_21_ABI_S15,0.18657887816413307
50,67,319.8571428571429,438.5,0.3399260342121124,Sixian You,Luke Mortensen,379.17857142857144,2021_05_21_ABI_S15,-0.7740570197351121
51,66,327.0,432.83333333333337,0.374874472618103,Sixian You,Luke Mortensen,379.9166666666667,2021_05_21_ABI_S15,-0.4404810603734389
51,67,327.0,438.5,0.6169049143791199,Sixian You,Luke Mortensen,382.75,2021_05_21_ABI_S15,1.8696518235989013
52,67,334.1428571428571,438.5,0.5214729309082031,Sixian You,Luke Mortensen,386.32142857142856,2021_05_21_ABI_S15,0.958772342510508
53,67,341.28571428571433,438.5,0.5724674463272095,Sixian You,Luke Mortensen,389.89285714285717,2021_05_21_ABI_S15,1.4455049457092495
54,67,348.42857142857144,438.5,0.7264002561569214,Sixian You,Luke Mortensen,393.4642857142857,2021_05_21_ABI_S15,2.914763289091551
54,68,348.42857142857144,444.16666666666663,0.4693164527416229,Sixian You,Luke Mortensen,396.29761904761904,2021_05_21_ABI_S15,0.4609490338055076
55,68,357.0,444.16666666666663,0.34194108843803406,Sixian You,Luke Mortensen,400.5833333333333,2021_05_21_ABI_S15,-0.7548237241363485
56,71,367.0,456.0,0.31054604053497314,Sixian You,Barbara Smith,411.5,2021_05_21_ABI_S15,-1.0544832712042393
57,67,377.0,438.5,0.6664453744888306,Sixian You,Luke Mortensen,407.75,2021_05_21_ABI_S15,2.342505755335169
57,68,377.0,444.16666666666663,0.31894952058792114,Sixian You,Luke Mortensen,410.5833333333333,2021_05_21_ABI_S15,-0.974273709676068
57,73,377.0,479.5,0.5043178796768188,Sixian You,Luke Mortensen,428.25,2021_05_21_ABI_S15,0.7950307582391275
57,74,377.0,494.5,0.4416276812553406,Sixian You,Luke Mortensen,435.75,2021_05_21_ABI_S15,0.19666516495889394
58,67,385.83333333333337,438.5,0.3985443115234375,Sixian You,Luke Mortensen,412.1666666666667,2021_05_21_ABI_S15,-0.21455711123842455
58,73,385.83333333333337,479.5,0.4476315975189209,Sixian You,Luke Mortensen,432.6666666666667,2021_05_21_ABI_S15,0.2539713628577866
58,74,385.83333333333337,494.5,0.44629621505737305,Sixian You,Luke Mortensen,440.1666666666667,2021_05_21_ABI_S15,0.24122540034722073
59,67,393.5,438.5,0.30788183212280273,Sixian You,Luke Mortensen,416.0,2021_05_21_ABI_S15,-1.0799126156202934
59,68,393.5,444.16666666666663,0.42224758863449097,Sixian You,Luke Mortensen,418.8333333333333,2021_05_21_ABI_S15,0.0116859989824864
59,73,393.5,479.5,0.4781286418437958,Sixian You,Luke Mortensen,436.5,2021_05_21_ABI_S15,0.5450596426883902
59,74,393.5,494.5,0.3540177643299103,Sixian You,Luke Mortensen,444.0,2021_05_21_ABI_S15,-0.6395542319852465
60,73,401.16666666666663,479.5,0.6112775802612305,Sixian You,Luke Mortensen,440.3333333333333,2021_05_21_ABI_S15,1.8159400280898388
60,74,401.16666666666663,494.5,0.48022395372390747,Sixian You,Luke Mortensen,447.8333333333333,2021_05_21_ABI_S15,0.5650589817847649
62,73,409.5,479.5,0.3584972321987152,Sixian You,Luke Mortensen,444.5,2021_05_21_ABI_S15,-0.5967985936815259
66,78,432.83333333333337,527.625,0.3536609411239624,Luke Mortensen,Steve Jett,480.2291666666667,2021_05_21_ABI_S15,-0.6429600391879561
67,78,438.5,527.625,0.46959060430526733,Luke Mortensen,Steve Jett,483.0625,2021_05_21_ABI_S15,0.4635657564696456
67,79,438.5,535.875,0.5176501274108887,Luke Mortensen,Steve Jett,487.1875,2021_05_21_ABI_S15,0.9222844362626214
67,80,438.5,553.5,0.4968215227127075,Luke Mortensen,Steve Jett,496.0,2021_05_21_ABI_S15,0.7234795078807607
69,70,448.5,450.5,0.623464822769165,Luke Mortensen,Sixian You,449.5,2021_05_21_ABI_S15,1.9322648568083884
71,72,456.0,464.5,0.4372483193874359,Barbara Smith,Luke Mortensen,460.25,2021_05_21_ABI_S15,0.15486501871179242
73,78,479.5,527.625,0.4622076749801636,Luke Mortensen,Steve Jett,503.5625,2021_05_21_ABI_S15,0.39309715057912414
73,79,479.5,535.875,0.6079487800598145,Luke Mortensen,Steve Jett,507.6875,2021_05_21_ABI_S15,1.784167285977266
73,80,479.5,553.5,0.412405401468277,Luke Mortensen,Steve Jett,516.5,2021_05_21_ABI_S15,-0.08225573850081733
73,81,479.5,568.5,0.4324878454208374,Luke Mortensen,Steve Jett,524.0,2021_05_21_ABI_S15,0.1094272325658979
73,82,479.5,575.0,0.4094555974006653,Luke Mortensen,Steve Jett,527.25,2021_05_21_ABI_S15,-0.11041103718259962
73,85,479.5,597.0,0.39866912364959717,Luke Mortensen,Steve Jett,538.25,2021_05_21_ABI_S15,-0.21336580408358055
74,79,494.5,535.875,0.495624840259552,Luke Mortensen,Steve Jett,515.1875,2021_05_21_ABI_S15,0.7120574096248853
74,81,494.5,568.5,0.3506067395210266,Luke Mortensen,Steve Jett,531.5,2021_05_21_ABI_S15,-0.6721117917769538
74,82,494.5,575.0,0.30896276235580444,Luke Mortensen,Steve Jett,534.75,2021_05_21_ABI_S15,-1.0695953495013364
74,85,494.5,597.0,0.35294249653816223,Luke Mortensen,Steve Jett,545.75,2021_05_21_ABI_S15,-0.649817451218
74,87,494.5,608.6,0.3824614882469177,Luke Mortensen,Brad Smith,551.55,2021_05_21_ABI_S15,-0.36806449092122406
75,77,504.0,519.375,0.3546484410762787,Luke Mortensen,Steve Jett,511.6875,2021_05_21_ABI_S15,-0.6335345466913572
75,78,504.0,527.625,0.30694061517715454,Luke Mortensen,Steve Jett,515.8125,2021_05_21_ABI_S15,-1.0888963459365024
79,87,535.875,608.6,0.33117762207984924,Steve Jett,Brad Smith,572.2375,2021_05_21_ABI_S15,-0.8575588900049655
80,87,553.5,608.6,0.3339530825614929,Steve Jett,Brad Smith,581.05,2021_05_21_ABI_S15,-0.8310676665036603
81,87,568.5,608.6,0.34075406193733215,Steve Jett,Brad Smith,588.55,2021_05_21_ABI_S15,-0.766153658228382
84,87,592.0,608.6,0.30041778087615967,Steve Jett,Brad Smith,600.3,2021_05_21_ABI_S15,-1.1511555142700043
85,99,597.0,697.75,0.33398592472076416,Steve Jett,Brad Smith,647.375,2021_05_21_ABI_S15,-0.8307541945636798
99,108,697.75,775.25,0.42157605290412903,Brad Smith,Yevgenia Kozorovitskiy,736.5,2021_05_21_ABI_S15,0.005276322736044222
99,110,697.75,787.0,0.312282532453537,Brad Smith,Yevgenia Kozorovitskiy,742.375,2021_05_21_ABI_S15,-1.0379087979493933
101,108,711.0,775.25,0.3558025658130646,Brad Smith,Yevgenia Kozorovitskiy,743.125,2021_05_21_ABI_S15,-0.6225186534538957
101,110,711.0,787.0,0.3948749303817749,Brad Smith,Yevgenia Kozorovitskiy,749.0,2021_05_21_ABI_S15,-0.24958063132749156
102,108,722.5,775.25,0.47299131751060486,Brad Smith,Yevgenia Kozorovitskiy,748.875,2021_05_21_ABI_S15,0.4960248940370033
102,110,722.5,787.0,0.48934733867645264,Brad Smith,Yevgenia Kozorovitskiy,754.75,2021_05_21_ABI_S15,0.652139893750475
103,115,730.25,835.6666666666667,0.32125917077064514,Brad Smith,Yevgenia Kozorovitskiy,782.9583333333334,2021_05_21_ABI_S15,-0.952228553708242
104,107,738.75,767.75,0.5729210376739502,Brad Smith,Yevgenia Kozorovitskiy,753.25,2021_05_21_ABI_S15,1.4498343857514475
104,108,738.75,775.25,0.4784264862537384,Brad Smith,Yevgenia Kozorovitskiy,757.0,2021_05_21_ABI_S15,0.5479025089026957
104,110,738.75,787.0,0.34663158655166626,Brad Smith,Yevgenia Kozorovitskiy,762.875,2021_05_21_ABI_S15,-0.7100538437210111
107,109,767.75,782.0,0.40001222491264343,Yevgenia Kozorovitskiy,Brad Smith,774.875,2021_05_21_ABI_S15,-0.2005461671334004
107,114,767.75,818.0,0.4120286703109741,Yevgenia Kozorovitskiy,Brad Smith,792.875,2021_05_21_ABI_S15,-0.08585156317712656
107,122,767.75,881.25,0.659493088722229,Yevgenia Kozorovitskiy,Sixian You,824.5,2021_05_21_ABI_S15,2.2761475573690735
108,109,775.25,782.0,0.30917271971702576,Yevgenia Kozorovitskiy,Brad Smith,778.625,2021_05_21_ABI_S15,-1.0675913478523689
108,113,775.25,805.75,0.3563483953475952,Yevgenia Kozorovitskiy,Brad Smith,790.5,2021_05_21_ABI_S15,-0.6173088180811718
108,114,775.25,818.0,0.32260000705718994,Yevgenia Kozorovitskiy,Brad Smith,796.625,2021_05_21_ABI_S15,-0.9394305355125433
108,122,775.25,881.25,0.47170042991638184,Yevgenia Kozorovitskiy,Sixian You,828.25,2021_05_21_ABI_S15,0.48370362626907876
109,110,782.0,787.0,0.3627168536186218,Brad Smith,Yevgenia Kozorovitskiy,784.5,2021_05_21_ABI_S15,-0.5565231385399554
109,122,782.0,881.25,0.4353911578655243,Brad Smith,Sixian You,831.625,2021_05_21_ABI_S15,0.13713877786621967
109,126,782.0,897.5,0.3899059295654297,Brad Smith,Sixian You,839.75,2021_05_21_ABI_S15,-0.2970087651721548
110,114,787.0,818.0,0.3195711374282837,Yevgenia Kozorovitskiy,Brad Smith,802.5,2021_05_21_ABI_S15,-0.9683404994001042
110,122,787.0,881.25,0.40821099281311035,Yevgenia Kozorovitskiy,Sixian You,834.125,2021_05_21_ABI_S15,-0.12229054277013428
110,126,787.0,897.5,0.5047075748443604,Yevgenia Kozorovitskiy,Sixian You,842.25,2021_05_21_ABI_S15,0.7987503218391132
111,121,793.5,877.0,0.4472998380661011,Yevgenia Kozorovitskiy,Brad Smith,835.25,2021_05_21_ABI_S15,0.25080478424085173
113,116,805.75,849.0,0.3508598804473877,Brad Smith,Yevgenia Kozorovitskiy,827.375,2021_05_21_ABI_S15,-0.6696956115063605
113,128,805.75,913.5,0.40323734283447266,Brad Smith,Sixian You,859.625,2021_05_21_ABI_S15,-0.16976305195294358
114,115,818.0,835.6666666666667,0.5847581028938293,Brad Smith,Yevgenia Kozorovitskiy,826.8333333333334,2021_05_21_ABI_S15,1.562816841244253
114,126,818.0,897.5,0.39796093106269836,Brad Smith,Sixian You,857.75,2021_05_21_ABI_S15,-0.2201253628038666
114,128,818.0,913.5,0.4529693126678467,Brad Smith,Sixian You,865.75,2021_05_21_ABI_S15,0.30491880236618674
115,125,835.6666666666667,889.8333333333333,0.31884974241256714,Yevgenia Kozorovitskiy,Sixian You,862.75,2021_05_21_ABI_S15,-0.9752260727024332
115,128,835.6666666666667,913.5,0.34826430678367615,Yevgenia Kozorovitskiy,Sixian You,874.5833333333334,2021_05_21_ABI_S15,-0.6944698507701687
116,128,849.0,913.5,0.34894394874572754,Yevgenia Kozorovitskiy,Sixian You,881.25,2021_05_21_ABI_S15,-0.6879828021392667
119,124,870.5,885.5,0.36272960901260376,Yevgenia Kozorovitskiy,Sixian You,878.0,2021_05_21_ABI_S15,-0.5564013908173495
121,122,877.0,881.25,0.3301679790019989,Brad Smith,Sixian You,879.125,2021_05_21_ABI_S15,-0.8671957342723497
122,144,881.25,997.5,0.588961660861969,Sixian You,Yevgenia Kozorovitskiy,939.375,2021_05_21_ABI_S15,1.6029389739033828
126,142,897.5,958.0,0.366684228181839,Sixian You,Yevgenia Kozorovitskiy,927.75,2021_05_21_ABI_S15,-0.518655329950104
126,144,897.5,997.5,0.44773709774017334,Sixian You,Yevgenia Kozorovitskiy,947.5,2021_05_21_ABI_S15,0.25497834168494704
126,145,897.5,1010.25,0.4083963632583618,Sixian You,Yevgenia Kozorovitskiy,953.875,2021_05_21_ABI_S15,-0.12052121839020837
128,137,913.5,929.0,0.3378954827785492,Sixian You,Carolyn Bayer,921.25,2021_05_21_ABI_S15,-0.7934382331276959
128,142,913.5,958.0,0.493163526058197,Sixian You,Yevgenia Kozorovitskiy,935.75,2021_05_21_ABI_S15,0.6885646504786923
128,143,913.5,981.0,0.5346240401268005,Sixian You,Yevgenia Kozorovitskiy,947.25,2021_05_21_ABI_S15,1.0842970890900807
128,145,913.5,1010.25,0.3847038745880127,Sixian You,Yevgenia Kozorovitskiy,961.875,2021_05_21_ABI_S15,-0.3466613550700368
129,132,918.5,921.5,0.35133418440818787,Brad Smith,Carolyn Bayer,920.0,2021_05_21_ABI_S15,-0.6651684736435758
130,146,919.5,1022.75,0.38233035802841187,Carolyn Bayer,Yevgenia Kozorovitskiy,971.125,2021_05_21_ABI_S15,-0.3693161030227794
131,140,920.5,941.25,0.34835284948349,Carolyn Bayer,Brad Smith,930.875,2021_05_21_ABI_S15,-0.693624728144323
137,142,929.0,958.0,0.32830941677093506,Carolyn Bayer,Yevgenia Kozorovitskiy,943.5,2021_05_21_ABI_S15,-0.8849353446108255
137,143,929.0,981.0,0.346049427986145,Carolyn Bayer,Yevgenia Kozorovitskiy,955.0,2021_05_21_ABI_S15,-0.715610432537325
139,143,937.0,981.0,0.3625103235244751,Carolyn Bayer,Yevgenia Kozorovitskiy,959.0,2021_05_21_ABI_S15,-0.558494427599905
143,148,981.0,1052.5,0.3159307837486267,Yevgenia Kozorovitskiy,Brad Smith,1016.75,2021_05_21_ABI_S15,-1.0030869580830541
144,153,997.5,1095.0,0.3883397579193115,Yevgenia Kozorovitskiy,Sixian You,1046.25,2021_05_21_ABI_S15,-0.31195756498145805
144,155,997.5,1116.5,0.35555052757263184,Yevgenia Kozorovitskiy,Sixian You,1057.0,2021_05_21_ABI_S15,-0.6249243088045442
145,153,1010.25,1095.0,0.3160187304019928,Yevgenia Kozorovitskiy,Sixian You,1052.625,2021_05_21_ABI_S15,-1.0022475246031248
145,155,1010.25,1116.5,0.36720019578933716,Yevgenia Kozorovitskiy,Sixian You,1063.375,2021_05_21_ABI_S15,-0.5137305207877797
148,152,1052.5,1087.75,0.3167352080345154,Brad Smith,Sixian You,1070.125,2021_05_21_ABI_S15,-0.9954088867546041
148,154,1052.5,1104.1666666666665,0.7939287424087524,Brad Smith,Sixian You,1078.3333333333333,2021_05_21_ABI_S15,3.5593093865170338
148,159,1052.5,1150.5,0.5681940317153931,Brad Smith,Sixian You,1101.5,2021_05_21_ABI_S15,1.4047160451487455
148,162,1052.5,1165.8333333333335,0.3326178789138794,Brad Smith,Yevgenia Kozorovitskiy,1109.1666666666667,2021_05_21_ABI_S15,-0.8438119222704512
149,152,1060.25,1087.75,0.32010626792907715,Brad Smith,Sixian You,1074.0,2021_05_21_ABI_S15,-0.9632327841965754
149,154,1060.25,1104.1666666666665,0.5881108045578003,Brad Smith,Sixian You,1082.2083333333333,2021_05_21_ABI_S15,1.5948177181080638
149,159,1060.25,1150.5,0.40908244252204895,Brad Smith,Sixian You,1105.375,2021_05_21_ABI_S15,-0.11397272698341188
152,162,1087.75,1165.8333333333335,0.4983426332473755,Sixian You,Yevgenia Kozorovitskiy,1126.7916666666667,2021_05_21_ABI_S15,0.7379982082588021
152,165,1087.75,1183.6666666666665,0.3364422023296356,Sixian You,Yevgenia Kozorovitskiy,1135.7083333333333,2021_05_21_ABI_S15,-0.8073095087004784
152,167,1087.75,1198.3333333333335,0.3534465730190277,Sixian You,Yevgenia Kozorovitskiy,1143.0416666666667,2021_05_21_ABI_S15,-0.6450061405167031
153,165,1095.0,1183.6666666666665,0.30581700801849365,Sixian You,Yevgenia Kozorovitskiy,1139.3333333333333,2021_05_21_ABI_S15,-1.0996209549030564
153,166,1095.0,1191.0,0.32058629393577576,Sixian You,Yevgenia Kozorovitskiy,1143.0,2021_05_21_ABI_S15,-0.9586510305329956
153,167,1095.0,1198.3333333333335,0.40850237011909485,Sixian You,Yevgenia Kozorovitskiy,1146.6666666666667,2021_05_21_ABI_S15,-0.11950940378901924
154,162,1104.1666666666665,1165.8333333333335,0.40913623571395874,Sixian You,Yevgenia Kozorovitskiy,1135.0,2021_05_21_ABI_S15,-0.11345928156447839
155,165,1116.5,1183.6666666666665,0.3860805630683899,Sixian You,Yevgenia Kozorovitskiy,1150.0833333333333,2021_05_21_ABI_S15,-0.333521134747481
155,167,1116.5,1198.3333333333335,0.4150739908218384,Sixian You,Yevgenia Kozorovitskiy,1157.4166666666667,2021_05_21_ABI_S15,-0.05678457886227954
155,168,1116.5,1213.0,0.33155691623687744,Sixian You,Yevgenia Kozorovitskiy,1164.75,2021_05_21_ABI_S15,-0.8539386020012169
156,165,1128.8333333333335,1183.6666666666665,0.36010146141052246,Sixian You,Yevgenia Kozorovitskiy,1156.25,2021_05_21_ABI_S15,-0.5814865419054759
156,167,1128.8333333333335,1198.3333333333335,0.45893821120262146,Sixian You,Yevgenia Kozorovitskiy,1163.5833333333335,2021_05_21_ABI_S15,0.361890762942505
156,168,1128.8333333333335,1213.0,0.4067149758338928,Sixian You,Yevgenia Kozorovitskiy,1170.9166666666667,2021_05_21_ABI_S15,-0.1365697301051054
156,170,1128.8333333333335,1245.75,0.3153398036956787,Sixian You,Yevgenia Kozorovitskiy,1187.2916666666667,2021_05_21_ABI_S15,-1.0087277462589272
157,162,1138.5,1165.8333333333335,0.37438103556632996,Sixian You,Yevgenia Kozorovitskiy,1152.1666666666667,2021_05_21_ABI_S15,-0.44519081982013237
157,166,1138.5,1191.0,0.49444660544395447,Sixian You,Yevgenia Kozorovitskiy,1164.75,2021_05_21_ABI_S15,0.7008113904351151
157,169,1138.5,1231.25,0.3466513752937317,Sixian You,Yevgenia Kozorovitskiy,1184.875,2021_05_21_ABI_S15,-0.7098649640765946
158,168,1143.5,1213.0,0.3048694133758545,Sixian You,Yevgenia Kozorovitskiy,1178.25,2021_05_21_ABI_S15,-1.1086655590805683
159,164,1150.5,1177.1666666666665,0.33658599853515625,Sixian You,Yevgenia Kozorovitskiy,1163.8333333333333,2021_05_21_ABI_S15,-0.8059370022482046
168,177,1213.0,1322.0,0.4665123224258423,Yevgenia Kozorovitskiy,Brad Smith,1267.5,2021_05_21_ABI_S15,0.43418416238563495
170,178,1245.75,1352.0,0.385151743888855,Yevgenia Kozorovitskiy,Carolyn Bayer,1298.875,2021_05_21_ABI_S15,-0.34238653082863385
177,179,1322.0,1378.75,0.5593057870864868,Brad Smith,Carolyn Bayer,1350.375,2021_05_21_ABI_S15,1.3198795012469606
177,180,1322.0,1390.25,0.3056756854057312,Brad Smith,Carolyn Bayer,1356.125,2021_05_21_ABI_S15,-1.100969851399778
177,181,1322.0,1400.0,0.5263941884040833,Brad Smith,Carolyn Bayer,1361.0,2021_05_21_ABI_S15,1.0057447757672868
177,182,1322.0,1412.0,0.4126218259334564,Brad Smith,Carolyn Bayer,1367.0,2021_05_21_ABI_S15,-0.08019000961865946
185,188,1434.125,1461.0,0.7642883062362671,Carolyn Bayer,Brad Smith,1447.5625,2021_05_21_ABI_S15,3.27639726273984
187,191,1451.625,1475.5,0.32574528455734253,Carolyn Bayer,Brad Smith,1463.5625,2021_05_21_ABI_S15,-0.9094094814275562
188,196,1461.0,1532.0,0.30088210105895996,Brad Smith,Carolyn Bayer,1496.5,2021_05_21_ABI_S15,-1.1467236696013154
188,197,1461.0,1546.0,0.37527668476104736,Brad Smith,Carolyn Bayer,1503.5,2021_05_21_ABI_S15,-0.4366420247092138
191,199,1475.5,1565.5,0.3319234549999237,Brad Smith,Carolyn Bayer,1520.5,2021_05_21_ABI_S15,-0.850440061720074
199,206,1565.5,1674.6666666666665,0.31033584475517273,Carolyn Bayer,Alexandra Dickinson,1620.0833333333333,2021_05_21_ABI_S15,-1.0564895485115735
200,206,1581.5,1674.6666666666665,0.37407708168029785,Carolyn Bayer,Alexandra Dickinson,1628.0833333333333,2021_05_21_ABI_S15,-0.44809199978007835
201,206,1602.5,1674.6666666666665,0.47495052218437195,Carolyn Bayer,Alexandra Dickinson,1638.5833333333333,2021_05_21_ABI_S15,0.5147251166634227
201,207,1602.5,1690.0,0.336866557598114,Carolyn Bayer,Alexandra Dickinson,1646.25,2021_05_21_ABI_S15,-0.803259121265468
201,208,1602.5,1705.3333333333335,0.49398431181907654,Carolyn Bayer,Alexandra Dickinson,1653.9166666666667,2021_05_21_ABI_S15,0.6963988888625411
202,208,1620.5,1705.3333333333335,0.3308833837509155,Carolyn Bayer,Alexandra Dickinson,1662.9166666666667,2021_05_21_ABI_S15,-0.8603673368864782
203,206,1633.5,1674.6666666666665,0.36892426013946533,Carolyn Bayer,Alexandra Dickinson,1654.0833333333333,2021_05_21_ABI_S15,-0.49727466622528554
204,206,1646.5,1674.6666666666665,0.3120002746582031,Carolyn Bayer,Alexandra Dickinson,1660.5833333333333,2021_05_21_ABI_S15,-1.0406028929979911
204,208,1646.5,1705.3333333333335,0.38000762462615967,Carolyn Bayer,Alexandra Dickinson,1675.9166666666667,2021_05_21_ABI_S15,-0.3914861357434651
205,206,1659.5,1674.6666666666665,0.3137730062007904,Carolyn Bayer,Alexandra Dickinson,1667.0833333333333,2021_05_21_ABI_S15,-1.0236825196714425
205,217,1659.5,1767.0,0.3386901617050171,Carolyn Bayer,Yevgenia Kozorovitskiy,1713.25,2021_05_21_ABI_S15,-0.785853179334975
206,209,1674.6666666666665,1717.0,0.5131887793540955,Alexandra Dickinson,Carolyn Bayer,1695.8333333333333,2021_05_21_ABI_S15,0.8797017479947519
206,210,1674.6666666666665,1725.0,0.5250365138053894,Alexandra Dickinson,Carolyn Bayer,1699.8333333333333,2021_05_21_ABI_S15,0.9927860391994565
206,214,1674.6666666666665,1743.25,0.5027211904525757,Alexandra Dickinson,Carolyn Bayer,1708.9583333333333,2021_05_21_ABI_S15,0.7797906741589168
206,215,1674.6666666666665,1749.0,0.694324791431427,Alexandra Dickinson,Carolyn Bayer,1711.8333333333333,2021_05_21_ABI_S15,2.608609297503067
206,217,1674.6666666666665,1767.0,0.3050832450389862,Alexandra Dickinson,Yevgenia Kozorovitskiy,1720.8333333333333,2021_05_21_ABI_S15,-1.1066245779831458
206,219,1674.6666666666665,1780.5,0.40476664900779724,Alexandra Dickinson,Carolyn Bayer,1727.5833333333333,2021_05_21_ABI_S15,-0.1551661258185549
206,220,1674.6666666666665,1791.5,0.42236459255218506,Alexandra Dickinson,Carolyn Bayer,1733.0833333333333,2021_05_21_ABI_S15,0.012802778325828698
207,209,1690.0,1717.0,0.3703157603740692,Alexandra Dickinson,Carolyn Bayer,1703.5,2021_05_21_ABI_S15,-0.48399307062671315
207,220,1690.0,1791.5,0.49336373805999756,Alexandra Dickinson,Carolyn Bayer,1740.75,2021_05_21_ABI_S15,0.6904756345919306
208,209,1705.3333333333335,1717.0,0.35925182700157166,Alexandra Dickinson,Carolyn Bayer,1711.1666666666667,2021_05_21_ABI_S15,-0.5895961349516667
208,210,1705.3333333333335,1725.0,0.32236725091934204,Alexandra Dickinson,Carolyn Bayer,1715.1666666666667,2021_05_21_ABI_S15,-0.941652146992804
208,214,1705.3333333333335,1743.25,0.41323360800743103,Alexandra Dickinson,Carolyn Bayer,1724.2916666666667,2021_05_21_ABI_S15,-0.07435067025031238
208,215,1705.3333333333335,1749.0,0.42060625553131104,Alexandra Dickinson,Carolyn Bayer,1727.1666666666667,2021_05_21_ABI_S15,-0.003980202126844649
208,219,1705.3333333333335,1780.5,0.46003222465515137,Alexandra Dickinson,Carolyn Bayer,1742.9166666666667,2021_05_21_ABI_S15,0.37233290581432166
208,220,1705.3333333333335,1791.5,0.34987860918045044,Alexandra Dickinson,Carolyn Bayer,1748.4166666666667,2021_05_21_ABI_S15,-0.6790616524281354
208,221,1705.3333333333335,1811.25,0.47522205114364624,Alexandra Dickinson,Barbara Smith,1758.2916666666667,2021_05_21_ABI_S15,0.5173168070855296
208,222,1705.3333333333335,1819.75,0.30287909507751465,Alexandra Dickinson,Barbara Smith,1762.5416666666667,2021_05_21_ABI_S15,-1.1276627551238114
209,221,1717.0,1811.25,0.36446282267570496,Carolyn Bayer,Barbara Smith,1764.125,2021_05_21_ABI_S15,-0.5398582078650423
209,223,1717.0,1831.8333333333335,0.3317049443721771,Carolyn Bayer,Barbara Smith,1774.4166666666667,2021_05_21_ABI_S15,-0.8525257026129385
210,212,1725.0,1737.5,0.3260105550289154,Carolyn Bayer,Alexandra Dickinson,1731.25,2021_05_21_ABI_S15,-0.906877527037569
210,217,1725.0,1767.0,0.5403989553451538,Carolyn Bayer,Yevgenia Kozorovitskiy,1746.0,2021_05_21_ABI_S15,1.1394175171279846
210,223,1725.0,1831.8333333333335,0.6563888788223267,Carolyn Bayer,Barbara Smith,1778.4166666666667,2021_05_21_ABI_S15,2.24651848543771
212,223,1737.5,1831.8333333333335,0.5309255719184875,Alexandra Dickinson,Barbara Smith,1784.6666666666667,2021_05_21_ABI_S15,1.0489959386803052
214,217,1743.25,1767.0,0.4263336658477783,Carolyn Bayer,Yevgenia Kozorovitskiy,1755.125,2021_05_21_ABI_S15,0.05068680098154118
214,221,1743.25,1811.25,0.3070177435874939,Carolyn Bayer,Barbara Smith,1777.25,2021_05_21_ABI_S15,-1.0881601704549513
214,223,1743.25,1831.8333333333335,0.4591171145439148,Carolyn Bayer,Barbara Smith,1787.5416666666667,2021_05_21_ABI_S15,0.3635983600892405
214,224,1743.25,1847.5,0.4173464775085449,Carolyn Bayer,Barbara Smith,1795.375,2021_05_21_ABI_S15,-0.03509414114232619
214,225,1743.25,1863.1666666666665,0.6169778108596802,Carolyn Bayer,Barbara Smith,1803.2083333333333,2021_05_21_ABI_S15,1.8703476061444477
215,217,1749.0,1767.0,0.30575650930404663,Carolyn Bayer,Yevgenia Kozorovitskiy,1758.0,2021_05_21_ABI_S15,-1.1001984032135468
215,221,1749.0,1811.25,0.4295271039009094,Carolyn Bayer,Barbara Smith,1780.125,2021_05_21_ABI_S15,0.08116753805655406
215,223,1749.0,1831.8333333333335,0.5012540817260742,Carolyn Bayer,Barbara Smith,1790.4166666666667,2021_05_21_ABI_S15,0.7657874104008795
215,224,1749.0,1847.5,0.45404770970344543,Carolyn Bayer,Barbara Smith,1798.25,2021_05_21_ABI_S15,0.315211889615
215,225,1749.0,1863.1666666666665,0.7786610126495361,Carolyn Bayer,Barbara Smith,1806.0833333333333,2021_05_21_ABI_S15,3.4135819138745833
217,223,1767.0,1831.8333333333335,0.39246201515197754,Yevgenia Kozorovitskiy,Barbara Smith,1799.4166666666667,2021_05_21_ABI_S15,-0.27261143182529235
219,221,1780.5,1811.25,0.34295785427093506,Carolyn Bayer,Barbara Smith,1795.875,2021_05_21_ABI_S15,-0.7451188945752661
219,223,1780.5,1831.8333333333335,0.3642497658729553,Carolyn Bayer,Barbara Smith,1806.1666666666667,2021_05_21_ABI_S15,-0.5418917930727739
219,224,1780.5,1847.5,0.35054728388786316,Carolyn Bayer,Barbara Smith,1814.0,2021_05_21_ABI_S15,-0.6726792840820909
219,225,1780.5,1863.1666666666665,0.3751435875892639,Carolyn Bayer,Barbara Smith,1821.8333333333333,2021_05_21_ABI_S15,-0.43791241099229244
219,227,1780.5,1893.75,0.4782734811306,Carolyn Bayer,Aniruddha Ray,1837.125,2021_05_21_ABI_S15,0.5464421051460172
220,221,1791.5,1811.25,0.4997650682926178,Carolyn Bayer,Barbara Smith,1801.375,2021_05_21_ABI_S15,0.7515750705304233
220,224,1791.5,1847.5,0.5706064701080322,Carolyn Bayer,Barbara Smith,1819.5,2021_05_21_ABI_S15,1.4277422943298133
220,225,1791.5,1863.1666666666665,0.4659106135368347,Carolyn Bayer,Barbara Smith,1827.3333333333333,2021_05_21_ABI_S15,0.42844096958327094
220,226,1791.5,1886.5833333333335,0.555081307888031,Carolyn Bayer,Aniruddha Ray,1839.0416666666667,2021_05_21_ABI_S15,1.2795576795661734
220,227,1791.5,1893.75,0.3112730085849762,Carolyn Bayer,Aniruddha Ray,1842.625,2021_05_21_ABI_S15,-1.0475445043875944
221,226,1811.25,1886.5833333333335,0.569126546382904,Barbara Smith,Aniruddha Ray,1848.9166666666667,2021_05_21_ABI_S15,1.4136167139345786
221,227,1811.25,1893.75,0.3115527629852295,Barbara Smith,Aniruddha Ray,1852.5,2021_05_21_ABI_S15,-1.0448743037518444
222,227,1819.75,1893.75,0.3455958366394043,Barbara Smith,Aniruddha Ray,1856.75,2021_05_21_ABI_S15,-0.7199398725795232
222,230,1819.75,1915.25,0.31712251901626587,Barbara Smith,Aniruddha Ray,1867.5,2021_05_21_ABI_S15,-0.991712079738283
224,226,1847.5,1886.5833333333335,0.6390634775161743,Barbara Smith,Aniruddha Ray,1867.0416666666667,2021_05_21_ABI_S15,2.081150943263491
224,231,1847.5,1922.4166666666665,0.31613194942474365,Barbara Smith,Aniruddha Ray,1884.9583333333333,2021_05_21_ABI_S15,-1.0011668713363502
225,226,1863.1666666666665,1886.5833333333335,0.4016510248184204,Barbara Smith,Aniruddha Ray,1874.875,2021_05_21_ABI_S15,-0.18490414489421303
225,232,1863.1666666666665,1928.0,0.3701726794242859,Barbara Smith,Brad Smith,1895.5833333333333,2021_05_21_ABI_S15,-0.48535875010388746
226,236,1886.5833333333335,1961.5,0.43090468645095825,Aniruddha Ray,Barbara Smith,1924.0416666666667,2021_05_21_ABI_S15,0.0943162920979841
226,237,1886.5833333333335,1972.5,0.321462482213974,Aniruddha Ray,Barbara Smith,1929.5416666666667,2021_05_21_ABI_S15,-0.9502879860362398
227,236,1893.75,1961.5,0.32906362414360046,Aniruddha Ray,Barbara Smith,1927.625,2021_05_21_ABI_S15,-0.8777365838258119
229,235,1908.0833333333335,1950.5,0.34892600774765015,Aniruddha Ray,Barbara Smith,1929.2916666666667,2021_05_21_ABI_S15,-0.6881540454313431
229,236,1908.0833333333335,1961.5,0.30604249238967896,Aniruddha Ray,Barbara Smith,1934.7916666666667,2021_05_21_ABI_S15,-1.097468751002973
229,239,1908.0833333333335,1998.25,0.3343026340007782,Aniruddha Ray,Barbara Smith,1953.1666666666667,2021_05_21_ABI_S15,-0.827731266881128
231,232,1922.4166666666665,1928.0,0.5499693751335144,Aniruddha Ray,Brad Smith,1925.2083333333333,2021_05_21_ABI_S15,1.230765288530815
231,235,1922.4166666666665,1950.5,0.389726459980011,Aniruddha Ray,Barbara Smith,1936.4583333333333,2021_05_21_ABI_S15,-0.29872176700751074
231,236,1922.4166666666665,1961.5,0.41901764273643494,Aniruddha Ray,Barbara Smith,1941.9583333333333,2021_05_21_ABI_S15,-0.019143198279891305
231,237,1922.4166666666665,1972.5,0.5111933946609497,Aniruddha Ray,Barbara Smith,1947.4583333333333,2021_05_21_ABI_S15,0.8606561942112215
231,241,1922.4166666666665,2028.25,0.4449710249900818,Aniruddha Ray,Barbara Smith,1975.3333333333333,2021_05_21_ABI_S15,0.22857672223182118
232,235,1928.0,1950.5,0.32975924015045166,Brad Smith,Barbara Smith,1939.25,2021_05_21_ABI_S15,-0.8710970660843568
232,236,1928.0,1961.5,0.5418357849121094,Brad Smith,Barbara Smith,1944.75,2021_05_21_ABI_S15,1.1531317722734808
232,237,1928.0,1972.5,0.4727127254009247,Brad Smith,Barbara Smith,1950.25,2021_05_21_ABI_S15,0.4933657872357899
232,238,1928.0,1984.75,0.32471466064453125,Brad Smith,Barbara Smith,1956.375,2021_05_21_ABI_S15,-0.9192465836311893
232,241,1928.0,2028.25,0.36260712146759033,Brad Smith,Barbara Smith,1978.125,2021_05_21_ABI_S15,-0.5575705103031205
232,242,1928.0,2043.75,0.5909296274185181,Brad Smith,Barbara Smith,1985.875,2021_05_21_ABI_S15,1.6217228269747699
239,247,1998.25,2108.0,0.3891572654247284,Barbara Smith,Brad Smith,2053.125,2021_05_21_ABI_S15,-0.30415461690014817
240,247,2012.75,2108.0,0.4708058834075928,Barbara Smith,Brad Smith,2060.375,2021_05_21_ABI_S15,0.47516535607810517
240,249,2012.75,2120.0,0.336991548538208,Barbara Smith,Brad Smith,2066.375,2021_05_21_ABI_S15,-0.802066107366849
241,247,2028.25,2108.0,0.3008948564529419,Barbara Smith,Brad Smith,2068.125,2021_05_21_ABI_S15,-1.1466019218787096
241,249,2028.25,2120.0,0.388187050819397,Barbara Smith,Brad Smith,2074.125,2021_05_21_ABI_S15,-0.31341512416517836
242,250,2043.75,2126.0,0.3583424687385559,Barbara Smith,Brad Smith,2084.875,2021_05_21_ABI_S15,-0.5982757804186569
242,253,2043.75,2150.5,0.5854400396347046,Barbara Smith,Sixian You,2097.125,2021_05_21_ABI_S15,1.569325793086932
243,247,2059.25,2108.0,0.3378836512565613,Barbara Smith,Brad Smith,2083.625,2021_05_21_ABI_S15,-0.7935511626741317
243,253,2059.25,2150.5,0.46208104491233826,Barbara Smith,Sixian You,2104.875,2021_05_21_ABI_S15,0.3918884915292358
243,255,2059.25,2169.125,0.5618996024131775,Barbara Smith,Sixian You,2114.1875,2021_05_21_ABI_S15,1.344636957530316
243,256,2059.25,2175.375,0.424485445022583,Barbara Smith,Sixian You,2117.3125,2021_05_21_ABI_S15,0.03304589732471083
244,253,2074.75,2150.5,0.30539679527282715,Barbara Smith,Sixian You,2112.625,2021_05_21_ABI_S15,-1.1036318027739496
244,255,2074.75,2169.125,0.35452574491500854,Barbara Smith,Sixian You,2121.9375,2021_05_21_ABI_S15,-0.6347056573781988
245,247,2090.25,2108.0,0.4791664481163025,Barbara Smith,Brad Smith,2099.125,2021_05_21_ABI_S15,0.554965299100313
247,252,2108.0,2140.166666666667,0.3645971119403839,Brad Smith,Sixian You,2124.0833333333335,2021_05_21_ABI_S15,-0.5385764432901314
247,255,2108.0,2169.125,0.35054463148117065,Brad Smith,Sixian You,2138.5625,2021_05_21_ABI_S15,-0.6727046007814177
249,254,2120.0,2160.833333333333,0.3030768930912018,Brad Smith,Sixian You,2140.4166666666665,2021_05_21_ABI_S15,-1.1257748120515336
250,252,2126.0,2140.166666666667,0.38220906257629395,Brad Smith,Sixian You,2133.0833333333335,2021_05_21_ABI_S15,-0.37047384421671803
250,253,2126.0,2150.5,0.3628450036048889,Brad Smith,Sixian You,2138.25,2021_05_21_ABI_S15,-0.5552999721679809
250,255,2126.0,2169.125,0.33531853556632996,Brad Smith,Sixian You,2147.5625,2021_05_21_ABI_S15,-0.818034686581624
250,259,2126.0,2193.875,0.3141341507434845,Brad Smith,Sixian You,2159.9375,2021_05_21_ABI_S15,-1.0202354661608408
251,262,2132.0,2211.125,0.3061550259590149,Brad Smith,Sixian You,2171.5625,2021_05_21_ABI_S15,-1.096394640254002
251,263,2132.0,2215.75,0.3082301616668701,Brad Smith,Barbara Smith,2173.875,2021_05_21_ABI_S15,-1.0765878787468892
253,267,2150.5,2232.5,0.4083143472671509,Sixian You,Yevgenia Kozorovitskiy,2191.5,2021_05_21_ABI_S15,-0.12130404486827205
253,268,2150.5,2236.166666666667,0.3404579162597656,Sixian You,Yevgenia Kozorovitskiy,2193.3333333333335,2021_05_21_ABI_S15,-0.7689803103768263
254,277,2160.833333333333,2277.9444444444443,0.31331270933151245,Sixian You,Alexandra Dickinson,2219.3888888888887,2021_05_21_ABI_S15,-1.0280759626051974
256,267,2175.375,2232.5,0.31671833992004395,Sixian You,Yevgenia Kozorovitskiy,2203.9375,2021_05_21_ABI_S15,-0.9955698895840315
256,275,2175.375,2260.5,0.34387123584747314,Sixian You,Brad Smith,2217.9375,2021_05_21_ABI_S15,-0.7364008473733419
257,267,2181.625,2232.5,0.3411675691604614,Sixian You,Yevgenia Kozorovitskiy,2207.0625,2021_05_21_ABI_S15,-0.7622068132490457
261,266,2205.375,2228.833333333333,0.37766480445861816,Sixian You,Yevgenia Kozorovitskiy,2217.1041666666665,2021_05_21_ABI_S15,-0.41384789268152533
261,268,2205.375,2236.166666666667,0.4578362703323364,Sixian You,Yevgenia Kozorovitskiy,2220.7708333333335,2021_05_21_ABI_S15,0.3513729544300033
261,275,2205.375,2260.5,0.44738465547561646,Sixian You,Brad Smith,2232.9375,2021_05_21_ABI_S15,0.25161434970472135
262,263,2211.125,2215.75,0.33583295345306396,Sixian You,Barbara Smith,2213.4375,2021_05_21_ABI_S15,-0.8131246691986818
262,268,2211.125,2236.166666666667,0.31878799200057983,Sixian You,Yevgenia Kozorovitskiy,2223.6458333333335,2021_05_21_ABI_S15,-0.9758154682193475
262,269,2211.125,2238.9,0.47301894426345825,Sixian You,Barbara Smith,2225.0125,2021_05_21_ABI_S15,0.49628858595021735
262,277,2211.125,2277.9444444444443,0.30257612466812134,Sixian You,Alexandra Dickinson,2244.534722222222,2021_05_21_ABI_S15,-1.1305545479929957
262,278,2211.125,2283.833333333333,0.4358978271484375,Sixian You,Alexandra Dickinson,2247.4791666666665,2021_05_21_ABI_S15,0.14197483635225186
262,285,2211.125,2325.0555555555557,0.3233763575553894,Sixian You,Alexandra Dickinson,2268.090277777778,2021_05_21_ABI_S15,-0.9320204229567443
263,278,2215.75,2283.833333333333,0.41120415925979614,Barbara Smith,Alexandra Dickinson,2249.7916666666665,2021_05_21_ABI_S15,-0.09372135872295131
264,274,2219.25,2251.5,0.32630571722984314,Barbara Smith,Brad Smith,2235.375,2021_05_21_ABI_S15,-0.9040602619798863
264,277,2219.25,2277.9444444444443,0.30590009689331055,Barbara Smith,Alexandra Dickinson,2248.597222222222,2021_05_21_ABI_S15,-1.0988278879623437
267,285,2232.5,2325.0555555555557,0.37431925535202026,Yevgenia Kozorovitskiy,Alexandra Dickinson,2278.777777777778,2021_05_21_ABI_S15,-0.44578049979434237
267,286,2232.5,2337.5,0.43331870436668396,Yevgenia Kozorovitskiy,Brad Smith,2285.0,2021_05_21_ABI_S15,0.11735761751572976
268,269,2236.166666666667,2238.9,0.32044270634651184,Yevgenia Kozorovitskiy,Barbara Smith,2237.5333333333338,2021_05_21_ABI_S15,-0.9600215457841986
269,278,2238.9,2283.833333333333,0.30112624168395996,Barbara Smith,Alexandra Dickinson,2261.366666666667,2021_05_21_ABI_S15,-1.1443933954340562
273,274,2246.1,2251.5,0.35394299030303955,Barbara Smith,Brad Smith,2248.8,2021_05_21_ABI_S15,-0.6402679353404289
273,281,2246.1,2301.5,0.307905912399292,Barbara Smith,Alexandra Dickinson,2273.8,2021_05_21_ABI_S15,-1.0796827741252806
275,278,2260.5,2283.833333333333,0.37069737911224365,Brad Smith,Alexandra Dickinson,2272.1666666666665,2021_05_21_ABI_S15,-0.4803505949538914
275,279,2260.5,2289.722222222222,0.31021684408187866,Brad Smith,Alexandra Dickinson,2275.1111111111113,2021_05_21_ABI_S15,-1.0576253864937348
275,280,2260.5,2295.6111111111113,0.34840238094329834,Brad Smith,Alexandra Dickinson,2278.0555555555557,2021_05_21_ABI_S15,-0.6931519601186901
275,287,2260.5,2351.0,0.43972206115722656,Brad Smith,Alexandra Dickinson,2305.75,2021_05_21_ABI_S15,0.17847639655033737
275,288,2260.5,2359.0,0.38867056369781494,Brad Smith,Alexandra Dickinson,2309.75,2021_05_21_ABI_S15,-0.308800088997989
277,293,2277.9444444444443,2390.25,0.3434419631958008,Alexandra Dickinson,Brad Smith,2334.097222222222,2021_05_21_ABI_S15,-0.7404981702621606
278,289,2283.833333333333,2365.166666666667,0.3664262890815735,Alexandra Dickinson,Brad Smith,2324.5,2021_05_21_ABI_S15,-0.5211173078453224
278,293,2283.833333333333,2390.25,0.3119519352912903,Alexandra Dickinson,Brad Smith,2337.0416666666665,2021_05_21_ABI_S15,-1.0410642827317917
283,292,2313.277777777778,2380.75,0.4442391097545624,Alexandra Dickinson,Brad Smith,2347.0138888888887,2021_05_21_ABI_S15,0.22159073550407196
284,292,2319.166666666667,2380.75,0.47210341691970825,Alexandra Dickinson,Brad Smith,2349.9583333333335,2021_05_21_ABI_S15,0.4875500578229949
285,290,2325.0555555555557,2369.5,0.3750811219215393,Alexandra Dickinson,Brad Smith,2347.277777777778,2021_05_21_ABI_S15,-0.4385086334843061
285,294,2325.0555555555557,2404.0,0.41673147678375244,Alexandra Dickinson,Brad Smith,2364.527777777778,2021_05_21_ABI_S15,-0.040964201898620545
285,295,2325.0555555555557,2422.0,0.37345850467681885,Alexandra Dickinson,Brad Smith,2373.527777777778,2021_05_21_ABI_S15,-0.4539961954118697
285,296,2325.0555555555557,2438.75,0.3753100037574768,Alexandra Dickinson,Luke Mortensen,2381.902777777778,2021_05_21_ABI_S15,-0.4363240014525005
286,287,2337.5,2351.0,0.47024261951446533,Brad Smith,Alexandra Dickinson,2344.25,2021_05_21_ABI_S15,0.4697891131873335
286,288,2337.5,2359.0,0.35647034645080566,Brad Smith,Alexandra Dickinson,2348.25,2021_05_21_ABI_S15,-0.6161448188267253
286,296,2337.5,2438.75,0.4321832060813904,Brad Smith,Luke Mortensen,2388.125,2021_05_21_ABI_S15,0.10651951008814828
287,297,2351.0,2454.25,0.33613157272338867,Alexandra Dickinson,Luke Mortensen,2402.625,2021_05_21_ABI_S15,-0.8102744070946853
289,299,2365.166666666667,2464.0,0.34248775243759155,Brad Smith,Luke Mortensen,2414.5833333333335,2021_05_21_ABI_S15,-0.7496059239593419
290,296,2369.5,2438.75,0.45126569271087646,Brad Smith,Luke Mortensen,2404.125,2021_05_21_ABI_S15,0.28865808550861694
292,296,2380.75,2438.75,0.4358155429363251,Brad Smith,Luke Mortensen,2409.75,2021_05_21_ABI_S15,0.1411894497585259
293,299,2390.25,2464.0,0.34144824743270874,Brad Smith,Luke Mortensen,2427.125,2021_05_21_ABI_S15,-0.7595277944371257
294,299,2404.0,2464.0,0.4587516784667969,Brad Smith,Luke Mortensen,2434.0,2021_05_21_ABI_S15,0.36011034472804254
295,299,2422.0,2464.0,0.3906170725822449,Brad Smith,Luke Mortensen,2443.0,2021_05_21_ABI_S15,-0.2902210451795838
296,302,2438.75,2484.0,0.35179275274276733,Luke Mortensen,Brad Smith,2461.375,2021_05_21_ABI_S15,-0.6607915292329778
296,306,2438.75,2505.0,0.41902029514312744,Luke Mortensen,Carolyn Bayer,2471.875,2021_05_21_ABI_S15,-0.01911788158056439
296,307,2438.75,2510.25,0.4076119065284729,Luke Mortensen,Carolyn Bayer,2474.5,2021_05_21_ABI_S15,-0.12800870333046716
296,309,2438.75,2519.75,0.5403405427932739,Luke Mortensen,Carolyn Bayer,2479.25,2021_05_21_ABI_S15,1.1388599808282007
296,311,2438.75,2529.5,0.36202600598335266,Luke Mortensen,Brad Smith,2484.125,2021_05_21_ABI_S15,-0.5631171431140811
296,312,2438.75,2534.75,0.3608735501766205,Luke Mortensen,Brad Smith,2486.75,2021_05_21_ABI_S15,-0.5741171067429773
296,313,2438.75,2542.25,0.32252007722854614,Luke Mortensen,Brad Smith,2490.5,2021_05_21_ABI_S15,-0.9401934499799004
296,314,2438.75,2552.0,0.3990424573421478,Luke Mortensen,Aniruddha Ray,2495.375,2021_05_21_ABI_S15,-0.20980240753899346
297,313,2454.25,2542.25,0.3668903112411499,Luke Mortensen,Brad Smith,2498.25,2021_05_21_ABI_S15,-0.5166883077495915
299,303,2464.0,2489.0,0.3007178008556366,Luke Mortensen,Brad Smith,2476.5,2021_05_21_ABI_S15,-1.148291882673105
299,313,2464.0,2542.25,0.3351042866706848,Luke Mortensen,Brad Smith,2503.125,2021_05_21_ABI_S15,-0.8200796500811879
299,317,2464.0,2568.25,0.3868926763534546,Luke Mortensen,Aniruddha Ray,2516.125,2021_05_21_ABI_S15,-0.32576967343671237
302,307,2484.0,2510.25,0.35206156969070435,Brad Smith,Carolyn Bayer,2497.125,2021_05_21_ABI_S15,-0.6582257244247894
302,315,2484.0,2559.25,0.47986456751823425,Brad Smith,Aniruddha Ray,2521.625,2021_05_21_ABI_S15,0.561628711254616
302,316,2484.0,2563.75,0.48297765851020813,Brad Smith,Aniruddha Ray,2523.875,2021_05_21_ABI_S15,0.5913425514601305
302,320,2484.0,2582.666666666667,0.48805320262908936,Brad Smith,Sixian You,2533.3333333333335,2021_05_21_ABI_S15,0.6397876201373074
302,322,2484.0,2601.333333333333,0.3958112597465515,Brad Smith,Sixian You,2542.6666666666665,2021_05_21_ABI_S15,-0.2406435520077951
303,315,2489.0,2559.25,0.4943018853664398,Brad Smith,Aniruddha Ray,2524.125,2021_05_21_ABI_S15,0.6994300658066713
306,311,2505.0,2529.5,0.3997189998626709,Carolyn Bayer,Brad Smith,2517.25,2021_05_21_ABI_S15,-0.20334494246685553
306,312,2505.0,2534.75,0.3376939594745636,Carolyn Bayer,Brad Smith,2519.875,2021_05_21_ABI_S15,-0.7953617333619498
306,314,2505.0,2552.0,0.44377583265304565,Carolyn Bayer,Aniruddha Ray,2528.5,2021_05_21_ABI_S15,0.21716884684073623
306,316,2505.0,2563.75,0.3442923426628113,Carolyn Bayer,Aniruddha Ray,2534.375,2021_05_21_ABI_S15,-0.7323814657835744
306,318,2505.0,2572.75,0.556612491607666,Carolyn Bayer,Aniruddha Ray,2538.875,2021_05_21_ABI_S15,1.294172526510198
306,322,2505.0,2601.333333333333,0.3779796361923218,Carolyn Bayer,Sixian You,2553.1666666666665,2021_05_21_ABI_S15,-0.4108428858086094
307,311,2510.25,2529.5,0.307783305644989,Carolyn Bayer,Brad Smith,2519.875,2021_05_21_ABI_S15,-1.0808530314402347
307,316,2510.25,2563.75,0.3978516459465027,Carolyn Bayer,Aniruddha Ray,2537.0,2021_05_21_ABI_S15,-0.22116846770759463
307,318,2510.25,2572.75,0.42620933055877686,Carolyn Bayer,Aniruddha Ray,2541.5,2021_05_21_ABI_S15,0.04950004514343011
307,320,2510.25,2582.666666666667,0.33466488122940063,Carolyn Bayer,Sixian You,2546.4583333333335,2021_05_21_ABI_S15,-0.8242736884505814
308,317,2514.75,2568.25,0.36097532510757446,Carolyn Bayer,Aniruddha Ray,2541.5,2021_05_21_ABI_S15,-0.573145685077793
309,311,2519.75,2529.5,0.30219367146492004,Carolyn Bayer,Brad Smith,2524.625,2021_05_21_ABI_S15,-1.1342049884701002
309,314,2519.75,2552.0,0.40379029512405396,Carolyn Bayer,Aniruddha Ray,2535.875,2021_05_21_ABI_S15,-0.16448523128652154
309,316,2519.75,2563.75,0.3313947319984436,Carolyn Bayer,Aniruddha Ray,2541.75,2021_05_21_ABI_S15,-0.8554866186050041
309,318,2519.75,2572.75,0.4840615391731262,Carolyn Bayer,Aniruddha Ray,2546.25,2021_05_21_ABI_S15,0.6016879788513724
310,323,2525.25,2610.5,0.33066391944885254,Carolyn Bayer,Brad Smith,2567.875,2021_05_21_ABI_S15,-0.8624620804128085
311,314,2529.5,2552.0,0.3714384436607361,Brad Smith,Aniruddha Ray,2540.75,2021_05_21_ABI_S15,-0.4732772798363291
311,316,2529.5,2563.75,0.46455493569374084,Brad Smith,Aniruddha Ray,2546.625,2021_05_21_ABI_S15,0.4155012916542598
311,319,2529.5,2577.5,0.47699427604675293,Brad Smith,Sixian You,2553.5,2021_05_21_ABI_S15,0.5342323446380495
311,320,2529.5,2582.666666666667,0.3255235254764557,Brad Smith,Sixian You,2556.0833333333335,2021_05_21_ABI_S15,-0.9115261281656637
311,321,2529.5,2592.0,0.4374333620071411,Brad Smith,Sixian You,2560.75,2021_05_21_ABI_S15,0.15663121406146444
311,322,2529.5,2601.333333333333,0.6310341954231262,Brad Smith,Sixian You,2565.4166666666665,2021_05_21_ABI_S15,2.004513027541485
312,314,2534.75,2552.0,0.4022671580314636,Brad Smith,Aniruddha Ray,2543.375,2021_05_21_ABI_S15,-0.17902327476067798
312,316,2534.75,2563.75,0.5004463791847229,Brad Smith,Aniruddha Ray,2549.25,2021_05_21_ABI_S15,0.7580780487698905
312,320,2534.75,2582.666666666667,0.3488995432853699,Brad Smith,Sixian You,2558.7083333333335,2021_05_21_ABI_S15,-0.6884066435100206
312,322,2534.75,2601.333333333333,0.47764521837234497,Brad Smith,Sixian You,2568.0416666666665,2021_05_21_ABI_S15,0.5404454608930883
313,315,2542.25,2559.25,0.4954412579536438,Brad Smith,Aniruddha Ray,2550.75,2021_05_21_ABI_S15,0.7103051526827079
313,316,2542.25,2563.75,0.3659794330596924,Brad Smith,Aniruddha Ray,2553.0,2021_05_21_ABI_S15,-0.5253824605386679
313,318,2542.25,2572.75,0.3122502565383911,Brad Smith,Aniruddha Ray,2557.5,2021_05_21_ABI_S15,-1.0382168652007535
313,320,2542.25,2582.666666666667,0.4567449688911438,Brad Smith,Sixian You,2562.4583333333335,2021_05_21_ABI_S15,0.34095669717210514
313,322,2542.25,2601.333333333333,0.43795692920684814,Brad Smith,Sixian You,2571.7916666666665,2021_05_21_ABI_S15,0.16162855983421978
313,333,2542.25,2652.5,0.31153565645217896,Brad Smith,Luke Mortensen,2597.375,2021_05_21_ABI_S15,-1.0450375822396383
314,322,2552.0,2601.333333333333,0.5447766184806824,Aniruddha Ray,Sixian You,2576.6666666666665,2021_05_21_ABI_S15,1.181201449309225
316,320,2563.75,2582.666666666667,0.4662303626537323,Aniruddha Ray,Sixian You,2573.2083333333335,2021_05_21_ABI_S15,0.4314929119099952
316,322,2563.75,2601.333333333333,0.3732913136482239,Aniruddha Ray,Sixian You,2582.5416666666665,2021_05_21_ABI_S15,-0.4555920008413527
316,340,2563.75,2679.5,0.3640673756599426,Aniruddha Ray,Sixian You,2621.625,2021_05_21_ABI_S15,-0.543632671723119
318,320,2572.75,2582.666666666667,0.353099524974823,Aniruddha Ray,Sixian You,2577.7083333333335,2021_05_21_ABI_S15,-0.6483186457263875
318,322,2572.75,2601.333333333333,0.3631923794746399,Aniruddha Ray,Sixian You,2587.0416666666665,2021_05_21_ABI_S15,-0.5519843379280426
318,329,2572.75,2643.5,0.32168319821357727,Aniruddha Ray,Carolyn Bayer,2608.125,2021_05_21_ABI_S15,-0.9481812953034855
318,340,2572.75,2679.5,0.37180590629577637,Aniruddha Ray,Sixian You,2626.125,2021_05_21_ABI_S15,-0.4697699213790162
318,341,2572.75,2684.0,0.3493924140930176,Aniruddha Ray,Carolyn Bayer,2628.375,2021_05_21_ABI_S15,-0.6837022887519475
320,341,2582.666666666667,2684.0,0.48157286643981934,Sixian You,Carolyn Bayer,2633.3333333333335,2021_05_21_ABI_S15,0.5779340879076277
322,341,2601.333333333333,2684.0,0.33115535974502563,Sixian You,Carolyn Bayer,2642.6666666666665,2021_05_21_ABI_S15,-0.8577713796049342
322,342,2601.333333333333,2691.375,0.3842455744743347,Sixian You,Brad Smith,2646.3541666666665,2021_05_21_ABI_S15,-0.3510357393649726
322,345,2601.333333333333,2711.625,0.3406711518764496,Sixian You,Brad Smith,2656.4791666666665,2021_05_21_ABI_S15,-0.7669450184253199
323,347,2610.5,2725.5,0.380880743265152,Brad Smith,Sixian You,2668.0,2021_05_21_ABI_S15,-0.38315239034817744
324,326,2616.25,2631.0,0.3725871443748474,Brad Smith,Carolyn Bayer,2623.625,2021_05_21_ABI_S15,-0.4623131578267047
324,327,2616.25,2634.5,0.4486923813819885,Brad Smith,Barbara Smith,2625.375,2021_05_21_ABI_S15,0.2640963358447774
324,329,2616.25,2643.5,0.43381839990615845,Brad Smith,Carolyn Bayer,2629.875,2021_05_21_ABI_S15,0.12212711299454287
324,332,2616.25,2651.5,0.359989196062088,Brad Smith,Carolyn Bayer,2633.875,2021_05_21_ABI_S15,-0.5825580925387847
324,340,2616.25,2679.5,0.42240580916404724,Brad Smith,Sixian You,2647.875,2021_05_21_ABI_S15,0.013196182765931194
325,326,2624.75,2631.0,0.35166382789611816,Brad Smith,Carolyn Bayer,2627.875,2021_05_21_ABI_S15,-0.6620220914946433
325,327,2624.75,2634.5,0.375899076461792,Brad Smith,Barbara Smith,2629.625,2021_05_21_ABI_S15,-0.4307014185435591
325,329,2624.75,2643.5,0.35299810767173767,Brad Smith,Carolyn Bayer,2634.125,2021_05_21_ABI_S15,-0.6492866539040223
325,330,2624.75,2647.0,0.3184660077095032,Brad Smith,Carolyn Bayer,2635.875,2021_05_21_ABI_S15,-0.9788887448432574
325,332,2624.75,2651.5,0.3208729326725006,Brad Smith,Carolyn Bayer,2638.125,2021_05_21_ABI_S15,-0.955915120261914
326,327,2631.0,2634.5,0.5278670191764832,Carolyn Bayer,Barbara Smith,2632.75,2021_05_21_ABI_S15,1.0198026553261192
326,339,2631.0,2672.0,0.5007327795028687,Carolyn Bayer,Brad Smith,2651.5,2021_05_21_ABI_S15,0.7608116833826055
326,340,2631.0,2679.5,0.5320214033126831,Carolyn Bayer,Sixian You,2655.25,2021_05_21_ABI_S15,1.0594554334471662
327,329,2634.5,2643.5,0.8533292412757874,Barbara Smith,Carolyn Bayer,2639.0,2021_05_21_ABI_S15,4.126275445656794
327,339,2634.5,2672.0,0.6159545183181763,Barbara Smith,Brad Smith,2653.25,2021_05_21_ABI_S15,1.8605804804355834
327,340,2634.5,2679.5,0.6065669059753418,Barbara Smith,Sixian You,2657.0,2021_05_21_ABI_S15,1.7709775700852395
328,347,2638.5,2725.5,0.42481476068496704,Carolyn Bayer,Sixian You,2682.0,2021_05_21_ABI_S15,0.03618915044338949
329,339,2643.5,2672.0,0.673302173614502,Carolyn Bayer,Brad Smith,2657.75,2021_05_21_ABI_S15,2.407952552125496
329,340,2643.5,2679.5,0.6346269845962524,Carolyn Bayer,Sixian You,2661.5,2021_05_21_ABI_S15,2.0388054923803254
329,344,2643.5,2704.875,0.32202377915382385,Carolyn Bayer,Brad Smith,2674.1875,2021_05_21_ABI_S15,-0.9449305173269914
329,346,2643.5,2718.5,0.33485478162765503,Carolyn Bayer,Sixian You,2681.0,2021_05_21_ABI_S15,-0.8224611265616927
330,350,2647.0,2748.5,0.32543623447418213,Carolyn Bayer,Brad Smith,2697.75,2021_05_21_ABI_S15,-0.9123593035850853
331,333,2649.5,2652.5,0.5048766136169434,Carolyn Bayer,Luke Mortensen,2651.0,2021_05_21_ABI_S15,0.8003637636209363
331,335,2649.5,2655.5,0.5051535964012146,Carolyn Bayer,Brad Smith,2652.5,2021_05_21_ABI_S15,0.803007509728176
332,351,2651.5,2758.0,0.3080863356590271,Carolyn Bayer,Aniruddha Ray,2704.75,2021_05_21_ABI_S15,-1.0779606696564588
333,335,2652.5,2655.5,0.6249716281890869,Luke Mortensen,Brad Smith,2654.0,2021_05_21_ABI_S15,1.946647017684442
333,336,2652.5,2661.0,0.7860990762710571,Luke Mortensen,Carolyn Bayer,2656.75,2021_05_21_ABI_S15,3.4845767657623496
333,337,2652.5,2663.0,0.6656985878944397,Luke Mortensen,Carolyn Bayer,2657.75,2021_05_21_ABI_S15,2.335377824416812
333,338,2652.5,2665.0,0.6341778039932251,Luke Mortensen,Carolyn Bayer,2658.75,2021_05_21_ABI_S15,2.0345181520179065
333,353,2652.5,2770.5,0.3012303411960602,Luke Mortensen,Brad Smith,2711.5,2021_05_21_ABI_S15,-1.1433997860997986
335,336,2655.5,2661.0,0.563861608505249,Brad Smith,Carolyn Bayer,2658.25,2021_05_21_ABI_S15,1.3633639191425415
335,337,2655.5,2663.0,0.5671151876449585,Brad Smith,Carolyn Bayer,2659.25,2021_05_21_ABI_S15,1.394418691040495
335,338,2655.5,2665.0,0.555327832698822,Brad Smith,Carolyn Bayer,2660.25,2021_05_21_ABI_S15,1.2819107103170975
336,348,2661.0,2731.5,0.3064202070236206,Carolyn Bayer,Brad Smith,2696.25,2021_05_21_ABI_S15,-1.0938635392359022
339,340,2672.0,2679.5,0.6701164245605469,Brad Smith,Sixian You,2675.75,2021_05_21_ABI_S15,2.3775452050328014
339,346,2672.0,2718.5,0.3718680739402771,Brad Smith,Sixian You,2695.25,2021_05_21_ABI_S15,-0.4691765434599606
340,344,2679.5,2704.875,0.3474276065826416,Sixian You,Brad Smith,2692.1875,2021_05_21_ABI_S15,-0.7024559893499789
341,344,2684.0,2704.875,0.36178046464920044,Carolyn Bayer,Brad Smith,2694.4375,2021_05_21_ABI_S15,-0.5654607867742435
341,346,2684.0,2718.5,0.4609869122505188,Carolyn Bayer,Sixian You,2701.25,2021_05_21_ABI_S15,0.3814452108282359
342,346,2691.375,2718.5,0.41396257281303406,Brad Smith,Sixian You,2704.9375,2021_05_21_ABI_S15,-0.06739284479484814
342,349,2691.375,2736.0,0.38545331358909607,Brad Smith,Sixian You,2713.6875,2021_05_21_ABI_S15,-0.3395081074523525
344,346,2704.875,2718.5,0.3741684556007385,Brad Smith,Sixian You,2711.6875,2021_05_21_ABI_S15,-0.447219853711131
345,346,2711.625,2718.5,0.31303471326828003,Brad Smith,Sixian You,2715.0625,2021_05_21_ABI_S15,-1.0307293802604947
347,369,2725.5,2832.5,0.5567556619644165,Sixian You,Brad Smith,2779.0,2021_05_21_ABI_S15,1.2955390593592597
352,353,2764.0,2770.5,0.40705209970474243,Aniruddha Ray,Brad Smith,2767.25,2021_05_21_ABI_S15,-0.13335194917492504
352,366,2764.0,2819.5,0.471380352973938,Aniruddha Ray,Brad Smith,2791.75,2021_05_21_ABI_S15,0.4806485549121006
352,367,2764.0,2821.833333333333,0.5241624116897583,Aniruddha Ray,Brad Smith,2792.9166666666665,2021_05_21_ABI_S15,0.9844429067134073
352,370,2764.0,2845.5,0.706920862197876,Aniruddha Ray,Brad Smith,2804.75,2021_05_21_ABI_S15,2.728836311405511
353,357,2770.5,2785.25,0.31723612546920776,Brad Smith,Andrew Feig,2777.875,2021_05_21_ABI_S15,-0.9906277285266628
353,368,2770.5,2824.0,0.4551665782928467,Brad Smith,Aniruddha Ray,2797.25,2021_05_21_ABI_S15,0.3258912698715207
353,372,2770.5,2866.5,0.3766331374645233,Brad Smith,Aniruddha Ray,2818.5,2021_05_21_ABI_S15,-0.4236949508905117
354,360,2776.0,2797.5,0.31505146622657776,Brad Smith,Aniruddha Ray,2786.75,2021_05_21_ABI_S15,-1.0114798705958699
356,360,2783.75,2797.5,0.34348374605178833,Andrew Feig,Aniruddha Ray,2790.625,2021_05_21_ABI_S15,-0.7400993611334378
357,364,2785.25,2810.0,0.559472918510437,Andrew Feig,Aniruddha Ray,2797.625,2021_05_21_ABI_S15,1.321474737761852
357,365,2785.25,2817.166666666667,0.5294836163520813,Andrew Feig,Brad Smith,2801.2083333333335,2021_05_21_ABI_S15,1.0352327568799298
359,360,2794.0,2797.5,0.3314669132232666,Brad Smith,Aniruddha Ray,2795.75,2021_05_21_ABI_S15,-0.8547976630345571
359,363,2794.0,2807.0,0.32260990142822266,Brad Smith,Barbara Smith,2800.5,2021_05_21_ABI_S15,-0.939336095690335
360,361,2797.5,2800.0,0.458026260137558,Aniruddha Ray,Barbara Smith,2798.75,2021_05_21_ABI_S15,0.3531863696907795
360,363,2797.5,2807.0,0.3986741304397583,Aniruddha Ray,Barbara Smith,2802.25,2021_05_21_ABI_S15,-0.21331801525788482
364,365,2810.0,2817.166666666667,0.6431702971458435,Aniruddha Ray,Brad Smith,2813.5833333333335,2021_05_21_ABI_S15,2.120349727540428
367,368,2821.833333333333,2824.0,0.6607553958892822,Brad Smith,Aniruddha Ray,2822.9166666666665,2021_05_21_ABI_S15,2.2881960305903184
368,370,2824.0,2845.5,0.3389482796192169,Aniruddha Ray,Brad Smith,2834.75,2021_05_21_ABI_S15,-0.7833894946959817
372,373,2866.5,2869.5,0.9081330299377441,Aniruddha Ray,Brad Smith,2868.0,2021_05_21_ABI_S15,4.6493668114911255
372,380,2866.5,2938.5,0.344692587852478,Aniruddha Ray,Yevgenia Kozorovitskiy,2902.5,2021_05_21_ABI_S15,-0.7285612043008727
372,381,2866.5,2943.5,0.452629953622818,Aniruddha Ray,Yevgenia Kozorovitskiy,2905.0,2021_05_21_ABI_S15,0.30167968713882076
372,382,2866.5,2948.5,0.4095112085342407,Aniruddha Ray,Yevgenia Kozorovitskiy,2907.5,2021_05_21_ABI_S15,-0.10988023986862186
372,383,2866.5,2958.0,0.41228556632995605,Aniruddha Ray,Brad Smith,2912.25,2021_05_21_ABI_S15,-0.08339954128726139
372,384,2866.5,2965.5,0.3574044108390808,Aniruddha Ray,Brad Smith,2916.0,2021_05_21_ABI_S15,-0.6072293582615103
372,386,2866.5,2971.5,0.3863338828086853,Aniruddha Ray,Brad Smith,2919.0,2021_05_21_ABI_S15,-0.33110324773311284
372,389,2866.5,2982.166666666667,0.4617041349411011,Aniruddha Ray,Carolyn Bayer,2924.3333333333335,2021_05_21_ABI_S15,0.38829096010915176
373,379,2869.5,2929.0,0.3346118927001953,Brad Smith,Aniruddha Ray,2899.25,2021_05_21_ABI_S15,-0.824779453522528
373,380,2869.5,2938.5,0.3434910774230957,Brad Smith,Yevgenia Kozorovitskiy,2904.0,2021_05_21_ABI_S15,-0.740029384638669
373,381,2869.5,2943.5,0.48213958740234375,Brad Smith,Yevgenia Kozorovitskiy,2906.5,2021_05_21_ABI_S15,0.583343327844713
373,382,2869.5,2948.5,0.3663601875305176,Brad Smith,Yevgenia Kozorovitskiy,2909.0,2021_05_21_ABI_S15,-0.5217482341274245
373,389,2869.5,2982.166666666667,0.47142550349235535,Brad Smith,Carolyn Bayer,2925.8333333333335,2021_05_21_ABI_S15,0.48107950771524977
373,390,2869.5,2988.5,0.35617902874946594,Brad Smith,Carolyn Bayer,2929.0,2021_05_21_ABI_S15,-0.6189253888932488
374,380,2879.5,2938.5,0.33975356817245483,Aniruddha Ray,Yevgenia Kozorovitskiy,2909.0,2021_05_21_ABI_S15,-0.7757031741059531
374,381,2879.5,2943.5,0.4234444499015808,Aniruddha Ray,Yevgenia Kozorovitskiy,2911.5,2021_05_21_ABI_S15,0.023109803982136596
374,382,2879.5,2948.5,0.30749595165252686,Aniruddha Ray,Yevgenia Kozorovitskiy,2914.0,2021_05_21_ABI_S15,-1.0835957686864157
375,377,2889.75,2905.0,0.32877111434936523,Brad Smith,Aniruddha Ray,2897.375,2021_05_21_ABI_S15,-0.8805285321841676
375,389,2889.75,2982.166666666667,0.30180177092552185,Brad Smith,Carolyn Bayer,2935.9583333333335,2021_05_21_ABI_S15,-1.1379456019099756
376,377,2895.25,2905.0,0.5972998738288879,Brad Smith,Aniruddha Ray,2900.125,2021_05_21_ABI_S15,1.6825255739537348
376,378,2895.25,2917.0,0.3498802185058594,Brad Smith,Aniruddha Ray,2906.125,2021_05_21_ABI_S15,-0.6790462917341618
377,381,2905.0,2943.5,0.37137874960899353,Aniruddha Ray,Yevgenia Kozorovitskiy,2924.25,2021_05_21_ABI_S15,-0.47384704779983255
377,382,2905.0,2948.5,0.31624317169189453,Aniruddha Ray,Yevgenia Kozorovitskiy,2926.75,2021_05_21_ABI_S15,-1.0001052767083947
378,380,2917.0,2938.5,0.3552689850330353,Aniruddha Ray,Yevgenia Kozorovitskiy,2927.75,2021_05_21_ABI_S15,-0.6276115768780426
378,381,2917.0,2943.5,0.36293572187423706,Aniruddha Ray,Yevgenia Kozorovitskiy,2930.25,2021_05_21_ABI_S15,-0.5544340841595412
378,382,2917.0,2948.5,0.3358670771121979,Aniruddha Ray,Yevgenia Kozorovitskiy,2932.75,2021_05_21_ABI_S15,-0.8127989655949815
379,381,2929.0,2943.5,0.5133935213088989,Aniruddha Ray,Yevgenia Kozorovitskiy,2936.25,2021_05_21_ABI_S15,0.881655969616953
379,382,2929.0,2948.5,0.41356489062309265,Aniruddha Ray,Yevgenia Kozorovitskiy,2938.75,2021_05_21_ABI_S15,-0.07118864295011039
380,389,2938.5,2982.166666666667,0.31258144974708557,Yevgenia Kozorovitskiy,Carolyn Bayer,2960.3333333333335,2021_05_21_ABI_S15,-1.035055691272439
381,383,2943.5,2958.0,0.4211164712905884,Yevgenia Kozorovitskiy,Brad Smith,2950.75,2021_05_21_ABI_S15,0.0008897067773887019
381,386,2943.5,2971.5,0.34282171726226807,Yevgenia Kozorovitskiy,Brad Smith,2957.5,2021_05_21_ABI_S15,-0.7464182955025171
381,391,2943.5,2994.833333333333,0.3216365873813629,Yevgenia Kozorovitskiy,Carolyn Bayer,2969.1666666666665,2021_05_21_ABI_S15,-0.9486261865141292
381,395,2943.5,3013.5,0.3059942126274109,Yevgenia Kozorovitskiy,Aniruddha Ray,2978.5,2021_05_21_ABI_S15,-1.097929571822182
381,396,2943.5,3018.5,0.3666122555732727,Yevgenia Kozorovitskiy,Aniruddha Ray,2981.0,2021_05_21_ABI_S15,-0.5193422943194803
382,383,2948.5,2958.0,0.4640084207057953,Yevgenia Kozorovitskiy,Brad Smith,2953.25,2021_05_21_ABI_S15,0.4102849137637323
382,386,2948.5,2971.5,0.38484397530555725,Yevgenia Kozorovitskiy,Brad Smith,2960.0,2021_05_21_ABI_S15,-0.34532412132244333
382,396,2948.5,3018.5,0.4359337389469147,Yevgenia Kozorovitskiy,Aniruddha Ray,2983.5,2021_05_21_ABI_S15,0.14231760739370053
383,389,2958.0,2982.166666666667,0.33076924085617065,Brad Smith,Carolyn Bayer,2970.0833333333335,2021_05_21_ABI_S15,-0.861456808329423
383,391,2958.0,2994.833333333333,0.33970749378204346,Brad Smith,Carolyn Bayer,2976.4166666666665,2021_05_21_ABI_S15,-0.7761429450852724
383,396,2958.0,3018.5,0.5270520448684692,Brad Smith,Aniruddha Ray,2988.25,2021_05_21_ABI_S15,1.012023886114953
384,389,2965.5,2982.166666666667,0.32806146144866943,Brad Smith,Carolyn Bayer,2973.8333333333335,2021_05_21_ABI_S15,-0.8873020293119482
384,396,2965.5,3018.5,0.4894562065601349,Brad Smith,Aniruddha Ray,2992.0,2021_05_21_ABI_S15,0.6531790162520617
386,389,2971.5,2982.166666666667,0.31292104721069336,Brad Smith,Carolyn Bayer,2976.8333333333335,2021_05_21_ABI_S15,-1.0318143003867064
386,396,2971.5,3018.5,0.5107311010360718,Brad Smith,Aniruddha Ray,2995.0,2021_05_21_ABI_S15,0.8562436926386475
387,402,2974.5,3062.0,0.30672118067741394,Brad Smith,Carolyn Bayer,3018.25,2021_05_21_ABI_S15,-1.0909908050055368
389,394,2982.166666666667,3010.5,0.3798117935657501,Carolyn Bayer,Aniruddha Ray,2996.3333333333335,2021_05_21_ABI_S15,-0.3933553046342196
389,395,2982.166666666667,3013.5,0.6538840532302856,Carolyn Bayer,Aniruddha Ray,2997.8333333333335,2021_05_21_ABI_S15,2.222610418639637
389,396,2982.166666666667,3018.5,0.5225462913513184,Carolyn Bayer,Aniruddha Ray,3000.3333333333335,2021_05_21_ABI_S15,0.9690173564763298
389,397,2982.166666666667,3023.0,0.6049010753631592,Carolyn Bayer,Aniruddha Ray,3002.5833333333335,2021_05_21_ABI_S15,1.7550775450787541
390,394,2988.5,3010.5,0.3327319920063019,Carolyn Bayer,Aniruddha Ray,2999.5,2021_05_21_ABI_S15,-0.8427227352848023
390,395,2988.5,3013.5,0.5349422693252563,Carolyn Bayer,Aniruddha Ray,3001.0,2021_05_21_ABI_S15,1.0873345240947188
390,396,2988.5,3018.5,0.4349623918533325,Carolyn Bayer,Aniruddha Ray,3003.5,2021_05_21_ABI_S15,0.13304629075142965
390,397,2988.5,3023.0,0.44776293635368347,Carolyn Bayer,Aniruddha Ray,3005.75,2021_05_21_ABI_S15,0.25522496616041257
391,394,2994.833333333333,3010.5,0.30458128452301025,Carolyn Bayer,Aniruddha Ray,3002.6666666666665,2021_05_21_ABI_S15,-1.1114156922164404
391,395,2994.833333333333,3013.5,0.6252614259719849,Carolyn Bayer,Aniruddha Ray,3004.1666666666665,2021_05_21_ABI_S15,1.9494130804288792
391,396,2994.833333333333,3018.5,0.5091292262077332,Carolyn Bayer,Aniruddha Ray,3006.6666666666665,2021_05_21_ABI_S15,0.8409541129889663
391,397,2994.833333333333,3023.0,0.47174617648124695,Carolyn Bayer,Aniruddha Ray,3008.9166666666665,2021_05_21_ABI_S15,0.4841402682181441
396,411,3018.5,3137.8,0.495205819606781,Aniruddha Ray,Luke Mortensen,3078.15,2021_05_21_ABI_S15,0.7080579400458245
397,411,3023.0,3137.8,0.4569143056869507,Aniruddha Ray,Luke Mortensen,3080.4,2021_05_21_ABI_S15,0.3425729835268863
398,401,3029.5,3056.0,0.35553526878356934,Aniruddha Ray,Carolyn Bayer,3042.75,2021_05_21_ABI_S15,-0.6250699509399978
398,402,3029.5,3062.0,0.32746708393096924,Aniruddha Ray,Carolyn Bayer,3045.75,2021_05_21_ABI_S15,-0.8929752456195434
399,400,3032.5,3038.5,0.3030727803707123,Brad Smith,Aniruddha Ray,3035.5,2021_05_21_ABI_S15,-1.125814067158355
402,414,3062.0,3154.6000000000004,0.31592220067977905,Carolyn Bayer,Luke Mortensen,3108.3,2021_05_21_ABI_S15,-1.003168881784247
403,406,3068.5,3106.0,0.491462767124176,Brad Smith,Yevgenia Kozorovitskiy,3087.25,2021_05_21_ABI_S15,0.67233124152152
404,406,3073.5,3106.0,0.4975442588329315,Brad Smith,Yevgenia Kozorovitskiy,3089.75,2021_05_21_ABI_S15,0.730377881761401
408,419,3115.5,3184.0,0.3189980387687683,Brad Smith,Barbara Smith,3149.75,2021_05_21_ABI_S15,-0.9738106131984925
413,424,3149.0,3199.6923076923076,0.3296602666378021,Luke Mortensen,Barbara Smith,3174.346153846154,2021_05_21_ABI_S15,-0.8720417487637353
413,426,3149.0,3218.4615384615386,0.3263438045978546,Luke Mortensen,Barbara Smith,3183.7307692307695,2021_05_21_ABI_S15,-0.9036967255558437
413,428,3149.0,3237.2307692307695,0.31439802050590515,Luke Mortensen,Barbara Smith,3193.1153846153848,2021_05_21_ABI_S15,-1.0177168812637567
416,432,3166.333333333333,3274.7692307692305,0.32018351554870605,Brad Smith,Barbara Smith,3220.5512820512818,2021_05_21_ABI_S15,-0.962495470885841
420,424,3188.75,3199.6923076923076,0.5297574996948242,Brad Smith,Barbara Smith,3194.221153846154,2021_05_21_ABI_S15,1.0378469194284055
420,425,3188.75,3209.076923076923,0.5744985342025757,Brad Smith,Barbara Smith,3198.9134615384614,2021_05_21_ABI_S15,1.4648912793331579
420,426,3188.75,3218.4615384615386,0.3774445652961731,Brad Smith,Barbara Smith,3203.6057692307695,2021_05_21_ABI_S15,-0.41595003209754666
420,427,3188.75,3227.846153846154,0.6169841289520264,Brad Smith,Barbara Smith,3208.298076923077,2021_05_21_ABI_S15,1.870407911091159
420,428,3188.75,3237.2307692307695,0.45285946130752563,Brad Smith,Barbara Smith,3212.9903846153848,2021_05_21_ABI_S15,0.30387029277383837
420,429,3188.75,3246.6153846153848,0.5046747922897339,Brad Smith,Barbara Smith,3217.6826923076924,2021_05_21_ABI_S15,0.7984374188137243
420,430,3188.75,3256.0,0.4438989758491516,Brad Smith,Barbara Smith,3222.375,2021_05_21_ABI_S15,0.21834422438701498
420,431,3188.75,3265.3846153846152,0.5093741416931152,Brad Smith,Barbara Smith,3227.0673076923076,2021_05_21_ABI_S15,0.8432917830459166
420,434,3188.75,3293.5384615384614,0.49784305691719055,Brad Smith,Barbara Smith,3241.1442307692305,2021_05_21_ABI_S15,0.7332298506091722
422,424,3191.75,3199.6923076923076,0.47846025228500366,Brad Smith,Barbara Smith,3195.721153846154,2021_05_21_ABI_S15,0.5482247990188461
422,425,3191.75,3209.076923076923,0.5255565643310547,Brad Smith,Barbara Smith,3200.4134615384614,2021_05_21_ABI_S15,0.9977498190113065
422,426,3191.75,3218.4615384615386,0.3581855297088623,Brad Smith,Barbara Smith,3205.1057692307695,2021_05_21_ABI_S15,-0.599773732538382
422,427,3191.75,3227.846153846154,0.5164695978164673,Brad Smith,Barbara Smith,3209.798076923077,2021_05_21_ABI_S15,0.911016513861074
422,429,3191.75,3246.6153846153848,0.36519479751586914,Brad Smith,Barbara Smith,3219.1826923076924,2021_05_21_ABI_S15,-0.5328716522227015
422,430,3191.75,3256.0,0.3744310140609741,Brad Smith,Barbara Smith,3223.875,2021_05_21_ABI_S15,-0.4447137849350623
422,431,3191.75,3265.3846153846152,0.46286582946777344,Brad Smith,Barbara Smith,3228.5673076923076,2021_05_21_ABI_S15,0.3993791054997485
422,434,3191.75,3293.5384615384614,0.44720059633255005,Brad Smith,Barbara Smith,3242.6442307692305,2021_05_21_ABI_S15,0.249857541445811
423,424,3193.25,3199.6923076923076,0.5471168756484985,Brad Smith,Barbara Smith,3196.471153846154,2021_05_21_ABI_S15,1.2035387429198459
423,425,3193.25,3209.076923076923,0.42643290758132935,Brad Smith,Barbara Smith,3201.1634615384614,2021_05_21_ABI_S15,0.051634043776581894
423,427,3193.25,3227.846153846154,0.44526463747024536,Brad Smith,Barbara Smith,3210.548076923077,2021_05_21_ABI_S15,0.23137919551012182
423,429,3193.25,3246.6153846153848,0.3418526351451874,Brad Smith,Barbara Smith,3219.9326923076924,2021_05_21_ABI_S15,-0.7556679933903067
423,430,3193.25,3256.0,0.3097156286239624,Brad Smith,Barbara Smith,3224.625,2021_05_21_ABI_S15,-1.0624093892946342
423,431,3193.25,3265.3846153846152,0.39452892541885376,Brad Smith,Barbara Smith,3229.3173076923076,2021_05_21_ABI_S15,-0.2528831805318227
423,433,3193.25,3284.153846153846,0.3125460743904114,Brad Smith,Barbara Smith,3238.701923076923,2021_05_21_ABI_S15,-1.035393342082563
423,434,3193.25,3293.5384615384614,0.44985032081604004,Brad Smith,Barbara Smith,3243.3942307692305,2021_05_21_ABI_S15,0.2751486396161023
445,450,3396.7692307692305,3440.583333333333,0.4281202554702759,Barbara Smith,Brad Smith,3418.6762820512818,2021_05_21_ABI_S15,0.06773944695064053
